timestamp,temp_motor,corriente,vibracion,presion,rpm
2025-01-01 00:00:00,69.6,10.01,0.0213,4.57,1519.0
2025-01-01 00:01:00,70.03,10.16,0.025,4.49,1484.0
2025-01-01 00:02:00,70.39,10.16,0.0277,4.5,1515.0
2025-01-01 00:03:00,70.08,9.86,0.0208,4.59,1500.0
2025-01-01 00:04:00,69.95,9.91,0.0272,4.43,1520.0
2025-01-01 00:05:00,70.68,9.63,0.0215,4.54,1490.0
2025-01-01 00:06:00,69.77,10.07,0.0239,4.51,1499.0
2025-01-01 00:07:00,69.92,9.82,0.0224,4.45,1483.0
2025-01-01 00:08:00,70.29,9.57,0.028,4.47,1495.0
2025-01-01 00:09:00,69.65,10.25,0.0236,4.45,1473.0
2025-01-01 00:10:00,70.28,10.15,0.0273,4.5,1483.0
2025-01-01 00:11:00,70.28,10.22,0.026,4.48,1509.0
2025-01-01 00:12:00,69.87,9.59,0.0222,4.56,1496.0
2025-01-01 00:13:00,70.15,9.75,0.0279,4.57,1477.0
2025-01-01 00:14:00,69.88,10.37,0.0245,4.51,1519.0
2025-01-01 00:15:00,69.43,10.26,0.0207,4.61,1502.0
2025-01-01 00:16:00,69.53,10.08,0.0246,4.48,1503.0
2025-01-01 00:17:00,69.96,9.81,0.0262,4.48,1487.0
2025-01-01 00:18:00,69.91,10.11,0.0235,4.5,1492.0
2025-01-01 00:19:00,70.2,9.82,0.025,4.46,1508.0
2025-01-01 00:20:00,70.14,9.82,0.0213,4.52,1496.0
2025-01-01 00:21:00,70.24,9.91,0.0307,4.48,1503.0
2025-01-01 00:22:00,70.05,10.18,0.0255,4.55,1499.0
2025-01-01 00:23:00,69.97,10.0,0.0272,4.49,1519.0
2025-01-01 00:24:00,70.27,9.93,0.0164,4.62,1485.0
2025-01-01 00:25:00,69.56,9.82,0.0223,4.52,1505.0
2025-01-01 00:26:00,70.58,9.48,0.0252,4.42,1484.0
2025-01-01 00:27:00,70.27,10.21,0.0201,4.58,1517.0
2025-01-01 00:28:00,69.94,9.8,0.0232,4.55,1496.0
2025-01-01 00:29:00,69.74,9.87,0.0211,4.42,1514.0
2025-01-01 00:30:00,69.8,9.91,0.0263,4.53,1527.0
2025-01-01 00:31:00,69.88,9.8,0.0202,4.46,1507.0
2025-01-01 00:32:00,69.73,9.78,0.0226,4.49,1478.0
2025-01-01 00:33:00,70.28,10.33,0.0222,4.44,1506.0
2025-01-01 00:34:00,69.7,10.08,0.023,4.46,1484.0
2025-01-01 00:35:00,70.01,9.88,0.0306,4.47,1499.0
2025-01-01 00:36:00,70.65,10.0,0.024,4.48,1503.0
2025-01-01 00:37:00,69.98,10.34,0.0268,4.43,1486.0
2025-01-01 00:38:00,70.17,9.91,0.0235,4.42,1486.0
2025-01-01 00:39:00,70.17,10.21,0.0254,4.43,1496.0
2025-01-01 00:40:00,69.87,9.73,0.0235,4.48,1505.0
2025-01-01 00:41:00,69.72,9.85,0.0262,4.53,1513.0
2025-01-01 00:42:00,70.15,9.81,0.0209,4.56,1470.0
2025-01-01 00:43:00,69.9,9.91,0.0264,4.46,1493.0
2025-01-01 00:44:00,70.15,9.83,0.0267,4.51,1536.0
2025-01-01 00:45:00,70.29,10.33,0.0254,4.48,1510.0
2025-01-01 00:46:00,69.98,9.63,0.0257,4.53,1518.0
2025-01-01 00:47:00,69.93,10.22,0.0249,4.52,1495.0
2025-01-01 00:48:00,69.71,10.11,0.028,4.51,1500.0
2025-01-01 00:49:00,70.16,9.9,0.0266,4.47,1477.0
2025-01-01 00:50:00,70.17,10.08,0.0232,4.57,1516.0
2025-01-01 00:51:00,69.71,10.22,0.0247,4.59,1503.0
2025-01-01 00:52:00,69.77,10.02,0.0289,4.52,1491.0
2025-01-01 00:53:00,70.09,9.8,0.0274,3.48,1207.0
2025-01-01 00:54:00,70.21,9.74,0.0292,4.62,1482.0
2025-01-01 00:55:00,69.69,9.84,0.0299,4.56,1498.0
2025-01-01 00:56:00,69.55,10.1,0.0225,4.49,1501.0
2025-01-01 00:57:00,69.73,10.29,0.0209,4.45,1502.0
2025-01-01 00:58:00,69.83,10.13,0.0267,4.55,1478.0
2025-01-01 00:59:00,69.83,9.87,0.0264,4.51,1495.0
2025-01-01 01:00:00,85.15,13.1,0.2273,4.52,1506.0
2025-01-01 01:01:00,69.4,10.13,0.0218,4.55,1530.0
2025-01-01 01:02:00,69.65,10.17,0.0282,4.52,1507.0
2025-01-01 01:03:00,69.89,9.7,0.0298,4.58,1496.0
2025-01-01 01:04:00,70.57,9.77,0.0208,4.56,1491.0
2025-01-01 01:05:00,69.7,10.37,0.0238,4.55,1512.0
2025-01-01 01:06:00,69.77,9.71,0.0267,4.54,1505.0
2025-01-01 01:07:00,69.6,9.98,0.0216,4.43,1504.0
2025-01-01 01:08:00,69.91,9.89,0.0175,4.59,1501.0
2025-01-01 01:09:00,69.84,10.32,0.0237,4.44,1498.0
2025-01-01 01:10:00,70.02,10.03,0.0261,4.5,1495.0
2025-01-01 01:11:00,70.27,10.03,0.0251,4.47,1505.0
2025-01-01 01:12:00,69.82,9.8,0.0251,4.53,1506.0
2025-01-01 01:13:00,70.21,9.88,0.0228,4.54,1493.0
2025-01-01 01:14:00,69.75,10.08,0.0224,4.54,1496.0
2025-01-01 01:15:00,69.91,10.21,0.027,4.48,1488.0
2025-01-01 01:16:00,70.13,10.21,0.035,4.53,1511.0
2025-01-01 01:17:00,69.59,10.43,0.0281,4.49,1491.0
2025-01-01 01:18:00,69.73,10.14,0.0237,4.5,1505.0
2025-01-01 01:19:00,69.84,10.37,0.0222,4.47,1493.0
2025-01-01 01:20:00,70.04,10.08,0.0247,4.47,1489.0
2025-01-01 01:21:00,70.14,9.88,0.0232,4.52,1502.0
2025-01-01 01:22:00,69.97,10.14,0.0304,4.51,1491.0
2025-01-01 01:23:00,69.65,10.11,0.0236,4.47,1535.0
2025-01-01 01:24:00,69.84,9.85,0.0208,4.5,1510.0
2025-01-01 01:25:00,70.21,9.89,0.0213,4.55,1498.0
2025-01-01 01:26:00,69.63,9.67,0.0217,4.48,1497.0
2025-01-01 01:27:00,70.0,10.14,0.0267,4.56,1495.0
2025-01-01 01:28:00,69.98,10.03,0.0294,4.54,1510.0
2025-01-01 01:29:00,69.84,9.95,0.0279,4.48,1509.0
2025-01-01 01:30:00,69.72,10.12,0.0246,4.5,1495.0
2025-01-01 01:31:00,69.85,9.68,0.0271,4.48,1507.0
2025-01-01 01:32:00,70.01,9.76,0.0244,4.53,1492.0
2025-01-01 01:33:00,69.71,9.98,0.0239,4.5,1524.0
2025-01-01 01:34:00,70.18,9.98,0.0244,4.48,1511.0
2025-01-01 01:35:00,70.03,10.11,0.0259,4.5,1497.0
2025-01-01 01:36:00,69.66,9.89,0.0192,4.48,1490.0
2025-01-01 01:37:00,69.51,9.86,0.0227,4.53,1493.0
2025-01-01 01:38:00,69.77,9.68,0.0234,4.55,1534.0
2025-01-01 01:39:00,70.09,10.13,0.0257,4.53,1505.0
2025-01-01 01:40:00,70.23,10.04,0.0276,4.46,1470.0
2025-01-01 01:41:00,69.81,9.85,0.026,4.51,1497.0
2025-01-01 01:42:00,69.79,10.04,0.0267,4.58,1504.0
2025-01-01 01:43:00,70.04,9.98,0.0263,4.47,1526.0
2025-01-01 01:44:00,69.87,9.91,0.0259,4.47,1519.0
2025-01-01 01:45:00,70.57,10.25,0.0217,4.49,1493.0
2025-01-01 01:46:00,69.57,9.84,0.0265,4.47,1516.0
2025-01-01 01:47:00,69.98,9.54,0.0249,4.51,1479.0
2025-01-01 01:48:00,69.57,9.88,0.0248,4.44,1493.0
2025-01-01 01:49:00,70.1,10.42,0.0257,4.47,1488.0
2025-01-01 01:50:00,70.11,10.08,0.0242,4.37,1505.0
2025-01-01 01:51:00,70.04,10.24,0.0244,4.48,1496.0
2025-01-01 01:52:00,70.08,10.14,0.0288,4.44,1486.0
2025-01-01 01:53:00,69.42,9.82,0.0237,4.44,1495.0
2025-01-01 01:54:00,69.63,9.61,0.026,4.51,1513.0
2025-01-01 01:55:00,69.52,9.94,0.0222,4.38,1494.0
2025-01-01 01:56:00,70.0,9.66,0.0324,4.49,1486.0
2025-01-01 01:57:00,70.11,9.93,0.026,4.56,1511.0
2025-01-01 01:58:00,70.04,10.09,0.0232,4.51,1494.0
2025-01-01 01:59:00,70.72,10.15,0.0202,4.55,1509.0
2025-01-01 02:00:00,70.21,9.93,0.0222,4.61,1477.0
2025-01-01 02:01:00,70.02,10.23,0.0271,4.56,1510.0
2025-01-01 02:02:00,70.01,10.23,0.0228,4.52,1489.0
2025-01-01 02:03:00,70.03,9.86,0.0265,4.39,1505.0
2025-01-01 02:04:00,69.64,10.31,0.0303,4.59,1468.0
2025-01-01 02:05:00,69.69,9.87,0.0208,4.58,1474.0
2025-01-01 02:06:00,70.19,9.82,0.028,4.47,1500.0
2025-01-01 02:07:00,70.39,10.12,0.0261,4.51,1502.0
2025-01-01 02:08:00,70.01,10.08,0.023,4.54,1499.0
2025-01-01 02:09:00,69.69,9.81,0.0248,4.46,1496.0
2025-01-01 02:10:00,69.64,9.99,0.0324,4.54,1513.0
2025-01-01 02:11:00,69.87,10.22,0.023,4.52,1491.0
2025-01-01 02:12:00,70.05,10.08,0.0257,4.42,1508.0
2025-01-01 02:13:00,69.84,10.25,0.0261,4.48,1525.0
2025-01-01 02:14:00,69.89,9.68,0.0268,4.52,1504.0
2025-01-01 02:15:00,70.16,10.19,0.0213,4.54,1516.0
2025-01-01 02:16:00,69.76,9.95,0.02,4.53,1521.0
2025-01-01 02:17:00,69.99,9.77,0.0238,4.49,1494.0
2025-01-01 02:18:00,69.76,9.96,0.0258,4.49,1505.0
2025-01-01 02:19:00,70.22,9.99,0.0232,4.5,1506.0
2025-01-01 02:20:00,70.13,9.75,0.0216,3.46,1200.0
2025-01-01 02:21:00,69.64,10.03,0.0205,4.6,1512.0
2025-01-01 02:22:00,70.49,9.8,0.0255,4.46,1494.0
2025-01-01 02:23:00,70.62,9.91,0.0187,4.48,1495.0
2025-01-01 02:24:00,69.88,10.22,0.0216,4.47,1501.0
2025-01-01 02:25:00,69.76,10.33,0.0239,4.49,1487.0
2025-01-01 02:26:00,70.32,9.65,0.0239,4.44,1501.0
2025-01-01 02:27:00,70.0,9.98,0.0245,4.52,1504.0
2025-01-01 02:28:00,70.15,10.2,0.0263,4.44,1513.0
2025-01-01 02:29:00,70.2,9.77,0.0255,4.51,1476.0
2025-01-01 02:30:00,69.69,9.98,0.0288,4.47,1472.0
2025-01-01 02:31:00,70.19,9.74,0.024,4.53,1493.0
2025-01-01 02:32:00,70.16,10.31,0.0322,4.39,1506.0
2025-01-01 02:33:00,69.97,10.1,0.0283,4.47,1514.0
2025-01-01 02:34:00,70.25,9.62,0.024,4.56,1503.0
2025-01-01 02:35:00,70.19,9.98,0.022,4.55,1511.0
2025-01-01 02:36:00,69.62,9.67,0.0269,4.57,1515.0
2025-01-01 02:37:00,69.63,9.75,0.0222,4.51,1504.0
2025-01-01 02:38:00,69.45,10.13,0.0243,4.49,1487.0
2025-01-01 02:39:00,69.74,9.89,0.0245,4.5,1503.0
2025-01-01 02:40:00,69.95,9.92,0.0231,4.44,1503.0
2025-01-01 02:41:00,69.8,9.9,0.0244,4.5,1492.0
2025-01-01 02:42:00,69.63,10.07,0.0246,4.56,1509.0
2025-01-01 02:43:00,70.51,10.33,0.0222,4.5,1484.0
2025-01-01 02:44:00,70.04,9.73,0.0273,4.48,1499.0
2025-01-01 02:45:00,70.33,9.82,0.0257,4.54,1508.0
2025-01-01 02:46:00,70.07,9.93,0.0245,4.53,1497.0
2025-01-01 02:47:00,69.89,9.95,0.0205,4.56,1473.0
2025-01-01 02:48:00,70.01,10.18,0.0229,4.51,1483.0
2025-01-01 02:49:00,69.65,10.1,0.0227,4.45,1499.0
2025-01-01 02:50:00,70.04,9.69,0.0239,4.48,1492.0
2025-01-01 02:51:00,70.11,10.21,0.0227,4.43,1494.0
2025-01-01 02:52:00,69.92,9.88,0.0257,4.54,1498.0
2025-01-01 02:53:00,69.86,9.77,0.0254,4.49,1492.0
2025-01-01 02:54:00,69.89,9.76,0.0203,4.58,1512.0
2025-01-01 02:55:00,70.27,9.73,0.0308,4.48,1510.0
2025-01-01 02:56:00,70.16,10.4,0.0252,4.48,1503.0
2025-01-01 02:57:00,70.22,9.91,0.0246,4.45,1509.0
2025-01-01 02:58:00,70.02,9.82,0.0274,4.52,1528.0
2025-01-01 02:59:00,69.74,10.2,0.0257,4.5,1485.0
2025-01-01 03:00:00,69.88,10.24,0.0222,4.51,1494.0
2025-01-01 03:01:00,70.44,9.73,0.0247,4.54,1512.0
2025-01-01 03:02:00,69.85,9.79,0.0222,4.5,1501.0
2025-01-01 03:03:00,69.72,10.05,0.0246,4.43,1524.0
2025-01-01 03:04:00,70.1,9.96,0.0228,4.44,1496.0
2025-01-01 03:05:00,70.07,10.03,0.0274,4.49,1480.0
2025-01-01 03:06:00,70.05,10.12,0.03,4.45,1510.0
2025-01-01 03:07:00,70.14,9.7,0.0273,4.5,1498.0
2025-01-01 03:08:00,69.97,9.77,0.033,4.4,1511.0
2025-01-01 03:09:00,70.48,10.06,0.0241,4.52,1509.0
2025-01-01 03:10:00,69.9,10.41,0.0313,4.44,1504.0
2025-01-01 03:11:00,70.15,10.05,0.0286,4.53,1505.0
2025-01-01 03:12:00,70.03,9.95,0.0239,4.61,1520.0
2025-01-01 03:13:00,69.69,10.2,0.0268,4.55,1486.0
2025-01-01 03:14:00,70.41,9.9,0.0265,4.59,1486.0
2025-01-01 03:15:00,70.02,10.01,0.0273,4.46,1512.0
2025-01-01 03:16:00,69.82,10.05,0.028,4.54,1496.0
2025-01-01 03:17:00,69.54,10.13,0.0316,4.51,1481.0
2025-01-01 03:18:00,69.88,9.64,0.0252,4.5,1479.0
2025-01-01 03:19:00,69.95,10.25,0.0228,4.5,1507.0
2025-01-01 03:20:00,70.25,9.87,0.0244,4.47,1508.0
2025-01-01 03:21:00,70.6,10.01,0.0222,4.49,1495.0
2025-01-01 03:22:00,69.73,10.21,0.0311,4.55,1473.0
2025-01-01 03:23:00,69.46,10.1,0.021,4.48,1498.0
2025-01-01 03:24:00,69.29,10.19,0.0241,4.48,1527.0
2025-01-01 03:25:00,70.21,10.03,0.0245,4.55,1475.0
2025-01-01 03:26:00,70.22,10.06,0.03,4.53,1497.0
2025-01-01 03:27:00,70.06,9.63,0.0226,4.43,1480.0
2025-01-01 03:28:00,69.52,9.87,0.0293,4.47,1487.0
2025-01-01 03:29:00,70.05,9.82,0.0259,4.48,1498.0
2025-01-01 03:30:00,70.23,9.95,0.0233,4.55,1506.0
2025-01-01 03:31:00,70.39,9.8,0.0264,4.52,1505.0
2025-01-01 03:32:00,69.89,10.1,0.0235,4.57,1481.0
2025-01-01 03:33:00,70.09,9.99,0.0253,4.47,1502.0
2025-01-01 03:34:00,70.34,9.91,0.0245,4.51,1489.0
2025-01-01 03:35:00,70.16,10.06,0.021,4.55,1507.0
2025-01-01 03:36:00,69.73,10.17,0.0228,4.54,1525.0
2025-01-01 03:37:00,70.43,10.35,0.0232,4.57,1482.0
2025-01-01 03:38:00,70.05,10.16,0.0188,4.49,1495.0
2025-01-01 03:39:00,70.19,10.08,0.0259,4.47,1487.0
2025-01-01 03:40:00,69.49,10.07,0.0282,4.54,1489.0
2025-01-01 03:41:00,69.69,10.01,0.0291,4.51,1532.0
2025-01-01 03:42:00,69.97,10.17,0.0197,4.53,1499.0
2025-01-01 03:43:00,70.05,10.17,0.024,4.53,1517.0
2025-01-01 03:44:00,70.65,9.66,0.0281,4.5,1500.0
2025-01-01 03:45:00,69.96,10.45,0.0249,4.52,1478.0
2025-01-01 03:46:00,69.79,9.81,0.0256,4.55,1474.0
2025-01-01 03:47:00,69.96,9.85,0.0235,4.53,1484.0
2025-01-01 03:48:00,84.6,13.46,0.2244,4.53,1490.0
2025-01-01 03:49:00,69.76,9.6,0.0276,4.56,1517.0
2025-01-01 03:50:00,69.82,9.73,0.022,4.54,1501.0
2025-01-01 03:51:00,70.58,9.72,0.0294,4.43,1501.0
2025-01-01 03:52:00,69.83,10.26,0.0258,4.55,1479.0
2025-01-01 03:53:00,69.82,10.17,0.0262,4.48,1483.0
2025-01-01 03:54:00,70.1,9.61,0.0288,4.43,1502.0
2025-01-01 03:55:00,70.18,9.77,0.0248,4.57,1473.0
2025-01-01 03:56:00,69.8,10.08,0.0278,4.57,1512.0
2025-01-01 03:57:00,70.06,10.42,0.0287,4.54,1507.0
2025-01-01 03:58:00,70.04,10.43,0.0292,4.52,1512.0
2025-01-01 03:59:00,70.0,10.27,0.0244,4.4,1494.0
2025-01-01 04:00:00,69.91,9.99,0.0265,4.37,1497.0
2025-01-01 04:01:00,70.27,9.68,0.0269,4.45,1509.0
2025-01-01 04:02:00,69.8,10.02,0.0277,4.5,1488.0
2025-01-01 04:03:00,70.16,9.92,0.0249,4.44,1524.0
2025-01-01 04:04:00,69.44,9.83,0.0206,4.5,1499.0
2025-01-01 04:05:00,70.15,9.9,0.0271,4.56,1511.0
2025-01-01 04:06:00,69.15,10.13,0.0241,4.57,1495.0
2025-01-01 04:07:00,69.92,10.04,0.0267,4.47,1486.0
2025-01-01 04:08:00,70.11,9.98,0.026,4.53,1509.0
2025-01-01 04:09:00,70.49,10.05,0.0282,4.48,1512.0
2025-01-01 04:10:00,69.66,10.27,0.0229,4.52,1503.0
2025-01-01 04:11:00,69.78,9.92,0.0234,4.49,1499.0
2025-01-01 04:12:00,70.36,9.85,0.0254,4.43,1501.0
2025-01-01 04:13:00,70.16,9.9,0.0258,4.51,1479.0
2025-01-01 04:14:00,69.82,9.76,0.0224,4.41,1510.0
2025-01-01 04:15:00,69.94,9.99,0.0291,4.56,1492.0
2025-01-01 04:16:00,69.2,9.81,0.0252,4.53,1517.0
2025-01-01 04:17:00,70.39,10.09,0.0232,4.45,1508.0
2025-01-01 04:18:00,70.22,9.76,0.0227,4.53,1491.0
2025-01-01 04:19:00,70.06,10.06,0.0229,4.58,1489.0
2025-01-01 04:20:00,70.31,10.01,0.026,4.47,1510.0
2025-01-01 04:21:00,70.11,9.46,0.0273,4.43,1519.0
2025-01-01 04:22:00,69.31,10.19,0.0286,4.5,1496.0
2025-01-01 04:23:00,70.21,9.76,0.028,4.52,1522.0
2025-01-01 04:24:00,70.45,9.8,0.0278,4.49,1507.0
2025-01-01 04:25:00,69.99,10.26,0.0234,4.45,1477.0
2025-01-01 04:26:00,69.9,10.15,0.0234,4.46,1509.0
2025-01-01 04:27:00,69.39,10.09,0.0224,4.48,1492.0
2025-01-01 04:28:00,70.43,10.21,0.0307,4.57,1466.0
2025-01-01 04:29:00,69.83,10.04,0.0254,4.47,1497.0
2025-01-01 04:30:00,70.21,9.84,0.0237,4.45,1510.0
2025-01-01 04:31:00,69.96,9.68,0.025,4.52,1488.0
2025-01-01 04:32:00,70.15,9.76,0.0256,4.52,1535.0
2025-01-01 04:33:00,70.05,9.72,0.0257,4.55,1495.0
2025-01-01 04:34:00,70.07,10.07,0.0179,4.41,1503.0
2025-01-01 04:35:00,70.19,9.95,0.0261,4.48,1487.0
2025-01-01 04:36:00,69.43,9.5,0.0261,4.51,1510.0
2025-01-01 04:37:00,70.07,9.81,0.0268,4.53,1514.0
2025-01-01 04:38:00,69.76,10.07,0.0249,4.53,1484.0
2025-01-01 04:39:00,69.84,10.17,0.0245,4.52,1527.0
2025-01-01 04:40:00,69.56,10.41,0.0267,4.48,1495.0
2025-01-01 04:41:00,69.9,9.94,0.0272,4.47,1488.0
2025-01-01 04:42:00,69.94,9.69,0.0204,4.55,1477.0
2025-01-01 04:43:00,70.08,9.8,0.0232,4.43,1495.0
2025-01-01 04:44:00,69.92,10.2,0.0229,4.49,1508.0
2025-01-01 04:45:00,69.98,10.23,0.0276,4.58,1496.0
2025-01-01 04:46:00,70.42,9.99,0.0203,4.51,1500.0
2025-01-01 04:47:00,69.76,9.79,0.0293,4.52,1520.0
2025-01-01 04:48:00,69.57,10.16,0.0223,4.54,1496.0
2025-01-01 04:49:00,70.17,10.01,0.0219,4.5,1472.0
2025-01-01 04:50:00,69.63,10.17,0.0255,4.43,1469.0
2025-01-01 04:51:00,69.68,10.0,0.024,4.46,1486.0
2025-01-01 04:52:00,70.05,9.75,0.0278,4.53,1491.0
2025-01-01 04:53:00,69.96,10.01,0.0266,4.57,1506.0
2025-01-01 04:54:00,70.33,10.29,0.0291,4.5,1510.0
2025-01-01 04:55:00,69.53,9.78,0.0271,4.51,1506.0
2025-01-01 04:56:00,69.81,9.72,0.0281,4.48,1502.0
2025-01-01 04:57:00,69.7,10.2,0.0275,4.41,1523.0
2025-01-01 04:58:00,69.74,9.84,0.0237,4.5,1500.0
2025-01-01 04:59:00,69.73,10.06,0.0316,4.48,1495.0
2025-01-01 05:00:00,70.15,9.91,0.02,4.52,1486.0
2025-01-01 05:01:00,69.98,10.3,0.0224,4.49,1492.0
2025-01-01 05:02:00,69.96,9.93,0.0263,4.45,1512.0
2025-01-01 05:03:00,70.43,9.97,0.0311,4.39,1484.0
2025-01-01 05:04:00,69.57,10.16,0.024,4.42,1487.0
2025-01-01 05:05:00,69.71,9.93,0.0329,4.45,1503.0
2025-01-01 05:06:00,70.34,9.91,0.0226,4.6,1512.0
2025-01-01 05:07:00,69.86,9.98,0.028,4.42,1484.0
2025-01-01 05:08:00,70.11,9.96,0.0224,4.52,1494.0
2025-01-01 05:09:00,69.98,9.83,0.0269,4.48,1484.0
2025-01-01 05:10:00,69.84,9.77,0.0243,4.54,1494.0
2025-01-01 05:11:00,69.95,9.92,0.0234,4.54,1490.0
2025-01-01 05:12:00,69.58,9.91,0.0239,4.57,1478.0
2025-01-01 05:13:00,69.69,10.02,0.0226,4.53,1484.0
2025-01-01 05:14:00,70.21,9.66,0.0311,4.5,1477.0
2025-01-01 05:15:00,70.07,10.44,0.0261,4.55,1500.0
2025-01-01 05:16:00,69.76,10.25,0.0234,4.53,1509.0
2025-01-01 05:17:00,70.31,9.69,0.0264,4.53,1513.0
2025-01-01 05:18:00,70.64,10.09,0.0246,4.46,1510.0
2025-01-01 05:19:00,70.46,10.12,0.0264,4.55,1504.0
2025-01-01 05:20:00,69.92,10.25,0.0218,4.58,1531.0
2025-01-01 05:21:00,70.08,9.21,0.023,4.5,1494.0
2025-01-01 05:22:00,69.43,10.13,0.0252,4.52,1510.0
2025-01-01 05:23:00,70.38,10.21,0.0237,4.45,1494.0
2025-01-01 05:24:00,69.93,9.94,0.0304,4.51,1492.0
2025-01-01 05:25:00,69.63,10.1,0.0273,4.42,1484.0
2025-01-01 05:26:00,70.15,9.95,0.0191,4.46,1503.0
2025-01-01 05:27:00,70.28,9.87,0.0237,4.53,1520.0
2025-01-01 05:28:00,69.58,9.83,0.0275,4.55,1486.0
2025-01-01 05:29:00,69.97,9.81,0.0216,4.43,1515.0
2025-01-01 05:30:00,70.13,10.14,0.0226,4.51,1490.0
2025-01-01 05:31:00,70.07,9.62,0.0241,4.44,1499.0
2025-01-01 05:32:00,70.34,10.32,0.0264,4.53,1506.0
2025-01-01 05:33:00,70.34,10.09,0.0224,4.35,1518.0
2025-01-01 05:34:00,70.07,10.11,0.0257,4.49,1497.0
2025-01-01 05:35:00,70.23,9.94,0.0281,4.49,1514.0
2025-01-01 05:36:00,69.97,10.17,0.0254,4.42,1469.0
2025-01-01 05:37:00,69.99,10.19,0.026,4.49,1525.0
2025-01-01 05:38:00,70.04,10.06,0.0255,4.45,1526.0
2025-01-01 05:39:00,69.55,10.26,0.0268,4.58,1532.0
2025-01-01 05:40:00,70.04,9.92,0.0275,4.52,1500.0
2025-01-01 05:41:00,69.87,10.05,0.026,4.48,1523.0
2025-01-01 05:42:00,70.5,9.63,0.0243,4.41,1500.0
2025-01-01 05:43:00,69.66,9.81,0.0258,4.52,1486.0
2025-01-01 05:44:00,69.57,10.03,0.0223,4.46,1533.0
2025-01-01 05:45:00,69.94,10.12,0.0232,4.5,1502.0
2025-01-01 05:46:00,69.71,10.31,0.0202,4.52,1523.0
2025-01-01 05:47:00,70.25,9.89,0.0263,4.57,1492.0
2025-01-01 05:48:00,70.32,10.37,0.0244,4.45,1481.0
2025-01-01 05:49:00,70.19,9.88,0.0277,4.51,1490.0
2025-01-01 05:50:00,69.95,9.97,0.0258,4.48,1516.0
2025-01-01 05:51:00,69.58,10.18,0.0237,4.47,1513.0
2025-01-01 05:52:00,70.15,9.7,0.0224,4.54,1524.0
2025-01-01 05:53:00,70.36,9.73,0.0206,4.52,1495.0
2025-01-01 05:54:00,70.01,9.73,0.0286,4.49,1505.0
2025-01-01 05:55:00,70.27,10.45,0.0221,4.52,1509.0
2025-01-01 05:56:00,70.07,9.94,0.0281,4.4,1486.0
2025-01-01 05:57:00,70.37,10.06,0.027,4.51,1517.0
2025-01-01 05:58:00,70.32,9.9,0.0256,4.43,1482.0
2025-01-01 05:59:00,69.6,10.18,0.0238,4.54,1521.0
2025-01-01 06:00:00,75.08,11.97,0.0425,4.77,1761.0
2025-01-01 06:01:00,75.02,12.26,0.0444,4.77,1736.0
2025-01-01 06:02:00,75.03,11.35,0.0494,4.86,1740.0
2025-01-01 06:03:00,75.0,11.87,0.0372,4.73,1727.0
2025-01-01 06:04:00,74.57,11.76,0.0458,4.79,1737.0
2025-01-01 06:05:00,75.19,11.52,0.0429,4.79,1755.0
2025-01-01 06:06:00,74.49,12.12,0.0485,4.8,1754.0
2025-01-01 06:07:00,75.03,12.38,0.0435,4.8,1756.0
2025-01-01 06:08:00,74.96,12.17,0.0493,4.8,1748.0
2025-01-01 06:09:00,74.92,11.99,0.0448,4.86,1741.0
2025-01-01 06:10:00,75.05,11.83,0.0485,4.82,1724.0
2025-01-01 06:11:00,75.01,11.59,0.0481,4.87,1734.0
2025-01-01 06:12:00,75.63,12.11,0.0447,4.72,1729.0
2025-01-01 06:13:00,74.92,12.31,0.0481,4.8,1755.0
2025-01-01 06:14:00,74.97,12.42,0.0477,4.87,1750.0
2025-01-01 06:15:00,75.42,11.73,0.0458,4.79,1733.0
2025-01-01 06:16:00,75.39,11.67,0.0457,4.77,1751.0
2025-01-01 06:17:00,74.75,11.91,0.0443,4.81,1747.0
2025-01-01 06:18:00,75.12,12.21,0.0404,4.84,1742.0
2025-01-01 06:19:00,74.41,11.96,0.0451,4.76,1753.0
2025-01-01 06:20:00,75.12,11.86,0.0471,4.82,1747.0
2025-01-01 06:21:00,74.9,11.7,0.0494,4.79,1720.0
2025-01-01 06:22:00,75.32,12.09,0.0501,4.76,1771.0
2025-01-01 06:23:00,74.89,12.15,0.0462,4.66,1760.0
2025-01-01 06:24:00,75.37,12.04,0.0437,4.75,1763.0
2025-01-01 06:25:00,74.95,12.05,0.0404,4.75,1744.0
2025-01-01 06:26:00,74.59,11.74,0.0444,4.8,1708.0
2025-01-01 06:27:00,74.97,12.1,0.0468,4.8,1794.0
2025-01-01 06:28:00,74.97,11.88,0.0436,4.8,1749.0
2025-01-01 06:29:00,74.77,11.6,0.0396,4.84,1749.0
2025-01-01 06:30:00,74.91,11.52,0.0471,4.77,1744.0
2025-01-01 06:31:00,75.08,11.92,0.0484,4.84,1754.0
2025-01-01 06:32:00,74.6,11.91,0.0395,4.88,1740.0
2025-01-01 06:33:00,75.17,11.85,0.0435,4.77,1743.0
2025-01-01 06:34:00,75.13,11.93,0.0494,4.79,1743.0
2025-01-01 06:35:00,74.72,11.7,0.0478,4.82,1738.0
2025-01-01 06:36:00,75.01,11.79,0.0416,4.81,1758.0
2025-01-01 06:37:00,75.06,11.81,0.0486,4.81,1765.0
2025-01-01 06:38:00,75.03,11.99,0.0483,4.74,1749.0
2025-01-01 06:39:00,74.89,12.15,0.0454,4.62,1768.0
2025-01-01 06:40:00,75.12,12.22,0.0438,4.73,1746.0
2025-01-01 06:41:00,75.21,11.91,0.0505,4.84,1729.0
2025-01-01 06:42:00,75.37,11.83,0.0434,4.72,1752.0
2025-01-01 06:43:00,74.9,12.01,0.042,4.82,1777.0
2025-01-01 06:44:00,74.92,12.16,0.0478,4.78,1731.0
2025-01-01 06:45:00,75.22,12.2,0.0422,4.72,1748.0
2025-01-01 06:46:00,75.31,12.1,0.0417,4.74,1765.0
2025-01-01 06:47:00,75.0,11.88,0.0444,4.84,1726.0
2025-01-01 06:48:00,74.89,12.56,0.0444,4.77,1725.0
2025-01-01 06:49:00,74.55,11.88,0.0418,4.76,1753.0
2025-01-01 06:50:00,74.69,12.3,0.0471,4.88,1752.0
2025-01-01 06:51:00,74.75,12.51,0.0435,4.85,1739.0
2025-01-01 06:52:00,75.03,12.36,0.0474,4.81,1749.0
2025-01-01 06:53:00,75.31,11.65,0.0486,4.77,1766.0
2025-01-01 06:54:00,74.57,12.23,0.0424,4.68,1756.0
2025-01-01 06:55:00,75.01,11.91,0.0484,4.81,1749.0
2025-01-01 06:56:00,74.44,12.37,0.0437,4.67,1751.0
2025-01-01 06:57:00,74.74,12.19,0.0401,4.74,1735.0
2025-01-01 06:58:00,75.31,12.14,0.0467,4.76,1736.0
2025-01-01 06:59:00,74.79,12.06,0.0411,4.75,1772.0
2025-01-01 07:00:00,75.44,12.26,0.0482,4.81,1738.0
2025-01-01 07:01:00,75.45,12.06,0.0492,4.74,1747.0
2025-01-01 07:02:00,74.57,11.9,0.0419,4.77,1729.0
2025-01-01 07:03:00,74.98,12.43,0.043,4.85,1802.0
2025-01-01 07:04:00,75.11,11.66,0.0441,4.87,1755.0
2025-01-01 07:05:00,74.95,11.91,0.0434,4.79,1734.0
2025-01-01 07:06:00,75.23,11.95,0.0449,4.84,1725.0
2025-01-01 07:07:00,74.83,11.78,0.0515,4.78,1752.0
2025-01-01 07:08:00,75.03,12.01,0.0441,4.88,1769.0
2025-01-01 07:09:00,75.48,12.4,0.0459,4.81,1762.0
2025-01-01 07:10:00,74.69,12.02,0.043,4.74,1742.0
2025-01-01 07:11:00,74.7,12.13,0.0496,4.81,1741.0
2025-01-01 07:12:00,75.06,11.93,0.0475,4.78,1732.0
2025-01-01 07:13:00,74.96,12.08,0.0479,4.73,1739.0
2025-01-01 07:14:00,75.24,11.63,0.0465,4.84,1755.0
2025-01-01 07:15:00,74.86,12.0,0.0401,4.83,1734.0
2025-01-01 07:16:00,74.82,11.99,0.04,4.77,1741.0
2025-01-01 07:17:00,75.2,11.76,0.0403,4.78,1742.0
2025-01-01 07:18:00,74.89,12.29,0.0448,4.84,1739.0
2025-01-01 07:19:00,75.13,12.06,0.0436,4.67,1740.0
2025-01-01 07:20:00,74.74,12.27,0.0448,4.83,1768.0
2025-01-01 07:21:00,74.56,12.09,0.0386,4.79,1767.0
2025-01-01 07:22:00,74.76,12.23,0.0474,4.81,1754.0
2025-01-01 07:23:00,75.12,12.22,0.0445,4.78,1737.0
2025-01-01 07:24:00,74.68,11.99,0.0455,4.79,1739.0
2025-01-01 07:25:00,75.07,11.6,0.0474,4.76,1746.0
2025-01-01 07:26:00,74.74,12.03,0.0459,4.86,1781.0
2025-01-01 07:27:00,75.13,12.21,0.047,4.8,1748.0
2025-01-01 07:28:00,75.16,12.03,0.0441,4.83,1752.0
2025-01-01 07:29:00,74.82,12.0,0.048,4.83,1751.0
2025-01-01 07:30:00,74.67,12.03,0.0449,4.87,1734.0
2025-01-01 07:31:00,74.85,11.96,0.0468,4.87,1740.0
2025-01-01 07:32:00,74.81,11.82,0.0472,4.78,1778.0
2025-01-01 07:33:00,75.11,11.92,0.0459,4.76,1732.0
2025-01-01 07:34:00,74.44,11.63,0.0458,4.83,1758.0
2025-01-01 07:35:00,74.86,11.93,0.0422,4.79,1754.0
2025-01-01 07:36:00,75.0,12.35,0.0406,4.85,1756.0
2025-01-01 07:37:00,74.44,12.32,0.0459,4.78,1743.0
2025-01-01 07:38:00,74.91,11.79,0.0395,4.89,1744.0
2025-01-01 07:39:00,74.95,11.97,0.0403,4.7,1755.0
2025-01-01 07:40:00,75.03,11.81,0.0453,4.76,1741.0
2025-01-01 07:41:00,74.73,12.01,0.0413,4.84,1749.0
2025-01-01 07:42:00,74.81,11.78,0.0395,4.82,1748.0
2025-01-01 07:43:00,75.18,12.32,0.0454,4.81,1746.0
2025-01-01 07:44:00,74.97,11.78,0.0437,4.82,1768.0
2025-01-01 07:45:00,75.29,11.94,0.0454,4.82,1762.0
2025-01-01 07:46:00,74.78,11.78,0.0418,4.8,1743.0
2025-01-01 07:47:00,74.86,12.41,0.0476,4.74,1736.0
2025-01-01 07:48:00,75.17,11.99,0.0463,4.88,1758.0
2025-01-01 07:49:00,74.73,11.94,0.0506,4.82,1753.0
2025-01-01 07:50:00,74.64,11.98,0.0444,4.8,1773.0
2025-01-01 07:51:00,75.15,12.23,0.044,4.8,1778.0
2025-01-01 07:52:00,74.82,11.99,0.0453,4.79,1756.0
2025-01-01 07:53:00,74.86,11.8,0.0373,4.71,1785.0
2025-01-01 07:54:00,75.31,11.67,0.0462,4.68,1762.0
2025-01-01 07:55:00,75.1,12.48,0.0449,4.78,1767.0
2025-01-01 07:56:00,75.22,12.24,0.0448,4.85,1752.0
2025-01-01 07:57:00,74.75,12.01,0.0475,4.82,1735.0
2025-01-01 07:58:00,75.19,12.15,0.0465,4.84,1751.0
2025-01-01 07:59:00,75.11,12.05,0.0454,4.85,1764.0
2025-01-01 08:00:00,74.76,12.15,0.0451,4.77,1743.0
2025-01-01 08:01:00,75.32,11.77,0.0461,4.8,1765.0
2025-01-01 08:02:00,74.74,12.34,0.0428,4.85,1726.0
2025-01-01 08:03:00,75.2,12.07,0.0437,4.8,1765.0
2025-01-01 08:04:00,74.42,12.02,0.0469,4.74,1749.0
2025-01-01 08:05:00,74.85,11.97,0.0435,4.73,1772.0
2025-01-01 08:06:00,74.71,12.15,0.0475,4.83,1753.0
2025-01-01 08:07:00,74.72,11.63,0.042,4.81,1727.0
2025-01-01 08:08:00,75.11,11.87,0.0451,4.74,1748.0
2025-01-01 08:09:00,75.37,11.96,0.0484,4.69,1727.0
2025-01-01 08:10:00,74.48,12.47,0.0492,4.78,1756.0
2025-01-01 08:11:00,75.38,12.02,0.0446,4.88,1760.0
2025-01-01 08:12:00,74.56,12.19,0.046,4.79,1743.0
2025-01-01 08:13:00,75.14,11.84,0.0418,4.84,1742.0
2025-01-01 08:14:00,74.72,12.12,0.0426,4.85,1745.0
2025-01-01 08:15:00,74.78,12.32,0.0433,4.82,1751.0
2025-01-01 08:16:00,74.76,12.14,0.0441,4.71,1712.0
2025-01-01 08:17:00,74.73,11.94,0.044,4.9,1761.0
2025-01-01 08:18:00,75.19,11.96,0.0418,4.87,1741.0
2025-01-01 08:19:00,75.29,12.2,0.0474,4.73,1754.0
2025-01-01 08:20:00,75.31,11.83,0.0478,4.72,1742.0
2025-01-01 08:21:00,75.13,11.8,0.0502,4.77,1732.0
2025-01-01 08:22:00,75.11,12.06,0.0508,4.74,1753.0
2025-01-01 08:23:00,75.09,11.58,0.0417,4.73,1731.0
2025-01-01 08:24:00,75.02,11.7,0.0442,4.83,1759.0
2025-01-01 08:25:00,75.34,12.19,0.0474,4.74,1724.0
2025-01-01 08:26:00,74.86,11.96,0.0475,4.83,1768.0
2025-01-01 08:27:00,74.7,11.89,0.0452,4.69,1736.0
2025-01-01 08:28:00,75.46,11.83,0.0419,4.84,1761.0
2025-01-01 08:29:00,75.06,11.76,0.0439,4.76,1752.0
2025-01-01 08:30:00,74.41,11.75,0.0489,4.83,1757.0
2025-01-01 08:31:00,74.8,11.9,0.0457,4.83,1747.0
2025-01-01 08:32:00,74.77,12.16,0.0433,4.77,1751.0
2025-01-01 08:33:00,74.59,12.1,0.0474,4.85,1759.0
2025-01-01 08:34:00,74.77,12.12,0.0435,4.77,1752.0
2025-01-01 08:35:00,74.79,11.84,0.0433,4.86,1754.0
2025-01-01 08:36:00,74.72,12.02,0.0427,4.81,1781.0
2025-01-01 08:37:00,75.29,11.88,0.0429,4.91,1775.0
2025-01-01 08:38:00,74.96,12.33,0.0471,4.72,1768.0
2025-01-01 08:39:00,74.79,12.49,0.0464,4.79,1751.0
2025-01-01 08:40:00,74.43,11.96,0.045,4.82,1759.0
2025-01-01 08:41:00,75.05,12.24,0.0408,4.82,1785.0
2025-01-01 08:42:00,75.0,11.78,0.045,4.78,1727.0
2025-01-01 08:43:00,74.7,12.44,0.0447,4.67,1735.0
2025-01-01 08:44:00,79.7,12.13,0.343,4.78,1737.0
2025-01-01 08:45:00,74.85,12.37,0.0431,4.77,1768.0
2025-01-01 08:46:00,75.18,11.46,0.04,4.9,1742.0
2025-01-01 08:47:00,75.14,11.49,0.0423,4.83,1755.0
2025-01-01 08:48:00,74.81,12.04,0.045,4.84,1768.0
2025-01-01 08:49:00,74.66,11.8,0.0445,4.9,1772.0
2025-01-01 08:50:00,74.58,11.44,0.0475,4.8,1747.0
2025-01-01 08:51:00,74.32,11.96,0.0431,4.87,1743.0
2025-01-01 08:52:00,74.96,11.99,0.0409,4.76,1774.0
2025-01-01 08:53:00,75.05,12.03,0.0498,4.89,1760.0
2025-01-01 08:54:00,74.71,11.94,0.0379,4.76,1746.0
2025-01-01 08:55:00,75.14,11.91,0.047,4.77,1759.0
2025-01-01 08:56:00,75.36,11.69,0.0473,4.75,1773.0
2025-01-01 08:57:00,75.21,11.87,0.0476,4.76,1756.0
2025-01-01 08:58:00,74.78,12.13,0.0468,4.77,1747.0
2025-01-01 08:59:00,75.56,12.2,0.0416,4.78,1766.0
2025-01-01 09:00:00,75.37,11.8,0.0473,4.85,1750.0
2025-01-01 09:01:00,74.69,11.71,0.0437,4.76,1746.0
2025-01-01 09:02:00,75.31,11.84,0.0456,4.75,1764.0
2025-01-01 09:03:00,74.98,12.0,0.0451,4.8,1744.0
2025-01-01 09:04:00,75.19,11.91,0.0469,4.82,1723.0
2025-01-01 09:05:00,74.77,11.85,0.0432,4.79,1783.0
2025-01-01 09:06:00,75.93,11.98,0.0465,4.87,1737.0
2025-01-01 09:07:00,74.99,12.08,0.0458,4.76,1699.0
2025-01-01 09:08:00,74.58,12.05,0.0485,4.81,1762.0
2025-01-01 09:09:00,75.14,12.03,0.0538,4.77,1718.0
2025-01-01 09:10:00,75.49,12.05,0.0506,4.75,1743.0
2025-01-01 09:11:00,75.37,11.82,0.0446,4.66,1756.0
2025-01-01 09:12:00,74.97,11.97,0.0425,4.82,1746.0
2025-01-01 09:13:00,74.91,11.97,0.0423,4.83,1733.0
2025-01-01 09:14:00,74.44,11.86,0.0425,4.82,1732.0
2025-01-01 09:15:00,75.01,12.07,0.0466,4.85,1751.0
2025-01-01 09:16:00,75.01,11.89,0.0462,4.87,1769.0
2025-01-01 09:17:00,75.73,12.39,0.0463,4.78,1771.0
2025-01-01 09:18:00,75.19,12.0,0.0494,4.84,1764.0
2025-01-01 09:19:00,75.58,12.11,0.0455,4.84,1728.0
2025-01-01 09:20:00,75.08,12.33,0.0444,4.77,1728.0
2025-01-01 09:21:00,74.9,12.42,0.0451,4.81,1755.0
2025-01-01 09:22:00,74.52,12.36,0.0471,4.83,1750.0
2025-01-01 09:23:00,75.4,11.84,0.047,4.92,1731.0
2025-01-01 09:24:00,74.93,11.93,0.0391,4.71,1748.0
2025-01-01 09:25:00,75.24,11.73,0.0433,4.86,1769.0
2025-01-01 09:26:00,74.73,12.09,0.0427,4.8,1722.0
2025-01-01 09:27:00,74.41,12.01,0.0437,4.78,1755.0
2025-01-01 09:28:00,75.08,12.03,0.0468,4.81,1776.0
2025-01-01 09:29:00,75.06,11.66,0.0506,4.77,1739.0
2025-01-01 09:30:00,74.71,11.75,0.0468,4.91,1742.0
2025-01-01 09:31:00,75.68,11.74,0.0472,4.82,1742.0
2025-01-01 09:32:00,75.02,12.04,0.0422,4.81,1738.0
2025-01-01 09:33:00,75.06,12.25,0.0464,4.79,1775.0
2025-01-01 09:34:00,74.95,11.49,0.0452,4.81,1734.0
2025-01-01 09:35:00,79.55,11.57,0.3533,4.81,1741.0
2025-01-01 09:36:00,75.48,12.29,0.0453,4.84,1734.0
2025-01-01 09:37:00,74.71,12.08,0.0461,4.8,1762.0
2025-01-01 09:38:00,74.81,11.9,0.0437,4.67,1760.0
2025-01-01 09:39:00,75.73,12.16,0.0429,4.84,1752.0
2025-01-01 09:40:00,74.73,12.08,0.0432,4.83,1736.0
2025-01-01 09:41:00,75.33,11.94,0.0503,4.78,1760.0
2025-01-01 09:42:00,75.3,11.93,0.046,4.72,1758.0
2025-01-01 09:43:00,74.98,12.15,0.0499,4.82,1755.0
2025-01-01 09:44:00,75.08,12.25,0.0414,4.77,1757.0
2025-01-01 09:45:00,74.18,12.05,0.0497,4.79,1752.0
2025-01-01 09:46:00,74.55,12.16,0.0394,4.87,1755.0
2025-01-01 09:47:00,75.17,11.75,0.0471,4.78,1777.0
2025-01-01 09:48:00,74.77,12.12,0.0458,4.77,1741.0
2025-01-01 09:49:00,75.1,11.84,0.0438,4.82,1727.0
2025-01-01 09:50:00,74.55,11.82,0.0442,4.78,1785.0
2025-01-01 09:51:00,74.89,12.06,0.0454,4.81,1790.0
2025-01-01 09:52:00,74.44,11.6,0.0513,4.75,1775.0
2025-01-01 09:53:00,75.12,11.66,0.0519,4.78,1762.0
2025-01-01 09:54:00,75.27,11.98,0.0412,4.83,1754.0
2025-01-01 09:55:00,75.23,12.32,0.0451,4.8,1752.0
2025-01-01 09:56:00,74.99,11.98,0.0448,4.81,1749.0
2025-01-01 09:57:00,74.93,12.08,0.047,4.73,1749.0
2025-01-01 09:58:00,75.11,12.31,0.047,4.89,1760.0
2025-01-01 09:59:00,74.67,11.98,0.0423,4.82,1745.0
2025-01-01 10:00:00,74.7,11.6,0.0488,4.79,1755.0
2025-01-01 10:01:00,74.86,11.92,0.0519,4.8,1748.0
2025-01-01 10:02:00,74.86,11.55,0.0478,4.8,1758.0
2025-01-01 10:03:00,74.82,12.12,0.0409,4.82,1740.0
2025-01-01 10:04:00,75.1,11.99,0.0466,4.74,1726.0
2025-01-01 10:05:00,75.02,11.91,0.0456,4.73,1737.0
2025-01-01 10:06:00,75.5,12.07,0.0464,4.78,1771.0
2025-01-01 10:07:00,74.78,11.79,0.0465,4.72,1741.0
2025-01-01 10:08:00,75.24,11.74,0.0482,4.9,1751.0
2025-01-01 10:09:00,75.04,11.82,0.0445,4.91,1729.0
2025-01-01 10:10:00,74.81,11.5,0.0494,4.78,1728.0
2025-01-01 10:11:00,75.26,12.08,0.0454,4.83,1738.0
2025-01-01 10:12:00,74.88,11.55,0.0501,4.7,1753.0
2025-01-01 10:13:00,74.68,11.77,0.0469,4.78,1751.0
2025-01-01 10:14:00,74.65,11.95,0.0478,4.78,1774.0
2025-01-01 10:15:00,74.92,11.7,0.0463,4.92,1759.0
2025-01-01 10:16:00,74.88,12.02,0.0469,4.77,1766.0
2025-01-01 10:17:00,75.57,11.81,0.0472,4.76,1779.0
2025-01-01 10:18:00,74.87,12.09,0.0454,4.84,1769.0
2025-01-01 10:19:00,74.97,12.04,0.0491,4.75,1721.0
2025-01-01 10:20:00,74.81,12.13,0.0381,4.77,1724.0
2025-01-01 10:21:00,75.14,11.99,0.044,4.8,1748.0
2025-01-01 10:22:00,75.25,12.06,0.0469,4.79,1760.0
2025-01-01 10:23:00,75.0,11.82,0.0413,4.8,1757.0
2025-01-01 10:24:00,74.36,12.32,0.0449,4.93,1720.0
2025-01-01 10:25:00,74.98,12.05,0.0468,4.82,1749.0
2025-01-01 10:26:00,74.48,11.93,0.0508,4.83,1749.0
2025-01-01 10:27:00,75.01,11.66,0.0494,4.79,1738.0
2025-01-01 10:28:00,74.82,11.87,0.0395,4.91,1763.0
2025-01-01 10:29:00,74.94,11.86,0.0454,4.81,1767.0
2025-01-01 10:30:00,74.97,11.97,0.0463,4.8,1745.0
2025-01-01 10:31:00,75.25,11.82,0.0428,4.87,1758.0
2025-01-01 10:32:00,74.27,12.01,0.0441,4.85,1752.0
2025-01-01 10:33:00,75.14,11.9,0.0433,4.76,1754.0
2025-01-01 10:34:00,74.69,11.71,0.0445,4.75,1732.0
2025-01-01 10:35:00,74.98,12.05,0.0469,4.86,1753.0
2025-01-01 10:36:00,74.7,11.44,0.0461,4.79,1733.0
2025-01-01 10:37:00,74.94,12.06,0.0475,4.77,1771.0
2025-01-01 10:38:00,75.12,11.79,0.0466,4.8,1764.0
2025-01-01 10:39:00,74.66,11.73,0.0469,4.9,1757.0
2025-01-01 10:40:00,75.05,12.25,0.0497,4.87,1728.0
2025-01-01 10:41:00,74.41,12.25,0.0474,4.77,1732.0
2025-01-01 10:42:00,75.02,12.19,0.0463,4.79,1717.0
2025-01-01 10:43:00,74.7,12.16,0.0433,4.9,1739.0
2025-01-01 10:44:00,74.84,12.27,0.0428,4.86,1778.0
2025-01-01 10:45:00,75.37,12.01,0.0429,4.82,1741.0
2025-01-01 10:46:00,75.26,11.82,0.0419,4.8,1760.0
2025-01-01 10:47:00,75.5,12.35,0.0488,4.97,1767.0
2025-01-01 10:48:00,74.77,12.07,0.0451,4.73,1775.0
2025-01-01 10:49:00,74.33,11.55,0.0408,4.85,1745.0
2025-01-01 10:50:00,75.0,12.21,0.048,4.72,1742.0
2025-01-01 10:51:00,75.08,12.13,0.0465,4.79,1774.0
2025-01-01 10:52:00,74.91,12.1,0.0457,4.82,1749.0
2025-01-01 10:53:00,74.71,12.18,0.0414,4.86,1763.0
2025-01-01 10:54:00,74.66,12.11,0.0449,4.74,1746.0
2025-01-01 10:55:00,75.35,12.0,0.0415,4.79,1760.0
2025-01-01 10:56:00,75.29,12.27,0.0451,4.91,1727.0
2025-01-01 10:57:00,74.93,11.94,0.0494,4.74,1734.0
2025-01-01 10:58:00,74.65,12.02,0.0475,4.79,1734.0
2025-01-01 10:59:00,75.04,12.04,0.0441,4.76,1771.0
2025-01-01 11:00:00,74.79,12.13,0.0409,4.77,1741.0
2025-01-01 11:01:00,75.39,11.82,0.0438,4.73,1739.0
2025-01-01 11:02:00,74.52,12.16,0.0472,4.76,1763.0
2025-01-01 11:03:00,75.29,11.92,0.0435,4.82,1744.0
2025-01-01 11:04:00,74.77,11.97,0.0479,4.72,1739.0
2025-01-01 11:05:00,74.74,12.2,0.0459,4.85,1711.0
2025-01-01 11:06:00,74.85,11.58,0.0437,4.84,1750.0
2025-01-01 11:07:00,74.35,11.96,0.0489,4.81,1747.0
2025-01-01 11:08:00,74.93,11.85,0.0463,4.82,1735.0
2025-01-01 11:09:00,74.4,12.14,0.0398,4.81,1747.0
2025-01-01 11:10:00,74.75,12.07,0.0432,4.78,1752.0
2025-01-01 11:11:00,74.51,12.26,0.0462,4.78,1767.0
2025-01-01 11:12:00,74.97,11.95,0.0455,4.74,1779.0
2025-01-01 11:13:00,74.62,11.87,0.0448,4.77,1782.0
2025-01-01 11:14:00,75.02,11.74,0.0492,4.81,1749.0
2025-01-01 11:15:00,75.26,11.82,0.0508,4.8,1734.0
2025-01-01 11:16:00,75.54,12.13,0.0424,4.78,1754.0
2025-01-01 11:17:00,74.87,11.88,0.0401,4.89,1762.0
2025-01-01 11:18:00,75.0,11.63,0.0484,4.9,1769.0
2025-01-01 11:19:00,75.02,11.97,0.0394,4.91,1740.0
2025-01-01 11:20:00,74.87,11.94,0.042,4.81,1762.0
2025-01-01 11:21:00,75.09,12.0,0.0462,4.78,1727.0
2025-01-01 11:22:00,74.89,12.16,0.0442,4.77,1760.0
2025-01-01 11:23:00,74.97,12.16,0.0417,4.75,1757.0
2025-01-01 11:24:00,75.58,11.99,0.045,4.75,1733.0
2025-01-01 11:25:00,75.01,12.05,0.0461,4.86,1759.0
2025-01-01 11:26:00,75.02,12.21,0.0398,4.77,1767.0
2025-01-01 11:27:00,75.47,12.13,0.0434,4.79,1753.0
2025-01-01 11:28:00,74.73,11.85,0.0466,4.83,1746.0
2025-01-01 11:29:00,75.27,11.92,0.043,4.74,1761.0
2025-01-01 11:30:00,74.73,11.91,0.0465,4.77,1750.0
2025-01-01 11:31:00,75.18,12.04,0.0465,4.8,1740.0
2025-01-01 11:32:00,75.23,11.85,0.0422,4.78,1747.0
2025-01-01 11:33:00,74.67,12.06,0.0501,4.8,1735.0
2025-01-01 11:34:00,74.83,11.92,0.0492,4.87,1756.0
2025-01-01 11:35:00,75.05,12.06,0.0437,4.73,1763.0
2025-01-01 11:36:00,74.94,11.97,0.0478,4.74,1739.0
2025-01-01 11:37:00,74.9,12.13,0.0454,4.68,1762.0
2025-01-01 11:38:00,74.83,12.31,0.042,4.81,1744.0
2025-01-01 11:39:00,74.87,12.36,0.047,4.85,1751.0
2025-01-01 11:40:00,75.09,12.09,0.0422,4.8,1750.0
2025-01-01 11:41:00,74.98,11.97,0.0478,4.77,1773.0
2025-01-01 11:42:00,74.75,12.09,0.0441,4.87,1736.0
2025-01-01 11:43:00,74.49,11.95,0.0432,4.81,1742.0
2025-01-01 11:44:00,74.52,12.13,0.0448,4.75,1763.0
2025-01-01 11:45:00,74.89,11.9,0.0462,4.86,1718.0
2025-01-01 11:46:00,74.96,12.19,0.0469,4.82,1742.0
2025-01-01 11:47:00,75.76,11.86,0.0441,4.8,1738.0
2025-01-01 11:48:00,75.09,12.27,0.046,4.74,1734.0
2025-01-01 11:49:00,74.93,12.03,0.0476,4.89,1767.0
2025-01-01 11:50:00,75.35,11.97,0.0423,4.86,1738.0
2025-01-01 11:51:00,74.04,11.96,0.0447,4.76,1731.0
2025-01-01 11:52:00,75.3,11.99,0.0426,4.75,1751.0
2025-01-01 11:53:00,75.29,12.25,0.0455,4.85,1720.0
2025-01-01 11:54:00,75.2,11.97,0.0434,4.84,1777.0
2025-01-01 11:55:00,74.83,11.76,0.0487,4.82,1750.0
2025-01-01 11:56:00,74.61,12.36,0.0453,4.78,1748.0
2025-01-01 11:57:00,74.93,12.06,0.0403,4.8,1770.0
2025-01-01 11:58:00,74.99,12.09,0.0428,4.77,1733.0
2025-01-01 11:59:00,74.8,11.77,0.0443,4.72,1772.0
2025-01-01 12:00:00,74.85,12.08,0.041,4.71,1753.0
2025-01-01 12:01:00,75.61,11.79,0.0472,4.78,1753.0
2025-01-01 12:02:00,75.07,12.32,0.0413,4.89,1771.0
2025-01-01 12:03:00,74.75,11.8,0.0456,4.87,1771.0
2025-01-01 12:04:00,74.52,12.14,0.0451,4.77,1744.0
2025-01-01 12:05:00,75.1,12.03,0.0425,4.79,1749.0
2025-01-01 12:06:00,75.24,12.32,0.042,4.76,1752.0
2025-01-01 12:07:00,74.47,12.2,0.046,4.86,1724.0
2025-01-01 12:08:00,75.02,12.17,0.0403,4.81,1748.0
2025-01-01 12:09:00,75.08,11.9,0.042,4.82,1734.0
2025-01-01 12:10:00,75.19,12.13,0.0444,4.71,1775.0
2025-01-01 12:11:00,75.29,12.03,0.0462,4.83,1750.0
2025-01-01 12:12:00,74.41,12.06,0.0472,4.81,1709.0
2025-01-01 12:13:00,74.77,12.13,0.045,4.85,1767.0
2025-01-01 12:14:00,74.75,11.64,0.0497,4.82,1744.0
2025-01-01 12:15:00,74.31,12.08,0.0448,4.82,1724.0
2025-01-01 12:16:00,74.71,11.86,0.0469,4.85,1725.0
2025-01-01 12:17:00,74.92,12.18,0.0435,4.81,1755.0
2025-01-01 12:18:00,74.75,12.22,0.0462,4.75,1735.0
2025-01-01 12:19:00,74.88,12.04,0.0402,4.82,1754.0
2025-01-01 12:20:00,75.07,12.04,0.0475,4.78,1736.0
2025-01-01 12:21:00,74.87,11.88,0.0473,4.75,1736.0
2025-01-01 12:22:00,74.94,11.72,0.0421,4.8,1745.0
2025-01-01 12:23:00,74.53,11.99,0.0431,4.82,1756.0
2025-01-01 12:24:00,75.15,12.11,0.0422,4.82,1733.0
2025-01-01 12:25:00,75.1,12.14,0.0405,4.76,1757.0
2025-01-01 12:26:00,75.1,11.89,0.0472,4.81,1750.0
2025-01-01 12:27:00,74.63,12.15,0.0449,4.79,1765.0
2025-01-01 12:28:00,74.65,11.94,0.0453,4.79,1775.0
2025-01-01 12:29:00,75.06,11.87,0.0415,4.84,1742.0
2025-01-01 12:30:00,74.76,11.38,0.0444,4.79,1728.0
2025-01-01 12:31:00,75.0,12.05,0.0475,4.82,1741.0
2025-01-01 12:32:00,75.14,11.79,0.0417,4.67,1766.0
2025-01-01 12:33:00,75.1,11.93,0.0401,4.85,1765.0
2025-01-01 12:34:00,74.93,12.26,0.0464,4.74,1725.0
2025-01-01 12:35:00,75.45,11.75,0.0439,4.81,1741.0
2025-01-01 12:36:00,74.88,12.1,0.0455,4.85,1763.0
2025-01-01 12:37:00,75.1,12.11,0.0452,4.81,1781.0
2025-01-01 12:38:00,75.61,12.01,0.0496,4.78,1742.0
2025-01-01 12:39:00,74.98,11.87,0.0401,4.86,1754.0
2025-01-01 12:40:00,75.03,11.69,0.0441,4.81,1757.0
2025-01-01 12:41:00,75.77,11.81,0.041,4.81,1756.0
2025-01-01 12:42:00,75.17,12.1,0.0463,4.86,1723.0
2025-01-01 12:43:00,75.38,12.04,0.0427,4.72,1746.0
2025-01-01 12:44:00,75.03,12.03,0.0433,4.77,1784.0
2025-01-01 12:45:00,74.61,11.97,0.0452,4.85,1755.0
2025-01-01 12:46:00,74.94,12.12,0.0462,4.88,1761.0
2025-01-01 12:47:00,75.49,11.95,0.046,4.81,1763.0
2025-01-01 12:48:00,74.98,11.98,0.0477,4.79,1745.0
2025-01-01 12:49:00,74.54,11.79,0.0438,4.81,1769.0
2025-01-01 12:50:00,75.46,12.21,0.0481,4.84,1744.0
2025-01-01 12:51:00,74.95,12.06,0.0466,4.78,1746.0
2025-01-01 12:52:00,74.98,11.81,0.0425,4.83,1754.0
2025-01-01 12:53:00,74.8,11.85,0.0456,4.78,1730.0
2025-01-01 12:54:00,74.89,11.86,0.0473,4.84,1714.0
2025-01-01 12:55:00,75.47,11.84,0.0407,4.73,1757.0
2025-01-01 12:56:00,75.0,12.15,0.0424,4.82,1760.0
2025-01-01 12:57:00,74.64,12.16,0.0429,4.86,1745.0
2025-01-01 12:58:00,75.02,12.14,0.0392,4.84,1735.0
2025-01-01 12:59:00,75.05,11.98,0.0445,4.79,1748.0
2025-01-01 13:00:00,75.03,12.16,0.0418,4.85,1779.0
2025-01-01 13:01:00,74.88,12.21,0.0428,4.9,1769.0
2025-01-01 13:02:00,74.85,12.14,0.0415,4.78,1735.0
2025-01-01 13:03:00,74.47,11.93,0.05,4.83,1746.0
2025-01-01 13:04:00,75.49,11.73,0.0491,4.82,1732.0
2025-01-01 13:05:00,74.84,11.98,0.0417,4.92,1741.0
2025-01-01 13:06:00,74.76,11.76,0.0448,4.76,1794.0
2025-01-01 13:07:00,75.31,12.05,0.0445,4.77,1749.0
2025-01-01 13:08:00,75.74,12.05,0.0454,4.75,1758.0
2025-01-01 13:09:00,74.88,11.99,0.0462,4.76,1756.0
2025-01-01 13:10:00,74.57,12.21,0.0459,4.72,1747.0
2025-01-01 13:11:00,74.78,11.98,0.0425,4.81,1734.0
2025-01-01 13:12:00,74.87,12.02,0.0444,4.86,1738.0
2025-01-01 13:13:00,74.89,12.09,0.0501,4.83,1750.0
2025-01-01 13:14:00,74.73,12.03,0.0365,4.82,1757.0
2025-01-01 13:15:00,75.28,12.01,0.0417,4.82,1761.0
2025-01-01 13:16:00,75.15,11.89,0.0441,4.81,1780.0
2025-01-01 13:17:00,75.44,12.01,0.0438,4.83,1770.0
2025-01-01 13:18:00,75.08,12.08,0.0448,4.84,1760.0
2025-01-01 13:19:00,74.59,12.05,0.0454,4.77,1752.0
2025-01-01 13:20:00,74.84,11.77,0.0429,4.85,1762.0
2025-01-01 13:21:00,74.8,12.15,0.0444,4.81,1770.0
2025-01-01 13:22:00,89.96,15.08,0.2484,4.83,1743.0
2025-01-01 13:23:00,75.18,12.24,0.0445,4.78,1767.0
2025-01-01 13:24:00,74.86,11.74,0.0434,4.87,1731.0
2025-01-01 13:25:00,75.11,11.59,0.0448,4.84,1762.0
2025-01-01 13:26:00,74.76,11.65,0.0465,4.84,1741.0
2025-01-01 13:27:00,75.16,12.08,0.0434,4.81,1748.0
2025-01-01 13:28:00,74.75,12.1,0.0464,4.72,1758.0
2025-01-01 13:29:00,75.77,11.97,0.0442,4.78,1780.0
2025-01-01 13:30:00,74.5,12.14,0.0414,4.77,1755.0
2025-01-01 13:31:00,75.15,12.31,0.0435,4.74,1746.0
2025-01-01 13:32:00,74.76,11.82,0.0446,4.76,1747.0
2025-01-01 13:33:00,75.0,11.86,0.0489,4.81,1768.0
2025-01-01 13:34:00,80.34,12.23,0.3417,4.79,1744.0
2025-01-01 13:35:00,74.81,11.99,0.0422,4.84,1744.0
2025-01-01 13:36:00,74.75,12.44,0.0443,4.85,1754.0
2025-01-01 13:37:00,74.98,12.28,0.0418,4.85,1742.0
2025-01-01 13:38:00,75.9,11.97,0.05,4.78,1765.0
2025-01-01 13:39:00,73.97,11.84,0.0474,4.78,1748.0
2025-01-01 13:40:00,74.87,12.07,0.0489,4.88,1744.0
2025-01-01 13:41:00,75.29,11.95,0.0425,4.82,1762.0
2025-01-01 13:42:00,75.04,11.61,0.0448,4.8,1745.0
2025-01-01 13:43:00,74.74,11.87,0.0385,4.78,1746.0
2025-01-01 13:44:00,75.44,11.86,0.0481,4.77,1751.0
2025-01-01 13:45:00,74.95,12.03,0.0438,4.81,1751.0
2025-01-01 13:46:00,74.76,12.09,0.0487,4.73,1740.0
2025-01-01 13:47:00,75.29,11.75,0.0401,4.8,1752.0
2025-01-01 13:48:00,75.1,11.98,0.0469,4.79,1762.0
2025-01-01 13:49:00,75.31,11.99,0.0464,4.79,1738.0
2025-01-01 13:50:00,75.32,12.25,0.044,4.88,1772.0
2025-01-01 13:51:00,75.26,11.83,0.0399,4.79,1718.0
2025-01-01 13:52:00,74.97,12.22,0.0405,4.81,1772.0
2025-01-01 13:53:00,74.5,12.26,0.0434,4.83,1735.0
2025-01-01 13:54:00,75.31,12.03,0.0467,4.76,1764.0
2025-01-01 13:55:00,75.29,12.05,0.0441,4.78,1760.0
2025-01-01 13:56:00,75.08,11.51,0.0514,4.86,1730.0
2025-01-01 13:57:00,74.63,11.89,0.0459,4.82,1756.0
2025-01-01 13:58:00,74.79,12.0,0.044,4.84,1741.0
2025-01-01 13:59:00,75.22,12.22,0.0423,4.76,1776.0
2025-01-01 14:00:00,74.98,11.63,0.0497,4.91,1745.0
2025-01-01 14:01:00,74.93,12.37,0.0463,4.73,1752.0
2025-01-01 14:02:00,74.93,11.78,0.0516,4.7,1739.0
2025-01-01 14:03:00,75.16,12.16,0.046,4.81,1783.0
2025-01-01 14:04:00,74.98,11.8,0.0441,4.89,1717.0
2025-01-01 14:05:00,75.42,12.06,0.0487,4.88,1742.0
2025-01-01 14:06:00,75.33,12.07,0.049,4.85,1746.0
2025-01-01 14:07:00,74.87,11.87,0.0503,4.78,1740.0
2025-01-01 14:08:00,74.83,12.11,0.0466,4.76,1728.0
2025-01-01 14:09:00,75.05,11.85,0.0444,4.79,1733.0
2025-01-01 14:10:00,74.84,12.11,0.0444,4.78,1741.0
2025-01-01 14:11:00,74.95,12.2,0.0445,4.86,1746.0
2025-01-01 14:12:00,75.03,12.16,0.05,4.8,1749.0
2025-01-01 14:13:00,74.82,12.03,0.0497,4.81,1757.0
2025-01-01 14:14:00,74.8,11.93,0.0488,4.79,1789.0
2025-01-01 14:15:00,74.8,11.94,0.0386,4.8,1723.0
2025-01-01 14:16:00,74.69,11.82,0.0445,4.77,1759.0
2025-01-01 14:17:00,74.57,12.41,0.0481,4.85,1742.0
2025-01-01 14:18:00,75.39,12.1,0.0498,4.82,1762.0
2025-01-01 14:19:00,74.97,11.79,0.0429,4.8,1754.0
2025-01-01 14:20:00,74.69,12.06,0.0452,4.84,1751.0
2025-01-01 14:21:00,74.74,12.19,0.0431,4.74,1776.0
2025-01-01 14:22:00,75.15,11.92,0.0486,4.86,1741.0
2025-01-01 14:23:00,75.25,11.93,0.0483,4.75,1755.0
2025-01-01 14:24:00,74.92,12.02,0.0498,4.75,1757.0
2025-01-01 14:25:00,75.34,12.46,0.0467,4.78,1741.0
2025-01-01 14:26:00,74.66,12.27,0.0452,4.8,1751.0
2025-01-01 14:27:00,75.06,12.2,0.0434,4.8,1743.0
2025-01-01 14:28:00,75.36,11.88,0.0452,4.74,1725.0
2025-01-01 14:29:00,74.79,11.88,0.0478,4.77,1734.0
2025-01-01 14:30:00,90.15,15.17,0.2428,4.84,1737.0
2025-01-01 14:31:00,74.99,12.19,0.0451,4.82,1761.0
2025-01-01 14:32:00,74.79,12.01,0.0479,4.76,1725.0
2025-01-01 14:33:00,74.96,11.8,0.0424,4.83,1730.0
2025-01-01 14:34:00,75.16,11.77,0.0449,4.74,1772.0
2025-01-01 14:35:00,74.79,11.87,0.0458,4.78,1725.0
2025-01-01 14:36:00,75.11,11.71,0.044,4.74,1750.0
2025-01-01 14:37:00,75.39,12.28,0.0486,4.76,1737.0
2025-01-01 14:38:00,74.93,11.8,0.0429,4.79,1752.0
2025-01-01 14:39:00,74.8,12.01,0.0427,4.75,1720.0
2025-01-01 14:40:00,75.42,12.03,0.0472,4.83,1753.0
2025-01-01 14:41:00,75.6,11.81,0.0445,4.8,1778.0
2025-01-01 14:42:00,74.54,12.06,0.0484,4.76,1748.0
2025-01-01 14:43:00,74.73,12.35,0.0513,4.87,1775.0
2025-01-01 14:44:00,75.25,11.99,0.0472,4.81,1754.0
2025-01-01 14:45:00,75.5,12.01,0.0466,4.88,1745.0
2025-01-01 14:46:00,75.06,12.49,0.0449,4.79,1765.0
2025-01-01 14:47:00,75.07,12.08,0.0457,4.8,1773.0
2025-01-01 14:48:00,75.34,12.05,0.0466,4.83,1746.0
2025-01-01 14:49:00,74.64,12.19,0.0502,4.77,1738.0
2025-01-01 14:50:00,75.6,12.12,0.0461,4.77,1777.0
2025-01-01 14:51:00,75.51,12.29,0.0446,4.84,1772.0
2025-01-01 14:52:00,74.62,12.17,0.0479,4.78,1773.0
2025-01-01 14:53:00,74.45,11.79,0.0473,4.86,1759.0
2025-01-01 14:54:00,75.39,11.65,0.0478,4.84,1730.0
2025-01-01 14:55:00,74.92,12.03,0.0477,4.82,1768.0
2025-01-01 14:56:00,74.62,11.91,0.0455,4.71,1731.0
2025-01-01 14:57:00,75.15,12.14,0.0455,4.87,1761.0
2025-01-01 14:58:00,75.09,12.33,0.0452,4.86,1708.0
2025-01-01 14:59:00,75.29,11.83,0.0449,4.88,1730.0
2025-01-01 15:00:00,75.02,11.87,0.0527,4.72,1746.0
2025-01-01 15:01:00,75.11,12.12,0.0416,4.75,1738.0
2025-01-01 15:02:00,75.19,11.81,0.0461,4.78,1735.0
2025-01-01 15:03:00,75.0,12.07,0.0392,4.82,1765.0
2025-01-01 15:04:00,74.57,11.8,0.0464,4.86,1725.0
2025-01-01 15:05:00,74.99,12.08,0.0454,4.84,1745.0
2025-01-01 15:06:00,75.27,12.06,0.0435,4.72,1748.0
2025-01-01 15:07:00,74.79,11.99,0.0477,4.75,1760.0
2025-01-01 15:08:00,75.3,12.17,0.0459,4.77,1751.0
2025-01-01 15:09:00,74.99,11.89,0.0399,4.83,1723.0
2025-01-01 15:10:00,75.15,11.62,0.0442,4.8,1739.0
2025-01-01 15:11:00,74.97,11.84,0.0473,4.81,1733.0
2025-01-01 15:12:00,75.31,12.12,0.0493,4.78,1765.0
2025-01-01 15:13:00,80.69,11.78,0.3396,4.75,1743.0
2025-01-01 15:14:00,75.1,11.99,0.0472,4.84,1748.0
2025-01-01 15:15:00,74.78,12.02,0.0506,4.86,1747.0
2025-01-01 15:16:00,75.62,12.14,0.0398,4.88,1718.0
2025-01-01 15:17:00,74.7,11.85,0.0456,4.75,1778.0
2025-01-01 15:18:00,75.46,12.31,0.0434,4.75,1739.0
2025-01-01 15:19:00,75.35,12.35,0.0481,4.72,1747.0
2025-01-01 15:20:00,74.53,11.82,0.0416,4.82,1745.0
2025-01-01 15:21:00,74.43,12.22,0.0458,4.76,1753.0
2025-01-01 15:22:00,75.3,11.95,0.0466,4.84,1748.0
2025-01-01 15:23:00,75.05,11.93,0.042,4.82,1768.0
2025-01-01 15:24:00,75.71,12.05,0.0414,4.83,1773.0
2025-01-01 15:25:00,75.34,11.9,0.045,4.8,1759.0
2025-01-01 15:26:00,74.82,11.86,0.0392,4.7,1731.0
2025-01-01 15:27:00,75.59,11.92,0.0467,4.79,1738.0
2025-01-01 15:28:00,75.22,11.92,0.0444,4.69,1760.0
2025-01-01 15:29:00,74.74,11.69,0.0444,4.75,1770.0
2025-01-01 15:30:00,74.7,12.22,0.0475,4.86,1725.0
2025-01-01 15:31:00,74.66,12.36,0.0489,4.83,1755.0
2025-01-01 15:32:00,74.92,11.86,0.0459,4.85,1755.0
2025-01-01 15:33:00,74.93,12.06,0.0487,4.77,1714.0
2025-01-01 15:34:00,74.84,12.09,0.0489,4.79,1787.0
2025-01-01 15:35:00,75.28,11.83,0.0425,4.83,1760.0
2025-01-01 15:36:00,75.16,11.93,0.0448,4.78,1747.0
2025-01-01 15:37:00,74.99,11.97,0.046,4.85,1766.0
2025-01-01 15:38:00,74.65,12.27,0.0453,4.74,1757.0
2025-01-01 15:39:00,75.26,12.16,0.0422,4.81,1738.0
2025-01-01 15:40:00,74.8,11.86,0.0431,4.83,1740.0
2025-01-01 15:41:00,74.95,12.08,0.043,4.87,1749.0
2025-01-01 15:42:00,75.2,12.07,0.0428,4.78,1754.0
2025-01-01 15:43:00,74.87,11.82,0.043,4.84,1709.0
2025-01-01 15:44:00,75.52,11.97,0.0468,4.9,1766.0
2025-01-01 15:45:00,74.58,12.12,0.0462,4.71,1752.0
2025-01-01 15:46:00,74.65,11.94,0.0466,4.78,1760.0
2025-01-01 15:47:00,74.78,11.68,0.043,4.82,1758.0
2025-01-01 15:48:00,74.85,12.16,0.0492,4.78,1768.0
2025-01-01 15:49:00,75.61,12.06,0.0526,4.75,1728.0
2025-01-01 15:50:00,75.17,11.85,0.0454,4.76,1771.0
2025-01-01 15:51:00,74.9,12.2,0.0461,4.75,1756.0
2025-01-01 15:52:00,75.26,11.76,0.0426,4.83,1753.0
2025-01-01 15:53:00,74.83,11.56,0.0462,4.8,1752.0
2025-01-01 15:54:00,75.16,11.9,0.0416,4.78,1762.0
2025-01-01 15:55:00,75.09,12.43,0.0437,4.85,1756.0
2025-01-01 15:56:00,74.99,11.94,0.0435,4.81,1755.0
2025-01-01 15:57:00,74.6,11.78,0.049,4.71,1742.0
2025-01-01 15:58:00,74.73,11.9,0.0439,4.84,1740.0
2025-01-01 15:59:00,75.33,11.89,0.0439,4.87,1762.0
2025-01-01 16:00:00,75.22,12.12,0.0438,4.75,1763.0
2025-01-01 16:01:00,74.75,11.93,0.0451,4.74,1756.0
2025-01-01 16:02:00,74.96,11.75,0.0442,4.72,1745.0
2025-01-01 16:03:00,75.04,12.43,0.0406,4.81,1754.0
2025-01-01 16:04:00,75.25,12.08,0.0465,4.82,1774.0
2025-01-01 16:05:00,75.09,12.05,0.0411,4.7,1741.0
2025-01-01 16:06:00,75.26,12.41,0.0468,4.8,1759.0
2025-01-01 16:07:00,75.28,11.75,0.047,4.82,1751.0
2025-01-01 16:08:00,75.14,12.09,0.0471,4.79,1752.0
2025-01-01 16:09:00,75.41,12.15,0.0449,4.79,1737.0
2025-01-01 16:10:00,75.25,12.26,0.039,4.81,1729.0
2025-01-01 16:11:00,74.92,11.51,0.0417,4.83,1757.0
2025-01-01 16:12:00,74.85,11.71,0.0457,4.77,1733.0
2025-01-01 16:13:00,75.46,12.02,0.0495,4.87,1767.0
2025-01-01 16:14:00,74.93,12.34,0.0465,4.85,1734.0
2025-01-01 16:15:00,74.95,11.94,0.0462,4.81,1777.0
2025-01-01 16:16:00,75.04,12.22,0.0431,4.81,1753.0
2025-01-01 16:17:00,74.58,12.02,0.0378,4.81,1754.0
2025-01-01 16:18:00,75.18,11.93,0.0455,4.86,1755.0
2025-01-01 16:19:00,75.12,11.84,0.0498,4.78,1732.0
2025-01-01 16:20:00,75.02,12.24,0.0502,4.81,1753.0
2025-01-01 16:21:00,74.9,11.66,0.0427,4.78,1783.0
2025-01-01 16:22:00,75.0,11.99,0.0438,4.97,1741.0
2025-01-01 16:23:00,74.85,11.96,0.0468,4.82,1740.0
2025-01-01 16:24:00,75.15,11.93,0.0445,4.86,1758.0
2025-01-01 16:25:00,75.15,11.85,0.0476,4.81,1772.0
2025-01-01 16:26:00,74.78,11.86,0.0392,4.75,1757.0
2025-01-01 16:27:00,74.95,12.06,0.0468,4.83,1768.0
2025-01-01 16:28:00,75.24,12.13,0.0426,4.83,1775.0
2025-01-01 16:29:00,75.14,11.96,0.0441,4.83,1721.0
2025-01-01 16:30:00,74.97,12.03,0.0446,4.9,1742.0
2025-01-01 16:31:00,74.54,11.79,0.0398,4.77,1740.0
2025-01-01 16:32:00,74.99,12.18,0.0413,4.66,1751.0
2025-01-01 16:33:00,74.74,12.12,0.0461,4.84,1748.0
2025-01-01 16:34:00,74.84,12.17,0.0423,4.83,1769.0
2025-01-01 16:35:00,75.12,12.26,0.0451,4.78,1749.0
2025-01-01 16:36:00,74.89,12.08,0.044,4.79,1747.0
2025-01-01 16:37:00,75.22,11.77,0.0425,4.86,1756.0
2025-01-01 16:38:00,75.78,12.16,0.0462,4.81,1724.0
2025-01-01 16:39:00,74.8,12.32,0.0407,4.79,1759.0
2025-01-01 16:40:00,75.1,12.04,0.0446,4.87,1708.0
2025-01-01 16:41:00,74.89,11.83,0.0506,4.77,1767.0
2025-01-01 16:42:00,75.05,11.93,0.046,4.75,1759.0
2025-01-01 16:43:00,75.42,11.92,0.0433,4.89,1763.0
2025-01-01 16:44:00,75.06,12.2,0.0441,4.7,1751.0
2025-01-01 16:45:00,74.81,12.01,0.0405,4.75,1752.0
2025-01-01 16:46:00,74.77,11.76,0.0424,4.72,1735.0
2025-01-01 16:47:00,75.32,11.95,0.0436,4.79,1752.0
2025-01-01 16:48:00,75.01,12.08,0.0519,4.85,1726.0
2025-01-01 16:49:00,75.01,11.92,0.0468,4.75,1763.0
2025-01-01 16:50:00,75.24,11.95,0.045,4.85,1730.0
2025-01-01 16:51:00,74.98,11.9,0.0402,4.79,1743.0
2025-01-01 16:52:00,75.09,11.88,0.045,4.8,1729.0
2025-01-01 16:53:00,74.43,12.03,0.0441,4.87,1748.0
2025-01-01 16:54:00,74.82,11.81,0.0411,4.78,1748.0
2025-01-01 16:55:00,75.11,12.07,0.0454,4.83,1751.0
2025-01-01 16:56:00,74.9,12.27,0.0455,4.86,1733.0
2025-01-01 16:57:00,74.76,11.95,0.047,4.88,1745.0
2025-01-01 16:58:00,74.65,12.1,0.0449,4.86,1742.0
2025-01-01 16:59:00,75.22,12.35,0.0455,4.82,1739.0
2025-01-01 17:00:00,74.9,12.04,0.047,4.81,1763.0
2025-01-01 17:01:00,74.69,12.1,0.0444,4.82,1754.0
2025-01-01 17:02:00,74.77,12.02,0.0443,4.73,1742.0
2025-01-01 17:03:00,74.57,11.81,0.0477,4.8,1740.0
2025-01-01 17:04:00,75.56,12.31,0.0501,4.78,1735.0
2025-01-01 17:05:00,74.96,11.73,0.0474,4.81,1721.0
2025-01-01 17:06:00,75.04,12.21,0.0422,4.8,1734.0
2025-01-01 17:07:00,74.69,12.01,0.0421,4.76,1748.0
2025-01-01 17:08:00,74.76,12.14,0.0418,4.74,1728.0
2025-01-01 17:09:00,75.43,11.64,0.0447,4.78,1744.0
2025-01-01 17:10:00,75.33,11.76,0.0439,4.74,1758.0
2025-01-01 17:11:00,74.74,12.18,0.0407,4.82,1768.0
2025-01-01 17:12:00,74.71,12.13,0.0475,4.75,1774.0
2025-01-01 17:13:00,74.65,12.16,0.0434,4.79,1749.0
2025-01-01 17:14:00,74.81,11.98,0.0503,4.84,1751.0
2025-01-01 17:15:00,75.29,11.96,0.0433,4.76,1754.0
2025-01-01 17:16:00,74.66,12.1,0.0459,4.76,1753.0
2025-01-01 17:17:00,74.56,12.32,0.0486,4.79,1722.0
2025-01-01 17:18:00,74.6,12.36,0.0488,4.78,1776.0
2025-01-01 17:19:00,75.36,11.89,0.0486,4.83,1746.0
2025-01-01 17:20:00,75.15,12.13,0.0426,4.79,1737.0
2025-01-01 17:21:00,74.56,12.21,0.045,4.75,1759.0
2025-01-01 17:22:00,75.61,11.92,0.0471,4.79,1740.0
2025-01-01 17:23:00,74.81,11.96,0.0389,4.76,1725.0
2025-01-01 17:24:00,74.77,11.77,0.0446,4.88,1755.0
2025-01-01 17:25:00,75.05,12.11,0.0443,4.67,1776.0
2025-01-01 17:26:00,75.4,11.75,0.0452,4.72,1754.0
2025-01-01 17:27:00,75.69,12.24,0.0425,4.79,1751.0
2025-01-01 17:28:00,74.95,11.94,0.0463,4.85,1762.0
2025-01-01 17:29:00,74.49,12.22,0.0465,4.83,1757.0
2025-01-01 17:30:00,75.39,11.65,0.0498,4.82,1740.0
2025-01-01 17:31:00,74.6,11.96,0.0535,4.92,1738.0
2025-01-01 17:32:00,74.88,11.96,0.0497,4.82,1727.0
2025-01-01 17:33:00,74.59,11.98,0.0393,4.81,1743.0
2025-01-01 17:34:00,74.91,12.02,0.0365,4.84,1744.0
2025-01-01 17:35:00,74.77,11.93,0.0489,4.76,1760.0
2025-01-01 17:36:00,75.89,11.9,0.0423,4.79,1758.0
2025-01-01 17:37:00,75.2,12.27,0.0468,4.79,1754.0
2025-01-01 17:38:00,74.69,12.08,0.0453,4.78,1774.0
2025-01-01 17:39:00,75.18,11.92,0.0435,4.85,1737.0
2025-01-01 17:40:00,74.72,12.29,0.0428,4.84,1727.0
2025-01-01 17:41:00,74.91,12.05,0.0397,4.79,1731.0
2025-01-01 17:42:00,75.43,12.01,0.0407,4.82,1756.0
2025-01-01 17:43:00,74.83,12.1,0.0392,4.92,1732.0
2025-01-01 17:44:00,75.38,12.21,0.0455,4.77,1732.0
2025-01-01 17:45:00,75.1,12.21,0.0443,4.84,1745.0
2025-01-01 17:46:00,74.83,11.86,0.0464,4.72,1752.0
2025-01-01 17:47:00,74.7,12.28,0.0379,4.77,1763.0
2025-01-01 17:48:00,75.21,11.88,0.041,4.83,1746.0
2025-01-01 17:49:00,75.09,11.8,0.044,4.83,1756.0
2025-01-01 17:50:00,75.63,11.79,0.0497,4.79,1751.0
2025-01-01 17:51:00,74.97,12.17,0.046,4.83,1747.0
2025-01-01 17:52:00,74.93,12.32,0.0428,4.77,1711.0
2025-01-01 17:53:00,75.03,11.95,0.0448,4.73,1760.0
2025-01-01 17:54:00,75.18,11.85,0.0437,4.86,1751.0
2025-01-01 17:55:00,74.97,12.36,0.0421,4.81,1741.0
2025-01-01 17:56:00,75.04,11.66,0.0441,4.7,1722.0
2025-01-01 17:57:00,75.37,11.66,0.0419,4.76,1764.0
2025-01-01 17:58:00,74.95,12.17,0.0432,4.87,1739.0
2025-01-01 17:59:00,75.31,12.21,0.0462,4.84,1749.0
2025-01-01 18:00:00,70.24,10.01,0.0248,4.58,1481.0
2025-01-01 18:01:00,70.33,10.05,0.0292,4.51,1501.0
2025-01-01 18:02:00,69.86,10.11,0.0217,4.52,1509.0
2025-01-01 18:03:00,70.03,10.18,0.0245,4.53,1480.0
2025-01-01 18:04:00,69.87,9.86,0.0218,4.5,1455.0
2025-01-01 18:05:00,70.12,9.94,0.0237,4.46,1511.0
2025-01-01 18:06:00,69.87,10.03,0.024,4.56,1516.0
2025-01-01 18:07:00,70.23,10.13,0.0274,4.49,1519.0
2025-01-01 18:08:00,70.18,10.03,0.0227,4.51,1513.0
2025-01-01 18:09:00,70.54,9.65,0.0291,4.48,1510.0
2025-01-01 18:10:00,70.35,9.64,0.0251,4.55,1512.0
2025-01-01 18:11:00,70.52,9.99,0.0199,4.39,1512.0
2025-01-01 18:12:00,70.0,10.05,0.0258,4.38,1506.0
2025-01-01 18:13:00,70.06,9.86,0.0235,4.52,1480.0
2025-01-01 18:14:00,70.34,9.41,0.0248,4.49,1510.0
2025-01-01 18:15:00,69.94,10.04,0.0316,4.55,1472.0
2025-01-01 18:16:00,69.6,10.1,0.0251,4.47,1496.0
2025-01-01 18:17:00,69.49,10.13,0.0187,4.54,1503.0
2025-01-01 18:18:00,69.94,10.31,0.0298,4.57,1504.0
2025-01-01 18:19:00,69.91,10.16,0.0197,4.53,1501.0
2025-01-01 18:20:00,69.93,10.01,0.0262,4.58,1510.0
2025-01-01 18:21:00,69.31,9.8,0.0281,4.58,1534.0
2025-01-01 18:22:00,69.64,10.19,0.0194,4.58,1502.0
2025-01-01 18:23:00,70.3,10.33,0.0237,4.47,1500.0
2025-01-01 18:24:00,69.92,9.82,0.0251,4.5,1500.0
2025-01-01 18:25:00,70.54,9.83,0.0246,4.55,1497.0
2025-01-01 18:26:00,69.81,9.93,0.0264,4.51,1479.0
2025-01-01 18:27:00,70.07,10.47,0.0239,4.39,1513.0
2025-01-01 18:28:00,70.11,10.1,0.0269,4.54,1515.0
2025-01-01 18:29:00,70.25,10.21,0.0204,4.47,1529.0
2025-01-01 18:30:00,70.03,9.94,0.0258,4.51,1499.0
2025-01-01 18:31:00,70.17,9.74,0.0236,4.45,1515.0
2025-01-01 18:32:00,70.54,9.8,0.0268,4.47,1527.0
2025-01-01 18:33:00,69.65,9.91,0.0235,4.49,1486.0
2025-01-01 18:34:00,69.93,9.85,0.0258,4.44,1498.0
2025-01-01 18:35:00,69.9,9.97,0.0231,4.45,1497.0
2025-01-01 18:36:00,70.02,9.84,0.0296,4.46,1493.0
2025-01-01 18:37:00,70.13,10.36,0.0232,4.55,1464.0
2025-01-01 18:38:00,70.09,9.91,0.025,4.46,1487.0
2025-01-01 18:39:00,69.89,10.05,0.0234,4.51,1484.0
2025-01-01 18:40:00,69.92,9.76,0.0258,4.48,1519.0
2025-01-01 18:41:00,69.88,10.16,0.0257,4.42,1505.0
2025-01-01 18:42:00,70.57,10.41,0.025,4.49,1508.0
2025-01-01 18:43:00,69.92,9.86,0.0304,4.54,1504.0
2025-01-01 18:44:00,69.97,9.84,0.0266,4.5,1485.0
2025-01-01 18:45:00,70.02,9.79,0.0204,4.41,1520.0
2025-01-01 18:46:00,70.34,10.03,0.0269,4.49,1486.0
2025-01-01 18:47:00,69.21,9.66,0.0256,4.53,1518.0
2025-01-01 18:48:00,69.96,9.79,0.0266,4.48,1502.0
2025-01-01 18:49:00,70.21,9.88,0.0215,4.5,1485.0
2025-01-01 18:50:00,69.75,10.07,0.0224,4.55,1491.0
2025-01-01 18:51:00,70.24,10.01,0.0184,4.45,1491.0
2025-01-01 18:52:00,69.17,9.86,0.0242,4.52,1507.0
2025-01-01 18:53:00,70.0,9.97,0.0281,4.45,1511.0
2025-01-01 18:54:00,69.71,10.24,0.0284,4.43,1490.0
2025-01-01 18:55:00,70.46,10.21,0.0275,4.45,1473.0
2025-01-01 18:56:00,69.87,10.39,0.023,4.46,1496.0
2025-01-01 18:57:00,70.0,10.09,0.0287,4.55,1494.0
2025-01-01 18:58:00,70.3,9.95,0.0239,4.49,1495.0
2025-01-01 18:59:00,69.76,9.89,0.0256,4.47,1494.0
2025-01-01 19:00:00,70.54,10.04,0.023,4.53,1504.0
2025-01-01 19:01:00,69.97,9.97,0.0201,4.52,1523.0
2025-01-01 19:02:00,69.91,9.73,0.0193,4.54,1499.0
2025-01-01 19:03:00,69.78,10.18,0.0262,4.61,1514.0
2025-01-01 19:04:00,69.81,10.18,0.0215,4.46,1501.0
2025-01-01 19:05:00,70.13,10.05,0.0252,4.48,1485.0
2025-01-01 19:06:00,69.81,9.99,0.0201,4.43,1475.0
2025-01-01 19:07:00,69.94,9.92,0.0211,4.53,1493.0
2025-01-01 19:08:00,69.89,9.79,0.0285,4.5,1490.0
2025-01-01 19:09:00,69.86,9.74,0.0256,4.52,1532.0
2025-01-01 19:10:00,70.2,9.86,0.0278,4.56,1512.0
2025-01-01 19:11:00,69.9,10.0,0.0282,4.42,1508.0
2025-01-01 19:12:00,70.44,10.26,0.0261,4.49,1543.0
2025-01-01 19:13:00,69.6,9.74,0.03,4.53,1501.0
2025-01-01 19:14:00,69.94,9.93,0.0249,4.45,1491.0
2025-01-01 19:15:00,69.69,9.45,0.0237,4.45,1501.0
2025-01-01 19:16:00,70.09,9.92,0.0281,4.52,1494.0
2025-01-01 19:17:00,70.13,10.17,0.0224,4.43,1483.0
2025-01-01 19:18:00,69.92,9.95,0.0255,4.45,1495.0
2025-01-01 19:19:00,69.71,9.82,0.0289,4.52,1515.0
2025-01-01 19:20:00,69.74,10.21,0.0298,4.47,1515.0
2025-01-01 19:21:00,69.13,9.92,0.0239,4.49,1512.0
2025-01-01 19:22:00,70.02,9.7,0.0229,4.52,1507.0
2025-01-01 19:23:00,69.52,9.98,0.0217,4.46,1493.0
2025-01-01 19:24:00,69.65,10.39,0.0274,4.51,1498.0
2025-01-01 19:25:00,69.81,9.93,0.0235,4.57,1502.0
2025-01-01 19:26:00,69.72,9.95,0.0279,4.51,1487.0
2025-01-01 19:27:00,69.39,10.16,0.0229,4.59,1489.0
2025-01-01 19:28:00,69.61,10.18,0.019,4.48,1483.0
2025-01-01 19:29:00,69.79,10.12,0.024,4.46,1497.0
2025-01-01 19:30:00,70.48,10.18,0.0226,4.56,1501.0
2025-01-01 19:31:00,69.94,9.81,0.0273,4.49,1512.0
2025-01-01 19:32:00,70.15,9.86,0.0234,4.45,1513.0
2025-01-01 19:33:00,70.34,9.97,0.0205,4.52,1521.0
2025-01-01 19:34:00,69.67,9.76,0.0193,4.52,1505.0
2025-01-01 19:35:00,69.84,10.03,0.0226,4.47,1509.0
2025-01-01 19:36:00,69.7,10.17,0.0251,4.53,1489.0
2025-01-01 19:37:00,70.0,9.78,0.029,4.49,1494.0
2025-01-01 19:38:00,69.85,9.79,0.023,4.53,1496.0
2025-01-01 19:39:00,70.24,9.93,0.0347,4.45,1475.0
2025-01-01 19:40:00,69.48,9.93,0.0232,4.49,1483.0
2025-01-01 19:41:00,69.93,9.98,0.0295,4.47,1468.0
2025-01-01 19:42:00,70.3,9.97,0.0251,4.51,1505.0
2025-01-01 19:43:00,69.98,10.02,0.022,4.52,1495.0
2025-01-01 19:44:00,70.24,10.28,0.0208,4.58,1485.0
2025-01-01 19:45:00,70.23,9.47,0.0262,4.48,1504.0
2025-01-01 19:46:00,69.77,10.44,0.0215,4.54,1503.0
2025-01-01 19:47:00,69.97,9.81,0.0268,4.48,1501.0
2025-01-01 19:48:00,70.15,9.67,0.0249,4.42,1510.0
2025-01-01 19:49:00,69.97,9.92,0.0248,4.46,1490.0
2025-01-01 19:50:00,70.42,9.8,0.0237,4.53,1492.0
2025-01-01 19:51:00,70.12,9.89,0.0298,4.59,1506.0
2025-01-01 19:52:00,70.16,9.97,0.0256,4.58,1498.0
2025-01-01 19:53:00,70.44,9.95,0.0233,4.45,1495.0
2025-01-01 19:54:00,69.88,9.98,0.0172,4.44,1518.0
2025-01-01 19:55:00,69.26,10.12,0.0233,4.45,1488.0
2025-01-01 19:56:00,70.1,10.64,0.0266,4.45,1502.0
2025-01-01 19:57:00,70.28,10.19,0.0305,4.48,1498.0
2025-01-01 19:58:00,69.93,10.2,0.0236,4.54,1502.0
2025-01-01 19:59:00,70.31,9.98,0.0241,4.5,1501.0
2025-01-01 20:00:00,69.69,9.5,0.0289,4.49,1497.0
2025-01-01 20:01:00,70.05,10.03,0.0226,4.46,1486.0
2025-01-01 20:02:00,70.44,9.68,0.0259,4.55,1508.0
2025-01-01 20:03:00,70.57,10.11,0.0252,4.48,1502.0
2025-01-01 20:04:00,70.08,9.8,0.0243,4.47,1496.0
2025-01-01 20:05:00,69.81,9.96,0.0239,4.51,1528.0
2025-01-01 20:06:00,70.19,9.81,0.0254,4.53,1500.0
2025-01-01 20:07:00,69.62,9.78,0.018,4.57,1495.0
2025-01-01 20:08:00,70.0,9.98,0.027,4.54,1484.0
2025-01-01 20:09:00,70.02,9.78,0.0234,4.47,1488.0
2025-01-01 20:10:00,69.9,10.35,0.029,4.61,1516.0
2025-01-01 20:11:00,69.53,9.74,0.025,4.48,1471.0
2025-01-01 20:12:00,70.03,10.02,0.0277,4.47,1497.0
2025-01-01 20:13:00,70.4,10.11,0.0228,4.47,1499.0
2025-01-01 20:14:00,69.46,9.83,0.0263,4.43,1488.0
2025-01-01 20:15:00,69.88,9.92,0.0194,4.6,1518.0
2025-01-01 20:16:00,69.71,10.16,0.0292,4.55,1508.0
2025-01-01 20:17:00,69.87,9.98,0.0273,4.59,1511.0
2025-01-01 20:18:00,69.87,9.59,0.0252,4.43,1498.0
2025-01-01 20:19:00,70.06,9.97,0.0271,4.51,1532.0
2025-01-01 20:20:00,69.93,10.14,0.0258,4.53,1518.0
2025-01-01 20:21:00,70.38,9.68,0.0245,4.46,1497.0
2025-01-01 20:22:00,70.29,10.16,0.0268,4.49,1531.0
2025-01-01 20:23:00,69.35,9.84,0.0225,4.51,1489.0
2025-01-01 20:24:00,70.11,9.87,0.0239,4.46,1505.0
2025-01-01 20:25:00,69.81,9.91,0.0237,4.55,1486.0
2025-01-01 20:26:00,70.36,9.96,0.0216,4.44,1508.0
2025-01-01 20:27:00,69.87,10.1,0.0273,4.54,1511.0
2025-01-01 20:28:00,70.12,9.79,0.0267,4.57,1495.0
2025-01-01 20:29:00,69.73,10.27,0.0282,4.47,1485.0
2025-01-01 20:30:00,70.07,9.98,0.0235,4.48,1475.0
2025-01-01 20:31:00,70.26,9.73,0.0287,4.49,1512.0
2025-01-01 20:32:00,69.94,10.06,0.0281,4.48,1487.0
2025-01-01 20:33:00,70.18,9.89,0.0221,4.5,1507.0
2025-01-01 20:34:00,70.1,9.8,0.0252,4.42,1505.0
2025-01-01 20:35:00,69.93,10.01,0.0234,4.48,1475.0
2025-01-01 20:36:00,70.18,9.87,0.0254,4.49,1521.0
2025-01-01 20:37:00,70.31,9.98,0.0253,4.46,1527.0
2025-01-01 20:38:00,84.94,12.77,0.2251,4.56,1496.0
2025-01-01 20:39:00,69.96,10.09,0.0227,4.48,1502.0
2025-01-01 20:40:00,70.14,10.42,0.0241,4.53,1478.0
2025-01-01 20:41:00,69.85,10.18,0.0216,4.55,1482.0
2025-01-01 20:42:00,69.72,10.05,0.0239,4.49,1507.0
2025-01-01 20:43:00,70.28,10.35,0.0216,4.51,1506.0
2025-01-01 20:44:00,70.36,10.32,0.0183,4.44,1486.0
2025-01-01 20:45:00,70.41,10.24,0.0213,4.49,1479.0
2025-01-01 20:46:00,69.92,10.04,0.0252,4.49,1506.0
2025-01-01 20:47:00,70.19,10.05,0.025,4.56,1489.0
2025-01-01 20:48:00,70.35,10.05,0.0239,4.5,1519.0
2025-01-01 20:49:00,69.78,9.98,0.0243,4.46,1497.0
2025-01-01 20:50:00,69.87,9.53,0.023,4.5,1490.0
2025-01-01 20:51:00,69.33,10.19,0.0215,4.49,1504.0
2025-01-01 20:52:00,70.19,10.26,0.0231,4.53,1504.0
2025-01-01 20:53:00,69.53,10.17,0.0275,4.45,1510.0
2025-01-01 20:54:00,69.6,10.2,0.0275,4.53,1529.0
2025-01-01 20:55:00,69.95,9.89,0.0246,4.52,1515.0
2025-01-01 20:56:00,69.94,10.1,0.0243,4.53,1515.0
2025-01-01 20:57:00,69.87,10.13,0.0262,4.47,1479.0
2025-01-01 20:58:00,70.23,10.22,0.0235,4.43,1474.0
2025-01-01 20:59:00,70.1,10.09,0.0191,4.52,1525.0
2025-01-01 21:00:00,70.27,10.32,0.0239,4.55,1489.0
2025-01-01 21:01:00,70.81,10.17,0.0241,4.47,1507.0
2025-01-01 21:02:00,70.21,10.12,0.0247,4.54,1498.0
2025-01-01 21:03:00,69.5,10.03,0.0232,4.46,1505.0
2025-01-01 21:04:00,70.21,10.16,0.0298,4.45,1504.0
2025-01-01 21:05:00,70.39,9.72,0.021,4.38,1474.0
2025-01-01 21:06:00,69.79,10.32,0.0256,4.55,1491.0
2025-01-01 21:07:00,69.71,9.9,0.0253,4.49,1496.0
2025-01-01 21:08:00,70.0,10.18,0.0225,4.42,1498.0
2025-01-01 21:09:00,70.03,10.05,0.0273,4.48,1515.0
2025-01-01 21:10:00,69.73,9.94,0.0276,4.49,1504.0
2025-01-01 21:11:00,69.97,9.67,0.0262,4.5,1489.0
2025-01-01 21:12:00,70.07,9.79,0.0222,4.6,1480.0
2025-01-01 21:13:00,70.05,9.71,0.0245,4.4,1498.0
2025-01-01 21:14:00,69.97,9.99,0.0344,4.52,1487.0
2025-01-01 21:15:00,68.78,9.82,0.0235,4.51,1496.0
2025-01-01 21:16:00,69.88,10.0,0.0191,4.5,1484.0
2025-01-01 21:17:00,69.72,9.75,0.0209,4.46,1517.0
2025-01-01 21:18:00,69.72,10.12,0.0266,4.56,1488.0
2025-01-01 21:19:00,69.57,9.84,0.0226,4.48,1513.0
2025-01-01 21:20:00,84.7,12.88,0.2271,4.55,1500.0
2025-01-01 21:21:00,70.18,10.08,0.0279,4.4,1488.0
2025-01-01 21:22:00,69.86,9.71,0.0242,4.41,1505.0
2025-01-01 21:23:00,69.33,10.17,0.0245,4.44,1512.0
2025-01-01 21:24:00,70.12,10.3,0.0245,4.58,1505.0
2025-01-01 21:25:00,70.15,10.34,0.0293,4.55,1498.0
2025-01-01 21:26:00,69.53,9.95,0.0288,4.51,1494.0
2025-01-01 21:27:00,69.85,9.6,0.0246,4.42,1484.0
2025-01-01 21:28:00,70.14,10.14,0.0294,4.55,1509.0
2025-01-01 21:29:00,70.11,10.03,0.0268,4.47,1497.0
2025-01-01 21:30:00,70.12,9.81,0.0267,4.5,1476.0
2025-01-01 21:31:00,70.7,9.74,0.0313,4.54,1491.0
2025-01-01 21:32:00,69.88,9.99,0.0244,4.42,1493.0
2025-01-01 21:33:00,69.79,10.21,0.0291,4.57,1505.0
2025-01-01 21:34:00,70.14,9.95,0.0245,4.46,1490.0
2025-01-01 21:35:00,70.12,10.11,0.0258,4.47,1507.0
2025-01-01 21:36:00,69.98,10.13,0.023,4.52,1479.0
2025-01-01 21:37:00,70.29,10.02,0.0258,4.55,1498.0
2025-01-01 21:38:00,70.34,10.22,0.026,4.47,1499.0
2025-01-01 21:39:00,69.56,10.37,0.025,4.49,1533.0
2025-01-01 21:40:00,70.82,9.88,0.02,4.48,1499.0
2025-01-01 21:41:00,70.12,10.42,0.0265,4.44,1503.0
2025-01-01 21:42:00,70.07,9.98,0.0251,4.43,1504.0
2025-01-01 21:43:00,70.54,10.09,0.027,4.53,1506.0
2025-01-01 21:44:00,69.81,9.96,0.0285,4.46,1501.0
2025-01-01 21:45:00,69.7,10.29,0.0232,4.53,1510.0
2025-01-01 21:46:00,69.84,10.29,0.0264,4.6,1529.0
2025-01-01 21:47:00,69.95,10.03,0.0241,4.51,1492.0
2025-01-01 21:48:00,70.01,9.7,0.0266,4.43,1491.0
2025-01-01 21:49:00,70.32,9.79,0.0272,4.46,1470.0
2025-01-01 21:50:00,70.25,10.04,0.022,4.45,1491.0
2025-01-01 21:51:00,69.79,9.94,0.0255,4.51,1497.0
2025-01-01 21:52:00,69.81,10.22,0.0219,4.44,1480.0
2025-01-01 21:53:00,69.79,9.85,0.0235,4.53,1495.0
2025-01-01 21:54:00,69.85,10.19,0.0257,4.43,1508.0
2025-01-01 21:55:00,69.66,10.21,0.028,4.51,1474.0
2025-01-01 21:56:00,69.83,10.26,0.0303,4.48,1493.0
2025-01-01 21:57:00,69.72,9.88,0.0258,4.54,1482.0
2025-01-01 21:58:00,69.71,10.28,0.0274,4.42,1496.0
2025-01-01 21:59:00,70.47,9.44,0.0265,4.44,1513.0
2025-01-01 22:00:00,69.79,9.89,0.0234,4.56,1499.0
2025-01-01 22:01:00,69.74,10.0,0.0241,4.49,1489.0
2025-01-01 22:02:00,69.83,10.25,0.0231,4.54,1513.0
2025-01-01 22:03:00,69.85,9.95,0.0199,4.6,1497.0
2025-01-01 22:04:00,70.29,10.0,0.0268,4.45,1494.0
2025-01-01 22:05:00,69.91,9.99,0.0193,4.47,1504.0
2025-01-01 22:06:00,70.19,9.95,0.0153,4.42,1499.0
2025-01-01 22:07:00,70.44,9.99,0.0265,4.55,1486.0
2025-01-01 22:08:00,70.15,9.59,0.024,4.54,1503.0
2025-01-01 22:09:00,70.21,10.33,0.026,3.5,1200.0
2025-01-01 22:10:00,70.29,10.27,0.0267,4.52,1493.0
2025-01-01 22:11:00,70.04,9.93,0.0265,4.49,1485.0
2025-01-01 22:12:00,70.43,9.96,0.0227,4.51,1532.0
2025-01-01 22:13:00,69.97,10.12,0.0229,4.53,1499.0
2025-01-01 22:14:00,69.91,9.86,0.0282,4.45,1502.0
2025-01-01 22:15:00,69.7,9.78,0.0281,4.54,1480.0
2025-01-01 22:16:00,70.06,9.78,0.0283,4.43,1467.0
2025-01-01 22:17:00,69.79,9.93,0.0251,4.48,1506.0
2025-01-01 22:18:00,70.25,9.7,0.0267,4.56,1473.0
2025-01-01 22:19:00,69.76,9.84,0.0269,4.4,1505.0
2025-01-01 22:20:00,70.4,10.14,0.0267,4.61,1506.0
2025-01-01 22:21:00,70.45,10.19,0.0259,4.45,1489.0
2025-01-01 22:22:00,70.02,9.77,0.0225,4.57,1519.0
2025-01-01 22:23:00,69.57,9.79,0.0277,4.6,1513.0
2025-01-01 22:24:00,69.69,10.02,0.0265,4.47,1493.0
2025-01-01 22:25:00,69.56,9.98,0.0255,4.55,1507.0
2025-01-01 22:26:00,70.09,10.2,0.0309,4.53,1495.0
2025-01-01 22:27:00,69.84,10.04,0.0261,4.55,1488.0
2025-01-01 22:28:00,70.17,9.83,0.0228,4.51,1491.0
2025-01-01 22:29:00,69.57,9.8,0.028,4.43,1517.0
2025-01-01 22:30:00,69.92,10.23,0.0261,4.53,1505.0
2025-01-01 22:31:00,70.06,9.89,0.0226,4.57,1492.0
2025-01-01 22:32:00,69.99,9.91,0.0262,4.48,1492.0
2025-01-01 22:33:00,70.22,10.16,0.0219,4.48,1499.0
2025-01-01 22:34:00,70.03,10.19,0.0163,4.52,1492.0
2025-01-01 22:35:00,70.19,10.01,0.021,4.61,1486.0
2025-01-01 22:36:00,69.77,9.7,0.0225,4.36,1517.0
2025-01-01 22:37:00,69.75,10.17,0.0252,4.49,1517.0
2025-01-01 22:38:00,70.32,10.1,0.0281,4.56,1501.0
2025-01-01 22:39:00,70.5,9.9,0.0259,4.47,1502.0
2025-01-01 22:40:00,69.74,9.73,0.0221,4.53,1485.0
2025-01-01 22:41:00,69.65,10.1,0.0251,4.46,1502.0
2025-01-01 22:42:00,70.35,9.9,0.0278,4.52,1510.0
2025-01-01 22:43:00,70.3,9.9,0.0211,4.49,1501.0
2025-01-01 22:44:00,70.09,9.46,0.026,4.56,1483.0
2025-01-01 22:45:00,70.18,10.18,0.0266,4.46,1480.0
2025-01-01 22:46:00,70.21,9.89,0.0218,4.55,1510.0
2025-01-01 22:47:00,69.99,10.31,0.0307,4.47,1503.0
2025-01-01 22:48:00,69.89,9.92,0.023,4.45,1503.0
2025-01-01 22:49:00,69.87,9.88,0.027,4.55,1481.0
2025-01-01 22:50:00,70.06,10.07,0.0182,4.47,1510.0
2025-01-01 22:51:00,70.37,9.86,0.0256,4.43,1495.0
2025-01-01 22:52:00,69.92,9.84,0.0236,4.62,1498.0
2025-01-01 22:53:00,69.91,10.17,0.0233,4.4,1491.0
2025-01-01 22:54:00,70.11,9.75,0.0246,4.53,1502.0
2025-01-01 22:55:00,70.51,10.09,0.0274,4.47,1494.0
2025-01-01 22:56:00,69.87,10.01,0.0201,4.45,1526.0
2025-01-01 22:57:00,70.48,10.03,0.0274,4.58,1509.0
2025-01-01 22:58:00,70.21,10.19,0.0245,4.49,1508.0
2025-01-01 22:59:00,69.86,10.24,0.022,4.49,1479.0
2025-01-01 23:00:00,69.67,9.93,0.0273,4.52,1480.0
2025-01-01 23:01:00,70.02,10.19,0.0236,4.49,1501.0
2025-01-01 23:02:00,70.42,9.72,0.024,4.5,1525.0
2025-01-01 23:03:00,69.83,9.74,0.0213,4.57,1502.0
2025-01-01 23:04:00,69.84,10.01,0.022,4.51,1495.0
2025-01-01 23:05:00,69.87,10.23,0.0268,4.58,1476.0
2025-01-01 23:06:00,70.13,10.24,0.027,4.5,1514.0
2025-01-01 23:07:00,69.75,10.18,0.0221,4.41,1510.0
2025-01-01 23:08:00,69.61,9.74,0.0177,4.49,1512.0
2025-01-01 23:09:00,69.98,9.81,0.0213,4.47,1487.0
2025-01-01 23:10:00,69.89,9.99,0.0278,4.52,1489.0
2025-01-01 23:11:00,69.69,10.09,0.0235,4.48,1507.0
2025-01-01 23:12:00,70.19,9.96,0.0227,4.45,1489.0
2025-01-01 23:13:00,69.98,10.07,0.0318,4.56,1525.0
2025-01-01 23:14:00,69.8,9.87,0.0277,4.43,1503.0
2025-01-01 23:15:00,69.73,10.04,0.0242,4.51,1510.0
2025-01-01 23:16:00,69.85,9.8,0.0241,4.55,1498.0
2025-01-01 23:17:00,70.16,10.16,0.0246,4.5,1498.0
2025-01-01 23:18:00,69.68,9.55,0.0232,4.56,1498.0
2025-01-01 23:19:00,70.09,9.85,0.0256,4.48,1494.0
2025-01-01 23:20:00,70.15,9.85,0.0289,4.6,1537.0
2025-01-01 23:21:00,70.56,10.11,0.0217,4.53,1498.0
2025-01-01 23:22:00,69.69,9.65,0.0253,4.42,1474.0
2025-01-01 23:23:00,69.63,10.21,0.0229,4.52,1495.0
2025-01-01 23:24:00,70.44,9.93,0.0262,4.52,1485.0
2025-01-01 23:25:00,70.22,10.31,0.0288,4.45,1514.0
2025-01-01 23:26:00,70.07,9.81,0.0285,4.43,1474.0
2025-01-01 23:27:00,69.45,9.79,0.0218,4.53,1484.0
2025-01-01 23:28:00,70.13,10.25,0.0262,4.55,1502.0
2025-01-01 23:29:00,69.98,9.98,0.0259,4.45,1498.0
2025-01-01 23:30:00,70.05,10.2,0.022,4.48,1489.0
2025-01-01 23:31:00,69.68,9.91,0.0303,4.5,1505.0
2025-01-01 23:32:00,69.63,9.82,0.02,4.58,1505.0
2025-01-01 23:33:00,69.58,10.32,0.017,4.5,1500.0
2025-01-01 23:34:00,70.22,9.87,0.0247,4.6,1516.0
2025-01-01 23:35:00,70.43,10.38,0.0237,4.45,1492.0
2025-01-01 23:36:00,69.57,9.97,0.0336,4.59,1507.0
2025-01-01 23:37:00,70.01,9.99,0.027,4.42,1500.0
2025-01-01 23:38:00,70.3,9.68,0.0208,4.6,1518.0
2025-01-01 23:39:00,69.63,9.85,0.0244,4.57,1524.0
2025-01-01 23:40:00,70.41,10.25,0.0236,4.52,1484.0
2025-01-01 23:41:00,68.96,9.95,0.0286,4.53,1529.0
2025-01-01 23:42:00,69.76,9.7,0.0229,4.5,1496.0
2025-01-01 23:43:00,69.98,9.83,0.0245,4.51,1489.0
2025-01-01 23:44:00,69.4,10.06,0.0246,4.44,1515.0
2025-01-01 23:45:00,70.46,10.07,0.0284,4.44,1500.0
2025-01-01 23:46:00,69.87,10.0,0.0277,4.42,1510.0
2025-01-01 23:47:00,69.71,10.12,0.0227,4.58,1510.0
2025-01-01 23:48:00,70.12,10.0,0.0209,4.5,1467.0
2025-01-01 23:49:00,69.93,10.18,0.0198,4.46,1483.0
2025-01-01 23:50:00,70.18,10.3,0.0252,4.52,1487.0
2025-01-01 23:51:00,70.27,9.94,0.0246,4.49,1498.0
2025-01-01 23:52:00,69.53,10.1,0.0235,4.57,1504.0
2025-01-01 23:53:00,69.59,10.19,0.0215,4.48,1492.0
2025-01-01 23:54:00,70.1,10.21,0.0236,4.52,1500.0
2025-01-01 23:55:00,70.21,10.12,0.0276,4.5,1470.0
2025-01-01 23:56:00,69.73,10.0,0.0226,4.54,1502.0
2025-01-01 23:57:00,69.86,10.1,0.025,4.54,1506.0
2025-01-01 23:58:00,70.07,9.95,0.0237,4.52,1505.0
2025-01-01 23:59:00,68.91,10.0,0.0193,4.5,1492.0
2025-01-02 00:00:00,69.93,10.26,0.0261,4.46,1501.0
2025-01-02 00:01:00,69.81,9.77,0.021,4.51,1509.0
2025-01-02 00:02:00,70.86,9.79,0.0224,4.49,1497.0
2025-01-02 00:03:00,69.79,10.04,0.0208,4.52,1484.0
2025-01-02 00:04:00,70.01,9.55,0.0233,4.52,1523.0
2025-01-02 00:05:00,69.93,9.88,0.0252,4.46,1498.0
2025-01-02 00:06:00,69.47,9.98,0.0269,4.48,1498.0
2025-01-02 00:07:00,69.69,10.21,0.0227,4.5,1516.0
2025-01-02 00:08:00,70.33,10.2,0.0215,4.43,1512.0
2025-01-02 00:09:00,69.86,10.03,0.0244,4.55,1504.0
2025-01-02 00:10:00,69.97,9.79,0.0224,4.43,1508.0
2025-01-02 00:11:00,69.82,10.15,0.023,4.49,1481.0
2025-01-02 00:12:00,69.8,9.92,0.0242,4.45,1499.0
2025-01-02 00:13:00,69.99,9.79,0.0228,4.44,1502.0
2025-01-02 00:14:00,69.95,10.08,0.0227,4.43,1507.0
2025-01-02 00:15:00,70.1,10.01,0.0255,4.48,1488.0
2025-01-02 00:16:00,70.22,10.1,0.0244,4.5,1486.0
2025-01-02 00:17:00,69.76,9.68,0.0239,4.48,1498.0
2025-01-02 00:18:00,70.32,10.08,0.0243,4.57,1494.0
2025-01-02 00:19:00,69.74,10.23,0.0215,4.43,1505.0
2025-01-02 00:20:00,70.16,9.9,0.0268,4.49,1511.0
2025-01-02 00:21:00,70.09,10.04,0.0222,4.47,1509.0
2025-01-02 00:22:00,69.56,10.09,0.0262,4.47,1492.0
2025-01-02 00:23:00,70.47,10.36,0.0256,4.4,1490.0
2025-01-02 00:24:00,70.14,9.89,0.0243,4.6,1482.0
2025-01-02 00:25:00,70.01,10.28,0.0253,4.45,1478.0
2025-01-02 00:26:00,69.82,9.85,0.0335,4.44,1497.0
2025-01-02 00:27:00,70.45,10.2,0.0251,4.45,1510.0
2025-01-02 00:28:00,70.19,10.1,0.0264,4.52,1508.0
2025-01-02 00:29:00,69.53,10.24,0.0293,4.55,1482.0
2025-01-02 00:30:00,69.87,9.82,0.0229,4.52,1517.0
2025-01-02 00:31:00,70.11,10.06,0.0192,4.48,1512.0
2025-01-02 00:32:00,69.56,9.63,0.0247,4.46,1498.0
2025-01-02 00:33:00,70.12,9.85,0.0247,4.37,1488.0
2025-01-02 00:34:00,69.5,9.75,0.0213,4.48,1503.0
2025-01-02 00:35:00,69.91,9.89,0.027,4.34,1494.0
2025-01-02 00:36:00,69.87,9.77,0.0311,4.42,1490.0
2025-01-02 00:37:00,69.59,10.05,0.0236,4.56,1487.0
2025-01-02 00:38:00,70.03,10.19,0.0279,4.58,1498.0
2025-01-02 00:39:00,70.24,10.05,0.0252,4.58,1492.0
2025-01-02 00:40:00,69.93,9.93,0.0267,4.51,1475.0
2025-01-02 00:41:00,70.25,10.0,0.0266,4.49,1507.0
2025-01-02 00:42:00,69.54,9.89,0.0278,4.52,1482.0
2025-01-02 00:43:00,69.9,10.17,0.0264,4.58,1499.0
2025-01-02 00:44:00,70.41,9.56,0.0272,4.45,1490.0
2025-01-02 00:45:00,69.71,10.63,0.025,4.57,1517.0
2025-01-02 00:46:00,69.87,9.8,0.029,4.59,1514.0
2025-01-02 00:47:00,70.16,9.82,0.0223,4.5,1527.0
2025-01-02 00:48:00,70.07,9.82,0.0203,4.53,1507.0
2025-01-02 00:49:00,69.73,10.06,0.0303,4.5,1498.0
2025-01-02 00:50:00,70.36,10.03,0.0227,4.63,1514.0
2025-01-02 00:51:00,70.07,10.12,0.0283,4.57,1542.0
2025-01-02 00:52:00,70.42,9.93,0.0249,4.47,1509.0
2025-01-02 00:53:00,69.62,10.25,0.0282,4.5,1499.0
2025-01-02 00:54:00,70.27,10.01,0.0291,4.48,1500.0
2025-01-02 00:55:00,69.64,9.75,0.0253,4.48,1487.0
2025-01-02 00:56:00,70.14,10.26,0.0311,4.45,1487.0
2025-01-02 00:57:00,69.77,10.29,0.0284,4.52,1505.0
2025-01-02 00:58:00,70.24,10.0,0.0249,4.58,1509.0
2025-01-02 00:59:00,70.12,10.09,0.0247,4.56,1486.0
2025-01-02 01:00:00,70.0,10.13,0.0264,4.55,1467.0
2025-01-02 01:01:00,69.66,9.94,0.0289,4.45,1510.0
2025-01-02 01:02:00,70.34,10.07,0.0295,4.49,1474.0
2025-01-02 01:03:00,70.35,10.11,0.0259,4.47,1498.0
2025-01-02 01:04:00,70.01,9.75,0.0199,4.51,1498.0
2025-01-02 01:05:00,70.3,9.77,0.0247,4.56,1491.0
2025-01-02 01:06:00,69.33,9.94,0.023,4.55,1518.0
2025-01-02 01:07:00,70.14,10.04,0.0216,4.52,1504.0
2025-01-02 01:08:00,70.4,10.01,0.022,4.48,1513.0
2025-01-02 01:09:00,69.36,10.54,0.0233,4.52,1482.0
2025-01-02 01:10:00,70.07,9.8,0.0253,4.49,1480.0
2025-01-02 01:11:00,70.11,10.05,0.0227,4.56,1515.0
2025-01-02 01:12:00,69.93,9.98,0.0259,4.47,1494.0
2025-01-02 01:13:00,70.25,9.97,0.0241,4.45,1489.0
2025-01-02 01:14:00,69.98,10.23,0.031,4.52,1466.0
2025-01-02 01:15:00,69.99,10.03,0.0233,4.47,1502.0
2025-01-02 01:16:00,69.84,9.6,0.026,4.4,1508.0
2025-01-02 01:17:00,70.19,10.16,0.0278,4.52,1510.0
2025-01-02 01:18:00,69.59,10.02,0.0215,4.55,1503.0
2025-01-02 01:19:00,70.1,9.73,0.0254,4.5,1489.0
2025-01-02 01:20:00,69.74,9.98,0.0319,4.52,1477.0
2025-01-02 01:21:00,70.12,10.07,0.0253,4.51,1490.0
2025-01-02 01:22:00,70.26,10.13,0.0196,4.5,1514.0
2025-01-02 01:23:00,70.43,9.61,0.0265,4.53,1519.0
2025-01-02 01:24:00,70.86,9.89,0.0211,4.5,1514.0
2025-01-02 01:25:00,69.8,9.63,0.0301,4.54,1514.0
2025-01-02 01:26:00,69.86,9.96,0.0302,4.53,1490.0
2025-01-02 01:27:00,69.92,10.13,0.0241,4.52,1512.0
2025-01-02 01:28:00,70.23,9.88,0.0252,4.5,1495.0
2025-01-02 01:29:00,69.94,10.02,0.0308,4.62,1504.0
2025-01-02 01:30:00,69.56,10.26,0.0201,4.47,1520.0
2025-01-02 01:31:00,70.38,9.92,0.021,4.49,1500.0
2025-01-02 01:32:00,70.08,10.15,0.025,4.45,1506.0
2025-01-02 01:33:00,70.02,10.03,0.0237,4.51,1507.0
2025-01-02 01:34:00,70.41,10.27,0.0229,4.48,1509.0
2025-01-02 01:35:00,70.37,10.22,0.0307,4.49,1502.0
2025-01-02 01:36:00,69.93,9.99,0.0266,4.45,1518.0
2025-01-02 01:37:00,69.69,10.03,0.0294,4.63,1508.0
2025-01-02 01:38:00,70.28,10.13,0.0242,4.53,1498.0
2025-01-02 01:39:00,69.9,9.96,0.0219,4.52,1515.0
2025-01-02 01:40:00,69.45,9.94,0.0271,4.51,1498.0
2025-01-02 01:41:00,70.37,9.87,0.0224,4.48,1504.0
2025-01-02 01:42:00,69.32,10.26,0.0218,4.46,1476.0
2025-01-02 01:43:00,69.78,9.84,0.024,4.44,1517.0
2025-01-02 01:44:00,70.58,10.0,0.0239,4.52,1509.0
2025-01-02 01:45:00,70.29,9.56,0.0251,4.45,1481.0
2025-01-02 01:46:00,70.29,10.26,0.0229,4.52,1499.0
2025-01-02 01:47:00,70.23,9.95,0.0244,4.5,1505.0
2025-01-02 01:48:00,70.32,10.14,0.0271,4.54,1526.0
2025-01-02 01:49:00,70.01,9.9,0.0279,4.41,1481.0
2025-01-02 01:50:00,69.71,9.85,0.0257,4.46,1510.0
2025-01-02 01:51:00,69.81,9.64,0.0252,4.46,1509.0
2025-01-02 01:52:00,69.89,9.85,0.026,4.51,1527.0
2025-01-02 01:53:00,69.74,9.92,0.0273,4.39,1471.0
2025-01-02 01:54:00,69.98,10.05,0.021,4.4,1477.0
2025-01-02 01:55:00,69.77,10.1,0.0183,4.44,1472.0
2025-01-02 01:56:00,70.33,9.78,0.0232,4.47,1488.0
2025-01-02 01:57:00,70.37,10.39,0.0214,4.42,1508.0
2025-01-02 01:58:00,69.73,9.74,0.0296,4.51,1483.0
2025-01-02 01:59:00,69.93,10.38,0.0239,4.54,1509.0
2025-01-02 02:00:00,69.84,10.12,0.0233,4.47,1529.0
2025-01-02 02:01:00,69.99,9.62,0.026,4.54,1491.0
2025-01-02 02:02:00,70.09,9.96,0.0295,4.48,1495.0
2025-01-02 02:03:00,70.24,9.92,0.0256,4.47,1502.0
2025-01-02 02:04:00,70.34,10.16,0.0246,4.51,1500.0
2025-01-02 02:05:00,70.22,9.66,0.023,4.58,1509.0
2025-01-02 02:06:00,70.31,9.59,0.0222,4.45,1519.0
2025-01-02 02:07:00,70.24,9.82,0.0232,4.57,1527.0
2025-01-02 02:08:00,69.9,10.01,0.0202,4.42,1504.0
2025-01-02 02:09:00,70.4,10.01,0.0263,4.44,1517.0
2025-01-02 02:10:00,69.45,10.19,0.0238,4.48,1494.0
2025-01-02 02:11:00,69.91,9.68,0.0227,4.48,1490.0
2025-01-02 02:12:00,70.28,9.94,0.0209,4.55,1505.0
2025-01-02 02:13:00,70.51,9.78,0.0273,4.46,1514.0
2025-01-02 02:14:00,69.68,9.85,0.0284,4.56,1485.0
2025-01-02 02:15:00,69.86,9.88,0.0261,4.53,1511.0
2025-01-02 02:16:00,69.37,10.16,0.0235,4.43,1510.0
2025-01-02 02:17:00,69.9,9.88,0.0231,4.37,1490.0
2025-01-02 02:18:00,69.81,9.75,0.0283,4.51,1464.0
2025-01-02 02:19:00,70.05,10.09,0.0307,4.53,1498.0
2025-01-02 02:20:00,69.3,9.65,0.0237,4.43,1514.0
2025-01-02 02:21:00,69.79,9.73,0.0225,4.48,1503.0
2025-01-02 02:22:00,70.13,10.01,0.0218,4.46,1467.0
2025-01-02 02:23:00,70.28,10.01,0.0223,4.59,1486.0
2025-01-02 02:24:00,70.09,9.95,0.0251,4.51,1517.0
2025-01-02 02:25:00,70.36,10.19,0.0237,4.43,1495.0
2025-01-02 02:26:00,69.81,10.12,0.0233,4.53,1491.0
2025-01-02 02:27:00,70.21,10.08,0.0208,4.46,1503.0
2025-01-02 02:28:00,70.08,9.74,0.0318,4.5,1499.0
2025-01-02 02:29:00,69.96,10.12,0.0239,4.48,1517.0
2025-01-02 02:30:00,69.63,10.07,0.0268,4.48,1507.0
2025-01-02 02:31:00,70.04,9.88,0.025,4.49,1497.0
2025-01-02 02:32:00,70.0,10.14,0.0249,4.48,1508.0
2025-01-02 02:33:00,69.75,9.77,0.0227,4.43,1500.0
2025-01-02 02:34:00,70.02,9.69,0.0231,4.57,1485.0
2025-01-02 02:35:00,69.88,10.27,0.0211,4.52,1484.0
2025-01-02 02:36:00,69.98,9.88,0.0227,4.44,1499.0
2025-01-02 02:37:00,84.96,13.1,0.2303,4.51,1489.0
2025-01-02 02:38:00,69.65,9.8,0.0265,4.52,1510.0
2025-01-02 02:39:00,69.88,10.04,0.025,4.41,1473.0
2025-01-02 02:40:00,69.68,9.77,0.0218,4.48,1472.0
2025-01-02 02:41:00,70.17,9.99,0.026,4.55,1503.0
2025-01-02 02:42:00,70.09,9.89,0.0232,4.49,1500.0
2025-01-02 02:43:00,69.31,10.25,0.0255,4.51,1492.0
2025-01-02 02:44:00,70.39,10.31,0.0251,4.42,1508.0
2025-01-02 02:45:00,75.1,10.11,0.3232,4.51,1521.0
2025-01-02 02:46:00,69.59,10.14,0.0269,4.46,1507.0
2025-01-02 02:47:00,70.18,9.72,0.0206,4.58,1472.0
2025-01-02 02:48:00,70.01,10.01,0.0234,4.55,1514.0
2025-01-02 02:49:00,70.13,10.13,0.0267,4.48,1491.0
2025-01-02 02:50:00,69.9,9.81,0.0277,4.45,1522.0
2025-01-02 02:51:00,69.9,9.92,0.0282,4.5,1514.0
2025-01-02 02:52:00,70.04,9.81,0.0217,4.48,1494.0
2025-01-02 02:53:00,69.97,9.78,0.0235,4.54,1510.0
2025-01-02 02:54:00,70.06,10.04,0.0304,4.46,1508.0
2025-01-02 02:55:00,70.17,9.8,0.0269,4.5,1497.0
2025-01-02 02:56:00,70.03,10.28,0.026,4.58,1510.0
2025-01-02 02:57:00,69.8,9.96,0.0265,4.49,1480.0
2025-01-02 02:58:00,70.31,10.17,0.0253,4.6,1511.0
2025-01-02 02:59:00,69.63,10.02,0.0318,4.46,1507.0
2025-01-02 03:00:00,70.13,9.84,0.0288,4.45,1512.0
2025-01-02 03:01:00,70.2,10.12,0.0207,4.57,1496.0
2025-01-02 03:02:00,70.02,10.01,0.0257,4.44,1514.0
2025-01-02 03:03:00,70.28,9.8,0.0235,4.49,1485.0
2025-01-02 03:04:00,70.45,9.71,0.0263,4.5,1508.0
2025-01-02 03:05:00,69.88,10.18,0.0287,4.45,1506.0
2025-01-02 03:06:00,69.86,9.79,0.0256,4.48,1497.0
2025-01-02 03:07:00,70.31,9.81,0.0242,4.46,1494.0
2025-01-02 03:08:00,69.83,9.86,0.0228,4.47,1537.0
2025-01-02 03:09:00,70.03,9.83,0.0296,4.61,1513.0
2025-01-02 03:10:00,69.97,10.17,0.0229,4.48,1546.0
2025-01-02 03:11:00,69.57,10.14,0.0233,4.51,1502.0
2025-01-02 03:12:00,69.94,10.26,0.0325,4.48,1489.0
2025-01-02 03:13:00,70.24,9.83,0.0274,4.54,1485.0
2025-01-02 03:14:00,70.27,9.92,0.0208,4.53,1484.0
2025-01-02 03:15:00,70.33,9.88,0.0284,4.45,1482.0
2025-01-02 03:16:00,69.97,10.0,0.0265,4.52,1483.0
2025-01-02 03:17:00,70.0,10.12,0.0218,4.5,1491.0
2025-01-02 03:18:00,69.11,9.92,0.0264,4.48,1503.0
2025-01-02 03:19:00,70.6,10.43,0.025,4.45,1490.0
2025-01-02 03:20:00,70.08,9.65,0.0288,4.45,1528.0
2025-01-02 03:21:00,69.66,10.05,0.0258,4.46,1510.0
2025-01-02 03:22:00,70.3,9.94,0.0246,4.57,1503.0
2025-01-02 03:23:00,70.44,9.97,0.022,4.58,1515.0
2025-01-02 03:24:00,69.7,9.84,0.0263,4.43,1498.0
2025-01-02 03:25:00,69.73,10.26,0.0234,4.49,1536.0
2025-01-02 03:26:00,69.4,10.19,0.024,4.46,1498.0
2025-01-02 03:27:00,70.06,10.11,0.0224,4.45,1481.0
2025-01-02 03:28:00,70.54,9.59,0.0273,4.49,1504.0
2025-01-02 03:29:00,70.27,9.76,0.0314,4.43,1532.0
2025-01-02 03:30:00,69.45,9.94,0.0281,4.6,1497.0
2025-01-02 03:31:00,69.86,10.23,0.0245,4.51,1463.0
2025-01-02 03:32:00,69.97,9.94,0.0289,4.53,1489.0
2025-01-02 03:33:00,69.78,10.33,0.0305,4.49,1507.0
2025-01-02 03:34:00,69.69,10.03,0.0212,4.48,1528.0
2025-01-02 03:35:00,69.44,10.29,0.0254,4.6,1522.0
2025-01-02 03:36:00,69.68,9.7,0.0183,4.42,1505.0
2025-01-02 03:37:00,69.88,10.0,0.028,4.43,1498.0
2025-01-02 03:38:00,69.84,10.25,0.0312,4.43,1478.0
2025-01-02 03:39:00,69.77,10.01,0.0217,4.47,1519.0
2025-01-02 03:40:00,69.74,10.15,0.0247,4.6,1481.0
2025-01-02 03:41:00,69.8,10.06,0.022,4.52,1509.0
2025-01-02 03:42:00,70.61,10.05,0.0259,4.49,1505.0
2025-01-02 03:43:00,70.08,10.03,0.0294,4.45,1488.0
2025-01-02 03:44:00,69.94,9.88,0.0256,4.54,1486.0
2025-01-02 03:45:00,70.54,9.97,0.0258,4.49,1516.0
2025-01-02 03:46:00,70.03,10.03,0.0236,4.54,1502.0
2025-01-02 03:47:00,70.12,9.85,0.0313,4.44,1508.0
2025-01-02 03:48:00,70.13,10.34,0.0303,4.42,1495.0
2025-01-02 03:49:00,69.91,9.89,0.0208,4.54,1497.0
2025-01-02 03:50:00,69.87,10.06,0.0267,4.49,1504.0
2025-01-02 03:51:00,70.13,9.84,0.0218,4.41,1463.0
2025-01-02 03:52:00,69.58,9.88,0.0234,4.48,1472.0
2025-01-02 03:53:00,69.37,9.78,0.0258,4.47,1506.0
2025-01-02 03:54:00,69.9,9.93,0.0249,4.56,1497.0
2025-01-02 03:55:00,70.04,9.91,0.0164,4.56,1495.0
2025-01-02 03:56:00,70.22,10.0,0.0266,4.49,1493.0
2025-01-02 03:57:00,69.59,9.69,0.0276,4.44,1499.0
2025-01-02 03:58:00,70.07,10.01,0.0246,4.58,1487.0
2025-01-02 03:59:00,69.95,9.87,0.0231,4.46,1493.0
2025-01-02 04:00:00,69.85,9.92,0.0307,4.5,1500.0
2025-01-02 04:01:00,69.79,10.01,0.0201,4.45,1529.0
2025-01-02 04:02:00,70.06,10.24,0.0272,4.5,1534.0
2025-01-02 04:03:00,70.43,10.04,0.024,4.46,1466.0
2025-01-02 04:04:00,70.21,9.71,0.0259,4.57,1490.0
2025-01-02 04:05:00,70.12,9.98,0.0269,4.45,1480.0
2025-01-02 04:06:00,70.19,9.98,0.0282,4.45,1501.0
2025-01-02 04:07:00,70.43,9.87,0.02,4.48,1491.0
2025-01-02 04:08:00,70.08,10.11,0.0224,4.42,1508.0
2025-01-02 04:09:00,70.4,10.07,0.0252,4.46,1466.0
2025-01-02 04:10:00,70.31,9.76,0.0281,4.55,1506.0
2025-01-02 04:11:00,70.23,10.1,0.0212,4.48,1499.0
2025-01-02 04:12:00,70.19,9.95,0.0185,4.46,1494.0
2025-01-02 04:13:00,69.77,9.55,0.0192,4.58,1499.0
2025-01-02 04:14:00,70.39,10.08,0.0288,4.53,1510.0
2025-01-02 04:15:00,69.98,10.28,0.0223,4.38,1500.0
2025-01-02 04:16:00,70.09,9.85,0.0279,4.45,1481.0
2025-01-02 04:17:00,70.62,10.08,0.0188,4.54,1512.0
2025-01-02 04:18:00,69.99,10.08,0.0296,4.56,1491.0
2025-01-02 04:19:00,70.49,10.02,0.0282,4.62,1535.0
2025-01-02 04:20:00,70.09,9.99,0.0237,4.52,1480.0
2025-01-02 04:21:00,69.73,10.15,0.0245,4.56,1474.0
2025-01-02 04:22:00,70.0,9.97,0.0244,4.57,1489.0
2025-01-02 04:23:00,69.92,9.97,0.0253,4.5,1488.0
2025-01-02 04:24:00,69.55,9.62,0.0272,4.54,1515.0
2025-01-02 04:25:00,69.89,9.98,0.024,4.46,1498.0
2025-01-02 04:26:00,70.32,10.28,0.0242,4.56,1496.0
2025-01-02 04:27:00,74.99,10.25,0.3268,4.45,1526.0
2025-01-02 04:28:00,69.98,9.97,0.021,4.46,1507.0
2025-01-02 04:29:00,70.13,9.92,0.0274,4.54,1496.0
2025-01-02 04:30:00,69.59,10.19,0.0229,4.43,1481.0
2025-01-02 04:31:00,70.83,10.32,0.0246,4.55,1492.0
2025-01-02 04:32:00,70.31,10.1,0.023,4.53,1492.0
2025-01-02 04:33:00,69.86,9.65,0.0218,4.49,1497.0
2025-01-02 04:34:00,70.17,9.81,0.0257,4.39,1488.0
2025-01-02 04:35:00,69.9,10.07,0.0241,4.49,1517.0
2025-01-02 04:36:00,70.74,10.1,0.0228,4.4,1482.0
2025-01-02 04:37:00,70.58,9.74,0.0252,4.49,1490.0
2025-01-02 04:38:00,70.21,10.14,0.0292,4.49,1504.0
2025-01-02 04:39:00,70.01,9.61,0.03,4.51,1509.0
2025-01-02 04:40:00,69.68,10.04,0.0195,4.48,1477.0
2025-01-02 04:41:00,69.59,10.22,0.0263,4.44,1489.0
2025-01-02 04:42:00,70.47,10.06,0.0302,4.43,1495.0
2025-01-02 04:43:00,70.3,9.52,0.0219,4.48,1516.0
2025-01-02 04:44:00,70.15,10.07,0.0211,4.56,1514.0
2025-01-02 04:45:00,69.49,10.14,0.0253,4.49,1475.0
2025-01-02 04:46:00,70.6,9.77,0.0225,4.51,1485.0
2025-01-02 04:47:00,69.83,9.97,0.0252,4.49,1512.0
2025-01-02 04:48:00,70.14,9.81,0.0233,4.49,1484.0
2025-01-02 04:49:00,69.91,10.01,0.0219,4.46,1500.0
2025-01-02 04:50:00,70.25,9.88,0.0294,4.49,1494.0
2025-01-02 04:51:00,69.75,10.15,0.0313,4.46,1547.0
2025-01-02 04:52:00,70.29,9.55,0.0212,3.51,1205.0
2025-01-02 04:53:00,70.59,10.16,0.0224,4.44,1482.0
2025-01-02 04:54:00,70.22,9.96,0.0261,4.47,1498.0
2025-01-02 04:55:00,70.03,10.06,0.0217,4.46,1476.0
2025-01-02 04:56:00,69.94,10.44,0.0225,4.45,1497.0
2025-01-02 04:57:00,70.13,10.24,0.0267,4.49,1488.0
2025-01-02 04:58:00,70.06,10.32,0.0235,4.45,1500.0
2025-01-02 04:59:00,70.14,9.73,0.0282,4.52,1514.0
2025-01-02 05:00:00,70.25,10.17,0.0219,4.45,1474.0
2025-01-02 05:01:00,69.91,10.13,0.0211,4.55,1491.0
2025-01-02 05:02:00,69.63,9.81,0.0234,4.51,1483.0
2025-01-02 05:03:00,69.83,10.12,0.0228,4.57,1509.0
2025-01-02 05:04:00,69.98,9.73,0.0327,4.44,1479.0
2025-01-02 05:05:00,69.66,10.4,0.0235,4.52,1482.0
2025-01-02 05:06:00,70.18,9.72,0.0254,4.49,1510.0
2025-01-02 05:07:00,70.21,10.45,0.0258,4.6,1476.0
2025-01-02 05:08:00,70.06,10.19,0.029,4.47,1489.0
2025-01-02 05:09:00,69.76,9.95,0.0247,4.59,1525.0
2025-01-02 05:10:00,69.67,10.18,0.023,4.46,1497.0
2025-01-02 05:11:00,69.65,9.98,0.0182,4.5,1514.0
2025-01-02 05:12:00,69.77,9.61,0.0238,4.48,1495.0
2025-01-02 05:13:00,70.06,9.99,0.0212,4.65,1511.0
2025-01-02 05:14:00,70.33,9.8,0.0177,4.57,1492.0
2025-01-02 05:15:00,70.44,9.9,0.0203,4.5,1513.0
2025-01-02 05:16:00,70.04,9.69,0.028,4.5,1496.0
2025-01-02 05:17:00,85.71,13.02,0.2251,4.34,1479.0
2025-01-02 05:18:00,69.91,9.96,0.0227,4.46,1499.0
2025-01-02 05:19:00,69.67,10.16,0.0235,4.5,1526.0
2025-01-02 05:20:00,70.13,10.34,0.0296,4.46,1527.0
2025-01-02 05:21:00,69.88,9.88,0.0305,4.43,1496.0
2025-01-02 05:22:00,70.03,10.08,0.0211,4.51,1493.0
2025-01-02 05:23:00,69.81,10.34,0.0266,4.5,1525.0
2025-01-02 05:24:00,69.9,9.8,0.0247,4.5,1490.0
2025-01-02 05:25:00,70.18,9.78,0.0214,4.54,1510.0
2025-01-02 05:26:00,70.2,9.92,0.0228,4.52,1484.0
2025-01-02 05:27:00,69.84,10.07,0.0245,4.46,1498.0
2025-01-02 05:28:00,70.27,10.02,0.0217,3.57,1200.0
2025-01-02 05:29:00,70.07,10.27,0.0307,4.5,1502.0
2025-01-02 05:30:00,70.0,9.61,0.0234,4.55,1500.0
2025-01-02 05:31:00,70.52,9.61,0.0241,4.49,1492.0
2025-01-02 05:32:00,70.02,9.9,0.0278,4.57,1511.0
2025-01-02 05:33:00,69.68,10.31,0.0275,3.56,1200.0
2025-01-02 05:34:00,70.39,9.77,0.0296,4.5,1550.0
2025-01-02 05:35:00,70.24,10.31,0.0208,4.51,1500.0
2025-01-02 05:36:00,69.85,9.74,0.0243,4.56,1514.0
2025-01-02 05:37:00,70.27,10.21,0.0221,4.43,1506.0
2025-01-02 05:38:00,69.39,10.05,0.028,4.47,1503.0
2025-01-02 05:39:00,70.01,9.89,0.0248,4.49,1501.0
2025-01-02 05:40:00,69.82,10.37,0.0272,4.55,1462.0
2025-01-02 05:41:00,70.01,9.87,0.0253,4.47,1475.0
2025-01-02 05:42:00,69.96,9.76,0.0235,4.52,1506.0
2025-01-02 05:43:00,69.78,10.23,0.0293,4.58,1525.0
2025-01-02 05:44:00,69.7,9.87,0.0255,4.47,1495.0
2025-01-02 05:45:00,70.06,9.98,0.0257,4.53,1520.0
2025-01-02 05:46:00,69.91,9.78,0.0267,4.43,1502.0
2025-01-02 05:47:00,69.59,9.83,0.0309,4.55,1503.0
2025-01-02 05:48:00,70.06,9.96,0.0289,4.58,1501.0
2025-01-02 05:49:00,69.86,9.87,0.0277,4.49,1479.0
2025-01-02 05:50:00,69.67,9.66,0.0284,4.55,1501.0
2025-01-02 05:51:00,69.35,9.98,0.0231,4.38,1501.0
2025-01-02 05:52:00,70.0,9.93,0.0305,4.39,1514.0
2025-01-02 05:53:00,70.25,9.76,0.0231,4.47,1502.0
2025-01-02 05:54:00,69.49,9.75,0.0245,4.65,1508.0
2025-01-02 05:55:00,69.88,9.45,0.0231,4.48,1494.0
2025-01-02 05:56:00,69.87,9.61,0.0267,4.46,1489.0
2025-01-02 05:57:00,70.59,10.24,0.0192,4.58,1482.0
2025-01-02 05:58:00,69.85,10.19,0.0283,4.48,1512.0
2025-01-02 05:59:00,70.08,10.18,0.029,4.47,1506.0
2025-01-02 06:00:00,75.04,11.92,0.0509,4.85,1730.0
2025-01-02 06:01:00,74.81,12.2,0.042,4.85,1741.0
2025-01-02 06:02:00,74.69,12.32,0.0405,4.74,1742.0
2025-01-02 06:03:00,74.52,12.01,0.0452,4.75,1756.0
2025-01-02 06:04:00,74.69,11.76,0.0436,4.75,1755.0
2025-01-02 06:05:00,74.65,12.03,0.0472,4.8,1751.0
2025-01-02 06:06:00,75.21,12.04,0.0487,4.77,1742.0
2025-01-02 06:07:00,74.94,12.19,0.0448,4.8,1744.0
2025-01-02 06:08:00,74.87,11.69,0.0432,4.88,1748.0
2025-01-02 06:09:00,74.9,11.93,0.0474,4.87,1745.0
2025-01-02 06:10:00,74.64,12.02,0.0474,4.84,1765.0
2025-01-02 06:11:00,75.25,12.19,0.0433,4.75,1718.0
2025-01-02 06:12:00,74.99,11.95,0.0454,4.83,1736.0
2025-01-02 06:13:00,74.89,12.15,0.048,4.89,1740.0
2025-01-02 06:14:00,75.23,12.0,0.046,4.87,1761.0
2025-01-02 06:15:00,74.32,11.84,0.0436,4.87,1719.0
2025-01-02 06:16:00,74.94,11.74,0.0447,4.81,1762.0
2025-01-02 06:17:00,75.16,12.09,0.0435,4.81,1771.0
2025-01-02 06:18:00,75.2,12.12,0.0408,4.88,1734.0
2025-01-02 06:19:00,74.81,11.78,0.0453,4.78,1763.0
2025-01-02 06:20:00,74.93,12.18,0.0453,4.9,1753.0
2025-01-02 06:21:00,74.87,12.13,0.0452,4.69,1707.0
2025-01-02 06:22:00,74.89,12.13,0.0427,4.8,1741.0
2025-01-02 06:23:00,74.7,12.0,0.0453,4.77,1769.0
2025-01-02 06:24:00,74.63,11.85,0.0448,4.8,1778.0
2025-01-02 06:25:00,75.37,11.83,0.0453,4.78,1761.0
2025-01-02 06:26:00,75.08,11.92,0.0504,4.77,1771.0
2025-01-02 06:27:00,74.62,12.19,0.0502,4.74,1754.0
2025-01-02 06:28:00,74.78,12.18,0.0491,4.78,1757.0
2025-01-02 06:29:00,74.86,11.91,0.0417,4.79,1769.0
2025-01-02 06:30:00,74.92,11.95,0.0465,4.7,1732.0
2025-01-02 06:31:00,74.98,11.68,0.0414,4.84,1761.0
2025-01-02 06:32:00,74.73,11.85,0.0424,4.89,1764.0
2025-01-02 06:33:00,75.29,12.03,0.0414,4.75,1773.0
2025-01-02 06:34:00,75.11,12.24,0.0474,4.73,1757.0
2025-01-02 06:35:00,74.67,11.93,0.0471,4.82,1717.0
2025-01-02 06:36:00,75.16,12.11,0.047,4.81,1750.0
2025-01-02 06:37:00,75.09,12.06,0.044,4.76,1750.0
2025-01-02 06:38:00,75.21,12.18,0.0426,4.83,1746.0
2025-01-02 06:39:00,74.74,11.65,0.0383,4.84,1758.0
2025-01-02 06:40:00,74.82,12.22,0.046,4.8,1755.0
2025-01-02 06:41:00,74.97,12.01,0.0442,4.82,1750.0
2025-01-02 06:42:00,74.63,12.37,0.0459,4.82,1729.0
2025-01-02 06:43:00,75.59,11.75,0.0471,4.81,1729.0
2025-01-02 06:44:00,74.93,11.76,0.0443,4.7,1748.0
2025-01-02 06:45:00,74.66,11.91,0.0436,4.81,1729.0
2025-01-02 06:46:00,75.43,12.13,0.0432,4.74,1732.0
2025-01-02 06:47:00,74.79,11.77,0.043,4.77,1744.0
2025-01-02 06:48:00,74.98,12.27,0.0418,4.82,1728.0
2025-01-02 06:49:00,74.8,12.02,0.0436,4.86,1764.0
2025-01-02 06:50:00,74.9,12.08,0.043,4.9,1739.0
2025-01-02 06:51:00,75.3,12.27,0.0453,4.77,1773.0
2025-01-02 06:52:00,74.54,12.23,0.0481,4.73,1762.0
2025-01-02 06:53:00,75.35,12.03,0.0492,4.7,1766.0
2025-01-02 06:54:00,75.26,12.46,0.0426,4.86,1756.0
2025-01-02 06:55:00,74.68,12.23,0.0441,4.72,1746.0
2025-01-02 06:56:00,75.03,11.69,0.0425,4.7,1750.0
2025-01-02 06:57:00,74.94,11.95,0.0433,4.77,1755.0
2025-01-02 06:58:00,75.02,12.13,0.045,4.73,1737.0
2025-01-02 06:59:00,75.35,12.42,0.0417,4.78,1727.0
2025-01-02 07:00:00,75.57,11.82,0.0482,4.88,1754.0
2025-01-02 07:01:00,75.34,11.6,0.0502,4.77,1758.0
2025-01-02 07:02:00,75.19,11.99,0.0416,4.89,1737.0
2025-01-02 07:03:00,74.99,12.09,0.0493,4.74,1772.0
2025-01-02 07:04:00,75.16,11.98,0.0437,4.81,1756.0
2025-01-02 07:05:00,75.3,11.69,0.0437,4.79,1748.0
2025-01-02 07:06:00,75.0,11.91,0.0483,4.79,1765.0
2025-01-02 07:07:00,75.23,11.98,0.047,4.88,1764.0
2025-01-02 07:08:00,75.65,12.0,0.0453,4.85,1754.0
2025-01-02 07:09:00,74.77,12.15,0.043,4.7,1751.0
2025-01-02 07:10:00,74.38,12.43,0.0425,4.89,1754.0
2025-01-02 07:11:00,75.27,12.1,0.0425,4.83,1751.0
2025-01-02 07:12:00,75.3,12.34,0.0439,4.85,1770.0
2025-01-02 07:13:00,74.69,11.9,0.0401,4.85,1740.0
2025-01-02 07:14:00,74.76,11.92,0.0463,4.74,1752.0
2025-01-02 07:15:00,74.76,11.86,0.046,4.75,1746.0
2025-01-02 07:16:00,75.05,12.09,0.0431,4.76,1774.0
2025-01-02 07:17:00,75.03,11.94,0.0446,4.8,1761.0
2025-01-02 07:18:00,75.09,11.73,0.045,4.78,1748.0
2025-01-02 07:19:00,75.38,12.05,0.046,4.78,1727.0
2025-01-02 07:20:00,75.34,11.69,0.0353,4.86,1742.0
2025-01-02 07:21:00,75.24,12.09,0.0449,4.83,1747.0
2025-01-02 07:22:00,75.21,11.97,0.0404,4.71,1717.0
2025-01-02 07:23:00,74.95,11.94,0.0443,4.81,1725.0
2025-01-02 07:24:00,74.63,12.34,0.0482,4.82,1762.0
2025-01-02 07:25:00,74.96,12.43,0.0438,4.81,1753.0
2025-01-02 07:26:00,75.08,12.32,0.0419,4.71,1758.0
2025-01-02 07:27:00,74.96,11.76,0.047,4.83,1765.0
2025-01-02 07:28:00,75.11,12.03,0.0475,4.8,1752.0
2025-01-02 07:29:00,75.14,11.9,0.0432,4.78,1756.0
2025-01-02 07:30:00,75.53,12.01,0.0418,4.83,1738.0
2025-01-02 07:31:00,75.39,12.18,0.0481,4.81,1758.0
2025-01-02 07:32:00,74.94,12.01,0.0421,4.88,1733.0
2025-01-02 07:33:00,74.86,11.56,0.0453,4.75,1700.0
2025-01-02 07:34:00,74.92,12.16,0.0453,4.88,1764.0
2025-01-02 07:35:00,74.76,12.0,0.0461,4.73,1731.0
2025-01-02 07:36:00,74.98,12.22,0.0449,4.89,1741.0
2025-01-02 07:37:00,74.73,12.26,0.0401,4.84,1753.0
2025-01-02 07:38:00,75.11,12.21,0.052,4.8,1717.0
2025-01-02 07:39:00,74.8,12.05,0.0425,4.81,1742.0
2025-01-02 07:40:00,74.69,11.61,0.047,4.78,1740.0
2025-01-02 07:41:00,75.28,12.03,0.0443,4.8,1763.0
2025-01-02 07:42:00,75.21,12.03,0.0405,4.86,1757.0
2025-01-02 07:43:00,74.82,12.56,0.0467,4.78,1763.0
2025-01-02 07:44:00,75.18,12.12,0.0423,4.81,1736.0
2025-01-02 07:45:00,74.42,12.16,0.051,4.8,1719.0
2025-01-02 07:46:00,74.91,12.3,0.0468,4.83,1744.0
2025-01-02 07:47:00,75.14,11.87,0.0424,4.82,1773.0
2025-01-02 07:48:00,75.15,11.83,0.0455,4.7,1762.0
2025-01-02 07:49:00,74.47,12.2,0.0478,4.75,1745.0
2025-01-02 07:50:00,74.84,12.13,0.0458,4.7,1749.0
2025-01-02 07:51:00,74.82,11.72,0.044,4.81,1731.0
2025-01-02 07:52:00,75.2,12.06,0.0405,4.78,1741.0
2025-01-02 07:53:00,74.91,12.14,0.0505,4.83,1745.0
2025-01-02 07:54:00,74.75,12.04,0.0464,4.86,1760.0
2025-01-02 07:55:00,75.52,12.16,0.041,4.81,1745.0
2025-01-02 07:56:00,74.73,11.92,0.0441,4.79,1745.0
2025-01-02 07:57:00,74.32,11.74,0.0492,4.84,1735.0
2025-01-02 07:58:00,75.19,11.95,0.0397,4.86,1764.0
2025-01-02 07:59:00,74.76,11.97,0.0432,4.73,1759.0
2025-01-02 08:00:00,74.68,12.09,0.0479,4.88,1750.0
2025-01-02 08:01:00,75.11,11.93,0.0433,4.71,1775.0
2025-01-02 08:02:00,75.14,12.35,0.0393,4.86,1741.0
2025-01-02 08:03:00,74.89,11.75,0.045,4.83,1751.0
2025-01-02 08:04:00,75.58,11.68,0.0468,4.73,1758.0
2025-01-02 08:05:00,74.96,11.7,0.0464,4.94,1771.0
2025-01-02 08:06:00,75.25,11.62,0.0486,4.75,1768.0
2025-01-02 08:07:00,75.07,12.1,0.0485,4.77,1770.0
2025-01-02 08:08:00,74.92,12.17,0.0477,4.79,1732.0
2025-01-02 08:09:00,74.83,11.72,0.0471,4.83,1743.0
2025-01-02 08:10:00,74.64,11.88,0.0432,4.78,1746.0
2025-01-02 08:11:00,75.03,12.1,0.0445,4.84,1741.0
2025-01-02 08:12:00,74.8,12.17,0.0477,4.83,1759.0
2025-01-02 08:13:00,74.76,12.24,0.0464,4.84,1758.0
2025-01-02 08:14:00,75.45,12.05,0.0412,4.8,1742.0
2025-01-02 08:15:00,74.97,12.11,0.0404,4.79,1761.0
2025-01-02 08:16:00,75.09,11.93,0.044,4.73,1723.0
2025-01-02 08:17:00,75.15,11.62,0.0502,4.73,1755.0
2025-01-02 08:18:00,75.23,11.96,0.0452,4.72,1769.0
2025-01-02 08:19:00,75.16,12.38,0.0501,4.79,1743.0
2025-01-02 08:20:00,74.91,12.38,0.0442,4.82,1749.0
2025-01-02 08:21:00,74.11,11.87,0.0414,4.79,1763.0
2025-01-02 08:22:00,75.16,11.91,0.0427,4.78,1756.0
2025-01-02 08:23:00,74.48,12.15,0.0461,4.76,1766.0
2025-01-02 08:24:00,75.19,11.97,0.0398,4.78,1749.0
2025-01-02 08:25:00,75.12,12.45,0.0482,4.8,1754.0
2025-01-02 08:26:00,74.72,12.05,0.0445,4.73,1729.0
2025-01-02 08:27:00,74.5,11.86,0.0444,4.8,1752.0
2025-01-02 08:28:00,75.24,11.75,0.0417,4.79,1762.0
2025-01-02 08:29:00,75.02,12.07,0.0465,4.78,1732.0
2025-01-02 08:30:00,89.36,15.38,0.24,4.78,1735.0
2025-01-02 08:31:00,75.05,12.03,0.0389,4.82,1774.0
2025-01-02 08:32:00,74.96,11.8,0.0371,4.84,1771.0
2025-01-02 08:33:00,74.87,12.2,0.0412,4.91,1746.0
2025-01-02 08:34:00,75.2,12.18,0.0424,4.74,1747.0
2025-01-02 08:35:00,75.15,11.96,0.0451,4.84,1743.0
2025-01-02 08:36:00,74.96,12.2,0.0498,4.89,1750.0
2025-01-02 08:37:00,75.24,11.59,0.0498,4.88,1743.0
2025-01-02 08:38:00,75.21,12.0,0.0423,4.81,1779.0
2025-01-02 08:39:00,75.01,11.93,0.0467,4.76,1738.0
2025-01-02 08:40:00,75.63,11.9,0.0439,4.8,1745.0
2025-01-02 08:41:00,74.91,11.94,0.0498,4.75,1741.0
2025-01-02 08:42:00,74.82,12.06,0.0472,4.85,1754.0
2025-01-02 08:43:00,75.45,12.13,0.0368,4.75,1753.0
2025-01-02 08:44:00,74.79,12.05,0.0465,4.91,1743.0
2025-01-02 08:45:00,74.91,12.22,0.0438,4.77,1750.0
2025-01-02 08:46:00,74.29,12.24,0.0516,4.71,1740.0
2025-01-02 08:47:00,74.25,12.01,0.0474,4.87,1743.0
2025-01-02 08:48:00,74.77,12.18,0.043,4.79,1753.0
2025-01-02 08:49:00,75.13,12.1,0.0426,4.74,1774.0
2025-01-02 08:50:00,74.84,11.9,0.0514,4.81,1780.0
2025-01-02 08:51:00,74.79,11.78,0.0477,4.71,1755.0
2025-01-02 08:52:00,74.65,12.33,0.0447,4.79,1750.0
2025-01-02 08:53:00,74.9,12.18,0.0465,4.82,1725.0
2025-01-02 08:54:00,75.2,11.66,0.0447,4.85,1746.0
2025-01-02 08:55:00,74.46,11.87,0.0489,4.89,1767.0
2025-01-02 08:56:00,75.33,11.91,0.043,4.73,1772.0
2025-01-02 08:57:00,74.45,12.21,0.0454,4.77,1765.0
2025-01-02 08:58:00,75.35,11.76,0.0495,4.78,1762.0
2025-01-02 08:59:00,75.11,12.09,0.0391,4.75,1723.0
2025-01-02 09:00:00,74.35,11.77,0.0438,4.72,1741.0
2025-01-02 09:01:00,74.9,12.09,0.0411,4.92,1774.0
2025-01-02 09:02:00,74.56,11.89,0.0429,4.72,1733.0
2025-01-02 09:03:00,74.88,11.99,0.0428,4.84,1760.0
2025-01-02 09:04:00,74.69,11.76,0.0432,4.81,1733.0
2025-01-02 09:05:00,75.07,11.98,0.0443,4.83,1749.0
2025-01-02 09:06:00,74.71,11.89,0.0462,4.82,1775.0
2025-01-02 09:07:00,74.34,12.13,0.0444,4.71,1780.0
2025-01-02 09:08:00,74.58,12.02,0.0496,4.7,1746.0
2025-01-02 09:09:00,74.91,12.41,0.0431,4.75,1741.0
2025-01-02 09:10:00,74.94,12.03,0.0421,4.78,1740.0
2025-01-02 09:11:00,74.58,12.26,0.0487,4.79,1737.0
2025-01-02 09:12:00,74.92,12.11,0.0493,4.79,1718.0
2025-01-02 09:13:00,75.16,12.2,0.0446,4.82,1743.0
2025-01-02 09:14:00,74.66,11.75,0.0452,4.76,1742.0
2025-01-02 09:15:00,89.53,15.06,0.2477,4.73,1755.0
2025-01-02 09:16:00,74.89,11.72,0.0436,4.81,1751.0
2025-01-02 09:17:00,74.63,11.97,0.0408,4.8,1755.0
2025-01-02 09:18:00,74.88,11.97,0.0474,4.81,1733.0
2025-01-02 09:19:00,75.19,11.72,0.0413,4.8,1737.0
2025-01-02 09:20:00,75.01,11.93,0.0405,4.91,1752.0
2025-01-02 09:21:00,75.51,12.07,0.0417,4.81,1721.0
2025-01-02 09:22:00,75.37,11.96,0.0404,4.8,1768.0
2025-01-02 09:23:00,74.56,11.88,0.0532,4.7,1746.0
2025-01-02 09:24:00,74.95,11.89,0.0433,4.75,1755.0
2025-01-02 09:25:00,75.16,11.84,0.049,4.79,1760.0
2025-01-02 09:26:00,74.43,11.98,0.0464,4.82,1751.0
2025-01-02 09:27:00,75.03,11.69,0.046,4.77,1754.0
2025-01-02 09:28:00,74.63,12.41,0.0467,4.86,1722.0
2025-01-02 09:29:00,75.64,12.58,0.047,4.8,1770.0
2025-01-02 09:30:00,74.98,12.0,0.0411,4.81,1748.0
2025-01-02 09:31:00,74.68,11.58,0.0432,4.72,1743.0
2025-01-02 09:32:00,75.04,11.7,0.0419,4.84,1751.0
2025-01-02 09:33:00,75.73,11.41,0.0423,4.79,1738.0
2025-01-02 09:34:00,74.94,11.79,0.0461,4.81,1761.0
2025-01-02 09:35:00,74.74,11.91,0.0467,4.79,1751.0
2025-01-02 09:36:00,75.64,11.99,0.0421,4.7,1739.0
2025-01-02 09:37:00,75.14,11.89,0.0429,4.85,1773.0
2025-01-02 09:38:00,75.41,11.8,0.0436,4.92,1728.0
2025-01-02 09:39:00,74.65,11.82,0.0464,4.72,1769.0
2025-01-02 09:40:00,74.65,12.04,0.0479,4.77,1785.0
2025-01-02 09:41:00,74.73,11.95,0.0397,4.78,1742.0
2025-01-02 09:42:00,75.34,12.07,0.044,4.81,1763.0
2025-01-02 09:43:00,75.17,11.98,0.0443,4.85,1752.0
2025-01-02 09:44:00,75.52,12.03,0.0446,4.82,1759.0
2025-01-02 09:45:00,74.79,11.91,0.0434,4.76,1732.0
2025-01-02 09:46:00,75.05,12.14,0.0506,4.74,1771.0
2025-01-02 09:47:00,74.75,12.2,0.0452,4.78,1746.0
2025-01-02 09:48:00,75.2,11.49,0.0477,4.84,1752.0
2025-01-02 09:49:00,75.26,11.93,0.0458,4.82,1741.0
2025-01-02 09:50:00,74.87,12.09,0.0459,4.76,1750.0
2025-01-02 09:51:00,75.31,12.01,0.0373,4.72,1727.0
2025-01-02 09:52:00,75.67,12.23,0.0427,4.82,1723.0
2025-01-02 09:53:00,74.63,11.88,0.0409,4.76,1743.0
2025-01-02 09:54:00,74.94,11.92,0.0457,4.83,1727.0
2025-01-02 09:55:00,75.48,11.91,0.0426,4.78,1763.0
2025-01-02 09:56:00,75.03,11.93,0.0423,4.8,1740.0
2025-01-02 09:57:00,74.82,12.13,0.0434,4.88,1757.0
2025-01-02 09:58:00,75.53,11.98,0.0514,4.78,1743.0
2025-01-02 09:59:00,75.32,12.18,0.0479,4.79,1739.0
2025-01-02 10:00:00,74.48,11.67,0.0439,4.79,1769.0
2025-01-02 10:01:00,74.77,11.97,0.0448,4.83,1746.0
2025-01-02 10:02:00,74.81,11.85,0.0453,4.78,1750.0
2025-01-02 10:03:00,89.98,15.11,0.2419,4.82,1762.0
2025-01-02 10:04:00,74.91,12.08,0.0459,4.84,1749.0
2025-01-02 10:05:00,75.3,12.32,0.0412,4.9,1729.0
2025-01-02 10:06:00,75.23,11.92,0.0432,4.76,1754.0
2025-01-02 10:07:00,75.04,11.86,0.0468,4.78,1742.0
2025-01-02 10:08:00,75.16,11.57,0.0486,4.78,1746.0
2025-01-02 10:09:00,75.32,12.41,0.0457,4.85,1764.0
2025-01-02 10:10:00,74.69,11.9,0.0435,4.75,1736.0
2025-01-02 10:11:00,74.83,11.84,0.043,4.85,1739.0
2025-01-02 10:12:00,74.88,11.82,0.0454,4.81,1778.0
2025-01-02 10:13:00,75.18,11.66,0.0486,4.77,1726.0
2025-01-02 10:14:00,74.59,12.13,0.0472,4.69,1744.0
2025-01-02 10:15:00,75.17,11.99,0.0492,4.86,1730.0
2025-01-02 10:16:00,74.78,11.56,0.0444,4.82,1761.0
2025-01-02 10:17:00,75.07,12.45,0.0419,4.79,1734.0
2025-01-02 10:18:00,75.35,12.01,0.0442,4.77,1744.0
2025-01-02 10:19:00,75.66,11.58,0.0456,4.81,1764.0
2025-01-02 10:20:00,75.29,12.06,0.0409,4.79,1769.0
2025-01-02 10:21:00,74.89,11.74,0.0475,4.76,1745.0
2025-01-02 10:22:00,75.35,11.82,0.0448,4.81,1779.0
2025-01-02 10:23:00,75.16,12.12,0.0434,4.76,1767.0
2025-01-02 10:24:00,74.67,12.14,0.0436,4.81,1759.0
2025-01-02 10:25:00,75.05,12.61,0.0448,4.74,1760.0
2025-01-02 10:26:00,74.84,12.0,0.0388,4.84,1749.0
2025-01-02 10:27:00,75.19,12.16,0.0455,4.74,1731.0
2025-01-02 10:28:00,74.74,11.99,0.0474,4.75,1732.0
2025-01-02 10:29:00,74.92,12.23,0.0445,4.8,1749.0
2025-01-02 10:30:00,74.97,12.2,0.0467,4.73,1739.0
2025-01-02 10:31:00,74.81,12.27,0.0501,4.83,1744.0
2025-01-02 10:32:00,74.76,11.69,0.0461,4.83,1753.0
2025-01-02 10:33:00,74.82,12.13,0.0414,4.84,1743.0
2025-01-02 10:34:00,75.03,11.9,0.0398,4.77,1746.0
2025-01-02 10:35:00,74.83,12.07,0.0448,4.76,1757.0
2025-01-02 10:36:00,75.01,12.19,0.0433,4.82,1766.0
2025-01-02 10:37:00,75.22,11.85,0.0497,4.86,1751.0
2025-01-02 10:38:00,75.27,12.12,0.0418,4.87,1756.0
2025-01-02 10:39:00,74.66,12.21,0.0432,4.76,1755.0
2025-01-02 10:40:00,75.0,12.16,0.0414,4.78,1746.0
2025-01-02 10:41:00,75.04,11.74,0.0435,4.81,1751.0
2025-01-02 10:42:00,75.2,12.06,0.0435,4.77,1734.0
2025-01-02 10:43:00,75.37,11.98,0.0436,4.77,1746.0
2025-01-02 10:44:00,74.84,12.01,0.0401,4.8,1743.0
2025-01-02 10:45:00,75.21,12.34,0.0378,4.8,1732.0
2025-01-02 10:46:00,75.06,11.68,0.0461,4.82,1749.0
2025-01-02 10:47:00,75.81,11.99,0.0509,4.9,1729.0
2025-01-02 10:48:00,75.11,11.85,0.0427,4.74,1747.0
2025-01-02 10:49:00,75.5,11.8,0.0416,4.76,1733.0
2025-01-02 10:50:00,74.76,12.34,0.0451,4.82,1751.0
2025-01-02 10:51:00,75.1,11.91,0.0439,4.76,1769.0
2025-01-02 10:52:00,74.62,12.12,0.0449,4.74,1743.0
2025-01-02 10:53:00,74.51,11.92,0.0447,4.75,1747.0
2025-01-02 10:54:00,74.61,11.74,0.0437,4.83,1757.0
2025-01-02 10:55:00,75.0,12.1,0.0453,4.75,1752.0
2025-01-02 10:56:00,75.34,11.82,0.0409,4.78,1747.0
2025-01-02 10:57:00,75.25,12.09,0.0454,4.88,1760.0
2025-01-02 10:58:00,74.7,12.11,0.0447,4.77,1737.0
2025-01-02 10:59:00,74.64,12.0,0.0442,4.75,1750.0
2025-01-02 11:00:00,74.8,11.84,0.0491,4.78,1760.0
2025-01-02 11:01:00,74.58,12.17,0.0477,4.76,1733.0
2025-01-02 11:02:00,75.17,11.69,0.0395,4.82,1766.0
2025-01-02 11:03:00,74.67,11.93,0.0446,4.87,1732.0
2025-01-02 11:04:00,75.14,12.36,0.0412,4.87,1745.0
2025-01-02 11:05:00,75.14,11.82,0.0449,4.9,1745.0
2025-01-02 11:06:00,74.72,11.52,0.0436,4.81,1742.0
2025-01-02 11:07:00,74.99,11.85,0.0452,4.79,1743.0
2025-01-02 11:08:00,75.13,12.31,0.0404,4.76,1715.0
2025-01-02 11:09:00,74.95,12.01,0.0418,4.78,1733.0
2025-01-02 11:10:00,75.25,11.81,0.0435,4.73,1732.0
2025-01-02 11:11:00,74.93,12.27,0.0441,4.88,1771.0
2025-01-02 11:12:00,75.07,12.08,0.046,4.86,1763.0
2025-01-02 11:13:00,75.18,12.17,0.0431,4.88,1734.0
2025-01-02 11:14:00,75.04,12.0,0.048,4.85,1740.0
2025-01-02 11:15:00,74.9,11.88,0.0419,4.76,1766.0
2025-01-02 11:16:00,74.62,12.09,0.0478,4.78,1728.0
2025-01-02 11:17:00,75.19,11.7,0.0464,4.74,1763.0
2025-01-02 11:18:00,75.09,11.96,0.0459,4.79,1761.0
2025-01-02 11:19:00,74.68,12.13,0.0444,4.8,1758.0
2025-01-02 11:20:00,74.68,12.27,0.0478,4.78,1750.0
2025-01-02 11:21:00,74.57,11.79,0.0448,4.77,1762.0
2025-01-02 11:22:00,74.81,11.96,0.0453,4.74,1729.0
2025-01-02 11:23:00,74.96,11.88,0.045,4.8,1748.0
2025-01-02 11:24:00,74.74,11.75,0.0479,4.79,1752.0
2025-01-02 11:25:00,75.41,12.25,0.0465,4.82,1755.0
2025-01-02 11:26:00,75.29,12.36,0.0399,4.76,1745.0
2025-01-02 11:27:00,75.49,12.15,0.0434,4.85,1735.0
2025-01-02 11:28:00,75.05,11.6,0.0514,4.78,1753.0
2025-01-02 11:29:00,74.63,12.09,0.0477,4.74,1756.0
2025-01-02 11:30:00,74.81,12.38,0.0442,4.75,1766.0
2025-01-02 11:31:00,74.95,12.05,0.0416,4.81,1723.0
2025-01-02 11:32:00,75.34,12.19,0.0443,4.8,1742.0
2025-01-02 11:33:00,74.87,12.12,0.0448,4.85,1746.0
2025-01-02 11:34:00,74.82,11.83,0.0454,4.91,1763.0
2025-01-02 11:35:00,75.38,12.58,0.0489,4.76,1768.0
2025-01-02 11:36:00,74.71,11.55,0.046,4.85,1771.0
2025-01-02 11:37:00,75.43,11.95,0.0453,4.71,1749.0
2025-01-02 11:38:00,74.89,11.85,0.0505,4.71,1759.0
2025-01-02 11:39:00,74.95,11.96,0.0436,4.69,1735.0
2025-01-02 11:40:00,74.95,12.48,0.0412,4.77,1756.0
2025-01-02 11:41:00,75.14,12.15,0.0478,4.83,1772.0
2025-01-02 11:42:00,75.42,11.88,0.0466,4.79,1755.0
2025-01-02 11:43:00,74.59,12.18,0.047,4.81,1762.0
2025-01-02 11:44:00,74.59,12.13,0.0425,4.74,1750.0
2025-01-02 11:45:00,75.13,11.92,0.0446,4.77,1747.0
2025-01-02 11:46:00,75.19,12.47,0.0464,4.77,1734.0
2025-01-02 11:47:00,74.68,12.3,0.0398,4.7,1754.0
2025-01-02 11:48:00,74.9,11.7,0.0437,4.89,1726.0
2025-01-02 11:49:00,75.35,11.84,0.0449,4.93,1757.0
2025-01-02 11:50:00,75.45,12.05,0.0464,4.72,1765.0
2025-01-02 11:51:00,75.12,12.06,0.0428,4.74,1781.0
2025-01-02 11:52:00,74.5,11.63,0.0446,4.82,1753.0
2025-01-02 11:53:00,75.24,12.3,0.0452,4.83,1748.0
2025-01-02 11:54:00,75.12,11.94,0.0466,4.73,1759.0
2025-01-02 11:55:00,74.94,11.77,0.0402,4.9,1761.0
2025-01-02 11:56:00,74.55,11.97,0.0455,4.84,1728.0
2025-01-02 11:57:00,75.36,11.92,0.0456,4.83,1724.0
2025-01-02 11:58:00,75.02,12.04,0.0425,4.81,1720.0
2025-01-02 11:59:00,74.81,11.87,0.0476,4.75,1761.0
2025-01-02 12:00:00,75.01,11.78,0.0453,4.75,1733.0
2025-01-02 12:01:00,74.45,11.93,0.0415,4.78,1766.0
2025-01-02 12:02:00,75.19,12.03,0.0424,4.78,1750.0
2025-01-02 12:03:00,75.06,12.42,0.0449,4.78,1761.0
2025-01-02 12:04:00,75.41,12.18,0.0426,4.88,1738.0
2025-01-02 12:05:00,75.32,12.1,0.0452,4.8,1731.0
2025-01-02 12:06:00,75.29,12.22,0.0444,4.7,1737.0
2025-01-02 12:07:00,74.99,12.18,0.0465,4.77,1755.0
2025-01-02 12:08:00,75.28,11.91,0.0411,4.75,1748.0
2025-01-02 12:09:00,75.2,11.96,0.0439,4.77,1760.0
2025-01-02 12:10:00,75.01,12.17,0.0466,4.77,1747.0
2025-01-02 12:11:00,75.11,12.18,0.0452,4.73,1755.0
2025-01-02 12:12:00,75.24,12.26,0.0509,4.79,1754.0
2025-01-02 12:13:00,74.69,12.07,0.0423,4.84,1765.0
2025-01-02 12:14:00,74.37,11.7,0.0443,4.69,1751.0
2025-01-02 12:15:00,74.73,11.94,0.0469,4.85,1754.0
2025-01-02 12:16:00,75.12,11.97,0.044,4.9,1739.0
2025-01-02 12:17:00,74.3,12.23,0.0483,4.81,1756.0
2025-01-02 12:18:00,74.67,12.21,0.0428,4.74,1743.0
2025-01-02 12:19:00,75.61,12.09,0.0429,4.75,1742.0
2025-01-02 12:20:00,75.8,11.86,0.0442,4.73,1733.0
2025-01-02 12:21:00,74.52,11.8,0.0441,4.86,1760.0
2025-01-02 12:22:00,74.83,12.14,0.0444,4.82,1741.0
2025-01-02 12:23:00,75.22,12.03,0.0464,4.61,1743.0
2025-01-02 12:24:00,74.69,11.88,0.0462,4.78,1734.0
2025-01-02 12:25:00,75.0,11.89,0.0424,4.78,1762.0
2025-01-02 12:26:00,74.8,11.98,0.0465,4.72,1746.0
2025-01-02 12:27:00,75.63,11.93,0.0488,4.81,1747.0
2025-01-02 12:28:00,74.76,12.26,0.0492,4.86,1769.0
2025-01-02 12:29:00,75.27,11.86,0.0461,4.75,1736.0
2025-01-02 12:30:00,74.93,11.91,0.0445,4.89,1758.0
2025-01-02 12:31:00,74.79,12.0,0.0421,4.8,1751.0
2025-01-02 12:32:00,74.57,11.75,0.0446,4.84,1752.0
2025-01-02 12:33:00,74.99,11.62,0.0473,4.81,1745.0
2025-01-02 12:34:00,75.43,12.04,0.0423,4.72,1768.0
2025-01-02 12:35:00,74.4,11.78,0.0528,4.83,1735.0
2025-01-02 12:36:00,75.39,12.15,0.044,4.88,1768.0
2025-01-02 12:37:00,75.35,12.08,0.0486,4.78,1735.0
2025-01-02 12:38:00,74.86,11.7,0.0432,4.81,1771.0
2025-01-02 12:39:00,75.11,12.14,0.0419,4.84,1750.0
2025-01-02 12:40:00,74.56,12.08,0.0453,4.74,1757.0
2025-01-02 12:41:00,74.88,11.87,0.0418,4.83,1767.0
2025-01-02 12:42:00,75.3,11.83,0.0475,4.85,1762.0
2025-01-02 12:43:00,75.74,12.22,0.047,4.79,1762.0
2025-01-02 12:44:00,75.1,11.77,0.0491,4.76,1761.0
2025-01-02 12:45:00,75.02,11.86,0.0438,4.83,1733.0
2025-01-02 12:46:00,74.94,12.22,0.0481,4.8,1741.0
2025-01-02 12:47:00,75.24,11.66,0.0476,4.79,1746.0
2025-01-02 12:48:00,75.0,12.07,0.048,4.86,1766.0
2025-01-02 12:49:00,75.79,12.39,0.0474,4.8,1733.0
2025-01-02 12:50:00,75.22,12.12,0.045,4.85,1758.0
2025-01-02 12:51:00,74.68,11.53,0.0442,4.8,1785.0
2025-01-02 12:52:00,74.76,11.93,0.0453,4.79,1752.0
2025-01-02 12:53:00,74.88,11.93,0.0452,4.81,1768.0
2025-01-02 12:54:00,75.07,12.05,0.0413,4.83,1787.0
2025-01-02 12:55:00,75.27,12.02,0.0418,4.78,1735.0
2025-01-02 12:56:00,74.82,11.93,0.0366,4.75,1732.0
2025-01-02 12:57:00,75.07,12.19,0.0419,4.79,1726.0
2025-01-02 12:58:00,75.03,11.88,0.0422,4.77,1729.0
2025-01-02 12:59:00,75.25,12.14,0.0474,4.83,1761.0
2025-01-02 13:00:00,74.99,12.02,0.0437,4.85,1768.0
2025-01-02 13:01:00,75.31,11.46,0.0427,4.77,1746.0
2025-01-02 13:02:00,75.24,12.05,0.0417,4.81,1756.0
2025-01-02 13:03:00,74.92,12.2,0.0474,4.75,1759.0
2025-01-02 13:04:00,75.18,11.86,0.0428,4.79,1753.0
2025-01-02 13:05:00,74.96,11.97,0.0467,4.74,1787.0
2025-01-02 13:06:00,74.99,11.63,0.0462,4.86,1748.0
2025-01-02 13:07:00,74.48,12.09,0.0445,4.78,1740.0
2025-01-02 13:08:00,75.32,12.14,0.0464,4.8,1745.0
2025-01-02 13:09:00,75.22,11.76,0.0415,4.74,1736.0
2025-01-02 13:10:00,74.67,12.43,0.0444,4.86,1756.0
2025-01-02 13:11:00,75.41,12.13,0.0553,4.86,1750.0
2025-01-02 13:12:00,75.35,11.84,0.0472,4.73,1754.0
2025-01-02 13:13:00,75.05,12.26,0.0398,4.84,1760.0
2025-01-02 13:14:00,75.28,12.14,0.0406,4.81,1745.0
2025-01-02 13:15:00,75.32,12.24,0.0454,4.76,1736.0
2025-01-02 13:16:00,75.17,11.9,0.0445,4.76,1741.0
2025-01-02 13:17:00,74.72,12.08,0.0458,4.82,1748.0
2025-01-02 13:18:00,74.89,12.07,0.0463,4.8,1766.0
2025-01-02 13:19:00,75.01,12.13,0.0436,4.73,1761.0
2025-01-02 13:20:00,75.11,11.99,0.043,4.77,1730.0
2025-01-02 13:21:00,74.66,11.81,0.0479,4.84,1745.0
2025-01-02 13:22:00,74.64,11.77,0.0466,4.83,1741.0
2025-01-02 13:23:00,74.42,11.93,0.0452,4.78,1752.0
2025-01-02 13:24:00,74.86,12.24,0.0419,4.84,1743.0
2025-01-02 13:25:00,75.33,11.96,0.0465,4.85,1749.0
2025-01-02 13:26:00,74.97,12.12,0.0399,4.81,1760.0
2025-01-02 13:27:00,74.46,11.75,0.0452,4.81,1746.0
2025-01-02 13:28:00,74.93,12.09,0.0446,4.7,1751.0
2025-01-02 13:29:00,75.5,11.8,0.0429,4.76,1765.0
2025-01-02 13:30:00,74.91,11.93,0.0462,4.87,1767.0
2025-01-02 13:31:00,75.17,12.12,0.0502,4.79,1744.0
2025-01-02 13:32:00,74.79,12.05,0.0415,4.87,1750.0
2025-01-02 13:33:00,74.64,11.74,0.0454,4.8,1753.0
2025-01-02 13:34:00,74.95,11.95,0.0519,4.71,1753.0
2025-01-02 13:35:00,74.83,12.14,0.0527,4.74,1729.0
2025-01-02 13:36:00,75.74,11.8,0.0417,4.8,1744.0
2025-01-02 13:37:00,75.2,11.85,0.0489,4.77,1764.0
2025-01-02 13:38:00,75.31,11.95,0.0413,4.79,1740.0
2025-01-02 13:39:00,75.4,11.97,0.041,4.82,1754.0
2025-01-02 13:40:00,75.42,11.78,0.0391,4.79,1764.0
2025-01-02 13:41:00,75.34,11.95,0.0439,4.81,1743.0
2025-01-02 13:42:00,74.34,11.94,0.05,4.78,1737.0
2025-01-02 13:43:00,75.06,12.3,0.043,4.81,1734.0
2025-01-02 13:44:00,74.77,11.71,0.0479,4.79,1754.0
2025-01-02 13:45:00,75.14,11.86,0.0444,4.86,1760.0
2025-01-02 13:46:00,74.79,12.11,0.0458,4.79,1766.0
2025-01-02 13:47:00,74.99,12.02,0.0433,4.8,1724.0
2025-01-02 13:48:00,74.78,12.02,0.0446,4.75,1735.0
2025-01-02 13:49:00,74.96,11.86,0.0425,4.73,1751.0
2025-01-02 13:50:00,74.89,11.74,0.0461,4.74,1757.0
2025-01-02 13:51:00,74.47,12.14,0.0483,4.89,1761.0
2025-01-02 13:52:00,75.32,11.95,0.0432,4.7,1774.0
2025-01-02 13:53:00,74.77,12.41,0.0501,4.66,1739.0
2025-01-02 13:54:00,75.15,12.15,0.0451,4.86,1755.0
2025-01-02 13:55:00,75.13,11.76,0.0454,4.8,1761.0
2025-01-02 13:56:00,74.86,12.03,0.045,4.82,1766.0
2025-01-02 13:57:00,75.06,11.92,0.0487,4.94,1758.0
2025-01-02 13:58:00,75.09,11.87,0.0477,4.71,1751.0
2025-01-02 13:59:00,75.29,11.87,0.0417,4.8,1752.0
2025-01-02 14:00:00,74.9,11.86,0.0427,4.79,1753.0
2025-01-02 14:01:00,74.66,11.71,0.0465,4.85,1742.0
2025-01-02 14:02:00,74.81,11.65,0.0455,4.76,1774.0
2025-01-02 14:03:00,74.6,11.82,0.0459,4.79,1769.0
2025-01-02 14:04:00,75.5,11.98,0.0497,4.84,1757.0
2025-01-02 14:05:00,74.85,12.01,0.0457,4.73,1743.0
2025-01-02 14:06:00,74.72,12.18,0.0378,4.81,1755.0
2025-01-02 14:07:00,74.82,11.56,0.044,4.85,1751.0
2025-01-02 14:08:00,74.99,11.81,0.0462,4.82,1731.0
2025-01-02 14:09:00,75.49,12.47,0.0509,4.81,1766.0
2025-01-02 14:10:00,75.03,11.96,0.043,4.87,1750.0
2025-01-02 14:11:00,74.83,12.11,0.0496,4.85,1753.0
2025-01-02 14:12:00,75.33,11.93,0.0432,4.81,1736.0
2025-01-02 14:13:00,75.04,11.97,0.0491,4.78,1758.0
2025-01-02 14:14:00,75.01,12.24,0.0423,4.85,1746.0
2025-01-02 14:15:00,74.84,12.1,0.0432,4.87,1735.0
2025-01-02 14:16:00,75.07,12.3,0.0477,4.78,1733.0
2025-01-02 14:17:00,74.82,12.06,0.0476,4.79,1765.0
2025-01-02 14:18:00,75.51,11.79,0.0465,4.78,1750.0
2025-01-02 14:19:00,74.75,11.99,0.0499,4.78,1728.0
2025-01-02 14:20:00,75.0,11.53,0.0442,4.75,1742.0
2025-01-02 14:21:00,74.91,11.83,0.0447,4.82,1723.0
2025-01-02 14:22:00,74.67,11.64,0.0486,4.81,1754.0
2025-01-02 14:23:00,75.3,11.93,0.047,4.79,1755.0
2025-01-02 14:24:00,75.07,11.98,0.0422,4.66,1744.0
2025-01-02 14:25:00,74.62,12.0,0.0422,4.79,1778.0
2025-01-02 14:26:00,75.3,12.03,0.0459,4.81,1766.0
2025-01-02 14:27:00,74.7,11.92,0.0474,4.8,1770.0
2025-01-02 14:28:00,74.84,11.89,0.0422,4.71,1754.0
2025-01-02 14:29:00,74.52,12.32,0.043,4.74,1784.0
2025-01-02 14:30:00,74.93,11.95,0.044,4.88,1751.0
2025-01-02 14:31:00,74.64,12.06,0.0482,4.83,1748.0
2025-01-02 14:32:00,74.59,12.0,0.0513,4.82,1782.0
2025-01-02 14:33:00,74.79,12.27,0.0485,4.78,1740.0
2025-01-02 14:34:00,75.08,11.96,0.0468,4.88,1764.0
2025-01-02 14:35:00,75.0,11.93,0.0431,4.76,1773.0
2025-01-02 14:36:00,74.37,12.09,0.0445,4.83,1726.0
2025-01-02 14:37:00,74.94,12.05,0.0488,4.85,1768.0
2025-01-02 14:38:00,75.27,11.78,0.0493,4.82,1752.0
2025-01-02 14:39:00,75.15,11.96,0.0451,4.77,1748.0
2025-01-02 14:40:00,75.04,11.75,0.0411,4.81,1768.0
2025-01-02 14:41:00,90.49,14.95,0.2428,4.82,1753.0
2025-01-02 14:42:00,74.83,12.09,0.0461,4.83,1767.0
2025-01-02 14:43:00,75.04,12.14,0.0435,4.75,1763.0
2025-01-02 14:44:00,74.66,11.95,0.0425,4.83,1728.0
2025-01-02 14:45:00,74.88,11.94,0.0479,4.8,1760.0
2025-01-02 14:46:00,74.84,11.9,0.0427,4.85,1748.0
2025-01-02 14:47:00,75.45,11.84,0.0421,4.76,1754.0
2025-01-02 14:48:00,74.87,11.98,0.0441,4.78,1749.0
2025-01-02 14:49:00,75.08,11.85,0.0453,4.84,1736.0
2025-01-02 14:50:00,75.0,12.24,0.0484,4.81,1761.0
2025-01-02 14:51:00,75.28,12.12,0.0421,4.79,1694.0
2025-01-02 14:52:00,74.93,12.35,0.0511,4.83,1758.0
2025-01-02 14:53:00,75.23,12.16,0.0426,4.88,1735.0
2025-01-02 14:54:00,89.71,14.76,0.2446,4.72,1736.0
2025-01-02 14:55:00,74.92,12.3,0.0403,4.94,1764.0
2025-01-02 14:56:00,74.78,12.15,0.0428,4.77,1774.0
2025-01-02 14:57:00,74.7,11.67,0.0469,4.78,1746.0
2025-01-02 14:58:00,75.11,12.43,0.042,4.82,1725.0
2025-01-02 14:59:00,74.76,12.1,0.0437,4.77,1718.0
2025-01-02 15:00:00,74.61,11.98,0.0462,4.88,1753.0
2025-01-02 15:01:00,75.12,11.94,0.0449,4.89,1754.0
2025-01-02 15:02:00,75.17,12.21,0.0475,4.79,1774.0
2025-01-02 15:03:00,75.07,12.03,0.0458,4.78,1743.0
2025-01-02 15:04:00,73.99,12.5,0.0446,4.8,1752.0
2025-01-02 15:05:00,75.24,12.15,0.0485,4.87,1759.0
2025-01-02 15:06:00,75.04,11.87,0.0463,4.88,1749.0
2025-01-02 15:07:00,75.01,11.86,0.0488,4.8,1752.0
2025-01-02 15:08:00,75.61,12.31,0.0465,4.82,1762.0
2025-01-02 15:09:00,74.98,12.15,0.0453,4.78,1754.0
2025-01-02 15:10:00,74.79,12.01,0.0384,4.78,1747.0
2025-01-02 15:11:00,74.85,11.85,0.0443,4.76,1739.0
2025-01-02 15:12:00,75.14,11.57,0.0457,4.83,1753.0
2025-01-02 15:13:00,74.98,11.93,0.0463,4.73,1763.0
2025-01-02 15:14:00,75.38,12.24,0.0431,4.78,1748.0
2025-01-02 15:15:00,74.42,12.07,0.044,4.81,1717.0
2025-01-02 15:16:00,75.17,11.86,0.0421,4.83,1774.0
2025-01-02 15:17:00,74.82,12.13,0.0439,4.77,1736.0
2025-01-02 15:18:00,74.94,11.73,0.0416,4.77,1749.0
2025-01-02 15:19:00,75.02,12.12,0.0454,4.84,1756.0
2025-01-02 15:20:00,75.2,11.91,0.0448,4.88,1735.0
2025-01-02 15:21:00,74.34,11.87,0.0439,4.78,1763.0
2025-01-02 15:22:00,74.81,11.56,0.0412,4.8,1753.0
2025-01-02 15:23:00,74.79,11.8,0.0429,4.75,1747.0
2025-01-02 15:24:00,74.95,12.2,0.0451,4.82,1743.0
2025-01-02 15:25:00,74.58,11.86,0.0454,4.8,1751.0
2025-01-02 15:26:00,75.33,12.18,0.0441,4.84,1770.0
2025-01-02 15:27:00,75.19,12.44,0.0459,4.75,1741.0
2025-01-02 15:28:00,75.06,12.19,0.0478,4.78,1767.0
2025-01-02 15:29:00,75.03,11.97,0.0466,4.86,1766.0
2025-01-02 15:30:00,74.41,12.04,0.0457,4.77,1760.0
2025-01-02 15:31:00,74.69,11.93,0.0456,4.83,1735.0
2025-01-02 15:32:00,75.32,12.47,0.0459,4.87,1737.0
2025-01-02 15:33:00,75.4,11.97,0.0405,4.71,1712.0
2025-01-02 15:34:00,74.57,11.93,0.0436,4.84,1735.0
2025-01-02 15:35:00,74.94,11.71,0.0473,4.82,1785.0
2025-01-02 15:36:00,74.84,12.01,0.0464,4.67,1769.0
2025-01-02 15:37:00,75.44,12.35,0.0429,4.8,1763.0
2025-01-02 15:38:00,75.03,12.04,0.0438,4.81,1728.0
2025-01-02 15:39:00,75.02,11.76,0.0475,4.84,1751.0
2025-01-02 15:40:00,75.34,12.02,0.0436,4.84,1746.0
2025-01-02 15:41:00,75.2,11.96,0.041,4.76,1759.0
2025-01-02 15:42:00,75.36,12.01,0.0441,4.78,1748.0
2025-01-02 15:43:00,75.1,11.82,0.0486,4.81,1747.0
2025-01-02 15:44:00,80.5,11.77,0.3445,4.75,1761.0
2025-01-02 15:45:00,75.48,11.84,0.0482,4.81,1741.0
2025-01-02 15:46:00,75.46,11.81,0.047,4.84,1761.0
2025-01-02 15:47:00,75.08,12.04,0.0446,4.81,1764.0
2025-01-02 15:48:00,75.23,12.06,0.0426,4.73,1729.0
2025-01-02 15:49:00,75.39,12.08,0.0426,4.87,1756.0
2025-01-02 15:50:00,74.85,11.88,0.0449,4.87,1761.0
2025-01-02 15:51:00,74.74,12.26,0.0411,4.79,1731.0
2025-01-02 15:52:00,74.58,12.61,0.0409,4.84,1758.0
2025-01-02 15:53:00,75.0,11.63,0.046,4.81,1748.0
2025-01-02 15:54:00,75.21,11.82,0.0411,4.82,1747.0
2025-01-02 15:55:00,74.46,12.2,0.051,4.82,1758.0
2025-01-02 15:56:00,89.57,14.67,0.2442,4.83,1742.0
2025-01-02 15:57:00,75.02,12.33,0.0444,4.76,1729.0
2025-01-02 15:58:00,73.86,12.35,0.0493,4.78,1748.0
2025-01-02 15:59:00,74.74,12.06,0.0491,4.81,1746.0
2025-01-02 16:00:00,75.04,11.89,0.0437,4.82,1707.0
2025-01-02 16:01:00,74.57,11.7,0.0427,4.79,1760.0
2025-01-02 16:02:00,74.97,11.81,0.0444,4.77,1753.0
2025-01-02 16:03:00,75.24,12.46,0.0507,4.81,1745.0
2025-01-02 16:04:00,75.49,12.27,0.042,4.84,1757.0
2025-01-02 16:05:00,75.9,11.58,0.0457,4.82,1740.0
2025-01-02 16:06:00,74.85,11.96,0.0513,4.88,1761.0
2025-01-02 16:07:00,74.82,11.96,0.0468,4.84,1745.0
2025-01-02 16:08:00,74.55,11.84,0.0425,4.77,1791.0
2025-01-02 16:09:00,75.15,11.83,0.0455,4.76,1753.0
2025-01-02 16:10:00,75.06,12.15,0.0425,4.74,1773.0
2025-01-02 16:11:00,75.05,11.63,0.0464,4.82,1729.0
2025-01-02 16:12:00,75.2,11.78,0.0513,4.91,1771.0
2025-01-02 16:13:00,75.25,12.26,0.0435,4.79,1749.0
2025-01-02 16:14:00,74.55,12.12,0.0465,4.83,1754.0
2025-01-02 16:15:00,75.18,11.69,0.0451,4.87,1714.0
2025-01-02 16:16:00,74.91,11.98,0.0487,4.73,1744.0
2025-01-02 16:17:00,75.02,12.21,0.0459,4.74,1719.0
2025-01-02 16:18:00,74.74,12.17,0.0438,4.81,1756.0
2025-01-02 16:19:00,75.48,12.08,0.0451,4.74,1728.0
2025-01-02 16:20:00,74.41,12.02,0.043,4.87,1749.0
2025-01-02 16:21:00,75.68,11.85,0.0428,4.71,1766.0
2025-01-02 16:22:00,75.51,11.77,0.0515,4.67,1753.0
2025-01-02 16:23:00,80.02,11.63,0.3432,4.87,1752.0
2025-01-02 16:24:00,74.94,11.92,0.0451,4.8,1725.0
2025-01-02 16:25:00,75.04,12.16,0.0446,4.83,1735.0
2025-01-02 16:26:00,75.05,11.94,0.0403,4.75,1766.0
2025-01-02 16:27:00,75.52,11.82,0.0404,4.8,1748.0
2025-01-02 16:28:00,74.78,11.99,0.0507,4.74,1745.0
2025-01-02 16:29:00,74.99,11.88,0.0486,4.68,1728.0
2025-01-02 16:30:00,75.45,11.82,0.0403,4.77,1738.0
2025-01-02 16:31:00,74.82,12.04,0.0456,4.8,1785.0
2025-01-02 16:32:00,75.17,12.02,0.0436,4.84,1767.0
2025-01-02 16:33:00,74.99,12.07,0.0463,4.94,1758.0
2025-01-02 16:34:00,74.78,12.02,0.042,4.84,1760.0
2025-01-02 16:35:00,75.19,12.31,0.0458,4.74,1761.0
2025-01-02 16:36:00,75.01,11.75,0.0483,4.87,1759.0
2025-01-02 16:37:00,74.84,12.1,0.0438,4.8,1751.0
2025-01-02 16:38:00,75.56,12.25,0.0427,4.8,1754.0
2025-01-02 16:39:00,75.04,11.8,0.0527,4.79,1725.0
2025-01-02 16:40:00,74.95,11.98,0.0424,4.69,1742.0
2025-01-02 16:41:00,75.09,11.93,0.0427,4.81,1736.0
2025-01-02 16:42:00,74.96,11.79,0.0471,4.85,1747.0
2025-01-02 16:43:00,74.17,12.2,0.0422,4.81,1750.0
2025-01-02 16:44:00,75.2,11.96,0.0458,4.8,1758.0
2025-01-02 16:45:00,74.6,12.21,0.0456,4.86,1742.0
2025-01-02 16:46:00,75.0,11.65,0.0434,4.77,1758.0
2025-01-02 16:47:00,75.14,11.7,0.0465,4.8,1765.0
2025-01-02 16:48:00,75.04,11.9,0.0428,4.71,1759.0
2025-01-02 16:49:00,74.84,11.92,0.0405,4.83,1768.0
2025-01-02 16:50:00,75.05,12.07,0.0391,4.83,1736.0
2025-01-02 16:51:00,75.29,12.14,0.0457,4.77,1737.0
2025-01-02 16:52:00,74.73,12.01,0.047,4.82,1785.0
2025-01-02 16:53:00,75.3,11.97,0.0451,4.77,1723.0
2025-01-02 16:54:00,74.77,12.25,0.0474,4.78,1777.0
2025-01-02 16:55:00,75.09,11.67,0.0488,4.87,1759.0
2025-01-02 16:56:00,74.68,11.89,0.0455,4.83,1752.0
2025-01-02 16:57:00,75.15,12.39,0.0393,4.84,1749.0
2025-01-02 16:58:00,75.14,12.0,0.0405,4.74,1763.0
2025-01-02 16:59:00,74.52,12.0,0.0432,4.74,1724.0
2025-01-02 17:00:00,75.24,11.8,0.0414,4.86,1738.0
2025-01-02 17:01:00,74.85,12.04,0.046,4.77,1756.0
2025-01-02 17:02:00,74.67,11.96,0.041,4.88,1726.0
2025-01-02 17:03:00,74.94,11.81,0.0502,4.82,1753.0
2025-01-02 17:04:00,75.02,11.91,0.0395,4.76,1773.0
2025-01-02 17:05:00,74.78,12.09,0.0466,4.74,1732.0
2025-01-02 17:06:00,74.91,11.86,0.0483,4.81,1760.0
2025-01-02 17:07:00,75.03,12.35,0.0427,4.83,1756.0
2025-01-02 17:08:00,75.01,12.05,0.0513,4.86,1749.0
2025-01-02 17:09:00,75.38,12.33,0.0428,4.84,1744.0
2025-01-02 17:10:00,74.99,11.83,0.0515,4.85,1757.0
2025-01-02 17:11:00,75.1,11.83,0.0443,4.81,1739.0
2025-01-02 17:12:00,74.93,12.11,0.0444,4.91,1741.0
2025-01-02 17:13:00,74.68,12.11,0.0439,4.85,1757.0
2025-01-02 17:14:00,75.02,11.95,0.0507,4.8,1731.0
2025-01-02 17:15:00,74.75,12.02,0.045,4.76,1784.0
2025-01-02 17:16:00,75.15,12.06,0.0499,4.93,1759.0
2025-01-02 17:17:00,75.03,11.85,0.0472,4.87,1751.0
2025-01-02 17:18:00,74.72,12.02,0.04,4.8,1737.0
2025-01-02 17:19:00,74.9,12.09,0.0477,4.72,1774.0
2025-01-02 17:20:00,75.53,11.65,0.0439,4.92,1756.0
2025-01-02 17:21:00,75.28,11.72,0.0412,4.72,1744.0
2025-01-02 17:22:00,75.16,12.1,0.0435,4.75,1774.0
2025-01-02 17:23:00,75.46,12.13,0.047,4.86,1766.0
2025-01-02 17:24:00,75.32,11.97,0.0451,4.96,1783.0
2025-01-02 17:25:00,75.4,11.91,0.0379,4.77,1745.0
2025-01-02 17:26:00,75.02,11.56,0.0425,4.82,1741.0
2025-01-02 17:27:00,74.96,12.41,0.0428,4.81,1757.0
2025-01-02 17:28:00,75.3,11.97,0.0443,4.78,1752.0
2025-01-02 17:29:00,74.66,11.82,0.044,4.75,1752.0
2025-01-02 17:30:00,75.07,11.88,0.0426,4.81,1791.0
2025-01-02 17:31:00,74.59,12.1,0.0435,4.73,1751.0
2025-01-02 17:32:00,75.47,12.29,0.0456,4.81,1741.0
2025-01-02 17:33:00,74.71,11.58,0.0461,4.8,1748.0
2025-01-02 17:34:00,75.13,12.11,0.0471,4.86,1765.0
2025-01-02 17:35:00,74.85,12.03,0.0414,4.8,1731.0
2025-01-02 17:36:00,74.97,11.84,0.0443,4.75,1753.0
2025-01-02 17:37:00,75.67,12.04,0.0485,4.8,1747.0
2025-01-02 17:38:00,75.15,11.93,0.0449,4.84,1744.0
2025-01-02 17:39:00,75.52,11.9,0.0445,4.79,1733.0
2025-01-02 17:40:00,74.96,12.01,0.0402,4.81,1762.0
2025-01-02 17:41:00,74.8,11.76,0.0424,4.83,1764.0
2025-01-02 17:42:00,74.71,11.63,0.0497,4.82,1763.0
2025-01-02 17:43:00,75.12,11.64,0.0523,4.74,1734.0
2025-01-02 17:44:00,75.08,11.81,0.043,4.83,1749.0
2025-01-02 17:45:00,74.66,12.22,0.0431,4.75,1742.0
2025-01-02 17:46:00,74.94,12.19,0.0452,4.79,1732.0
2025-01-02 17:47:00,74.64,12.14,0.0497,4.73,1783.0
2025-01-02 17:48:00,75.09,11.89,0.0437,4.74,1768.0
2025-01-02 17:49:00,74.92,12.18,0.0479,4.7,1754.0
2025-01-02 17:50:00,75.5,11.75,0.0455,4.78,1783.0
2025-01-02 17:51:00,75.02,12.01,0.0513,4.72,1760.0
2025-01-02 17:52:00,74.32,12.29,0.0418,4.71,1752.0
2025-01-02 17:53:00,75.31,12.32,0.0401,4.87,1736.0
2025-01-02 17:54:00,74.76,12.09,0.0424,4.81,1744.0
2025-01-02 17:55:00,75.25,12.21,0.0437,4.82,1745.0
2025-01-02 17:56:00,75.0,11.87,0.0429,4.77,1767.0
2025-01-02 17:57:00,75.21,11.79,0.0465,4.86,1752.0
2025-01-02 17:58:00,74.93,11.86,0.0452,4.81,1726.0
2025-01-02 17:59:00,75.47,12.0,0.0463,4.74,1767.0
2025-01-02 18:00:00,70.25,10.13,0.0255,4.5,1504.0
2025-01-02 18:01:00,69.71,10.36,0.0207,4.51,1508.0
2025-01-02 18:02:00,69.82,9.76,0.0265,4.38,1520.0
2025-01-02 18:03:00,69.95,10.04,0.0199,4.35,1498.0
2025-01-02 18:04:00,70.01,9.75,0.0291,4.56,1483.0
2025-01-02 18:05:00,70.16,10.22,0.0275,4.51,1528.0
2025-01-02 18:06:00,70.44,9.98,0.0246,4.52,1484.0
2025-01-02 18:07:00,69.52,9.99,0.0205,4.44,1492.0
2025-01-02 18:08:00,69.82,10.17,0.0241,4.54,1490.0
2025-01-02 18:09:00,70.25,9.83,0.0198,4.41,1494.0
2025-01-02 18:10:00,70.23,9.79,0.0285,4.53,1524.0
2025-01-02 18:11:00,69.63,9.99,0.0282,4.49,1495.0
2025-01-02 18:12:00,69.75,9.79,0.0236,4.53,1494.0
2025-01-02 18:13:00,70.49,9.89,0.0247,4.5,1486.0
2025-01-02 18:14:00,69.75,10.16,0.0248,4.41,1496.0
2025-01-02 18:15:00,69.86,10.03,0.0201,4.58,1510.0
2025-01-02 18:16:00,69.72,10.26,0.0244,4.57,1492.0
2025-01-02 18:17:00,69.67,10.08,0.033,4.49,1492.0
2025-01-02 18:18:00,70.36,9.79,0.0233,4.52,1485.0
2025-01-02 18:19:00,70.21,10.38,0.0244,4.41,1495.0
2025-01-02 18:20:00,70.34,9.83,0.0173,4.49,1493.0
2025-01-02 18:21:00,69.88,9.94,0.0232,4.63,1508.0
2025-01-02 18:22:00,70.4,10.21,0.028,4.54,1501.0
2025-01-02 18:23:00,69.9,9.64,0.0288,4.57,1473.0
2025-01-02 18:24:00,70.08,9.99,0.0315,4.54,1495.0
2025-01-02 18:25:00,69.77,10.34,0.0222,4.51,1479.0
2025-01-02 18:26:00,69.6,9.88,0.0182,4.46,1467.0
2025-01-02 18:27:00,69.98,10.07,0.023,4.48,1508.0
2025-01-02 18:28:00,70.26,10.12,0.0235,4.43,1510.0
2025-01-02 18:29:00,69.99,9.94,0.0305,4.44,1506.0
2025-01-02 18:30:00,70.18,10.08,0.0263,4.48,1499.0
2025-01-02 18:31:00,70.37,9.94,0.0241,4.49,1510.0
2025-01-02 18:32:00,69.79,9.97,0.0256,4.57,1506.0
2025-01-02 18:33:00,69.57,10.12,0.0225,4.52,1470.0
2025-01-02 18:34:00,69.24,9.9,0.0286,4.58,1492.0
2025-01-02 18:35:00,70.06,9.93,0.0241,4.58,1486.0
2025-01-02 18:36:00,70.18,9.96,0.0275,4.41,1501.0
2025-01-02 18:37:00,70.17,10.14,0.0236,4.45,1513.0
2025-01-02 18:38:00,69.93,10.24,0.0286,4.41,1510.0
2025-01-02 18:39:00,69.88,9.97,0.0179,4.5,1473.0
2025-01-02 18:40:00,70.05,10.15,0.02,4.48,1495.0
2025-01-02 18:41:00,70.12,10.05,0.0275,4.47,1493.0
2025-01-02 18:42:00,70.08,10.15,0.0245,4.54,1515.0
2025-01-02 18:43:00,70.03,10.31,0.0295,4.52,1477.0
2025-01-02 18:44:00,69.88,9.8,0.0243,4.54,1506.0
2025-01-02 18:45:00,69.93,9.81,0.0245,4.48,1515.0
2025-01-02 18:46:00,70.03,9.59,0.0273,4.47,1492.0
2025-01-02 18:47:00,69.9,9.7,0.0234,4.52,1507.0
2025-01-02 18:48:00,70.63,9.88,0.0275,4.51,1496.0
2025-01-02 18:49:00,70.24,10.22,0.0304,4.43,1501.0
2025-01-02 18:50:00,70.14,9.76,0.0165,4.53,1477.0
2025-01-02 18:51:00,69.96,10.06,0.0263,4.6,1490.0
2025-01-02 18:52:00,69.6,10.19,0.0269,4.48,1488.0
2025-01-02 18:53:00,70.43,10.08,0.0238,4.51,1530.0
2025-01-02 18:54:00,69.94,10.23,0.0235,4.53,1500.0
2025-01-02 18:55:00,70.51,9.99,0.0203,4.55,1495.0
2025-01-02 18:56:00,69.98,10.31,0.0218,4.42,1512.0
2025-01-02 18:57:00,69.76,9.99,0.0262,4.53,1486.0
2025-01-02 18:58:00,69.53,10.47,0.0254,4.46,1494.0
2025-01-02 18:59:00,70.1,9.9,0.0279,4.5,1514.0
2025-01-02 19:00:00,70.24,9.82,0.0296,4.47,1491.0
2025-01-02 19:01:00,70.3,10.17,0.0219,4.51,1486.0
2025-01-02 19:02:00,70.09,10.15,0.0238,4.46,1494.0
2025-01-02 19:03:00,70.53,10.46,0.0256,4.54,1503.0
2025-01-02 19:04:00,69.66,10.09,0.0269,4.44,1506.0
2025-01-02 19:05:00,69.46,9.8,0.017,4.53,1501.0
2025-01-02 19:06:00,69.68,9.72,0.0282,4.47,1503.0
2025-01-02 19:07:00,69.83,10.13,0.0206,4.5,1502.0
2025-01-02 19:08:00,70.32,9.97,0.0286,4.52,1491.0
2025-01-02 19:09:00,70.26,10.05,0.0229,4.55,1513.0
2025-01-02 19:10:00,70.42,10.27,0.0285,4.58,1483.0
2025-01-02 19:11:00,69.52,10.0,0.0308,4.5,1473.0
2025-01-02 19:12:00,70.34,9.39,0.0259,4.44,1490.0
2025-01-02 19:13:00,70.09,9.56,0.0238,4.47,1494.0
2025-01-02 19:14:00,69.63,10.28,0.0219,4.54,1537.0
2025-01-02 19:15:00,69.81,10.01,0.0253,4.53,1489.0
2025-01-02 19:16:00,69.6,10.01,0.0241,4.5,1526.0
2025-01-02 19:17:00,69.82,10.35,0.0288,4.52,1502.0
2025-01-02 19:18:00,69.69,9.62,0.0274,4.49,1477.0
2025-01-02 19:19:00,69.49,9.83,0.0261,4.52,1478.0
2025-01-02 19:20:00,69.52,10.06,0.0199,4.49,1505.0
2025-01-02 19:21:00,70.14,10.12,0.0213,4.49,1485.0
2025-01-02 19:22:00,70.71,9.9,0.0237,4.5,1489.0
2025-01-02 19:23:00,70.25,10.01,0.0254,4.47,1466.0
2025-01-02 19:24:00,70.15,9.68,0.0197,4.53,1510.0
2025-01-02 19:25:00,70.14,10.2,0.0235,4.4,1511.0
2025-01-02 19:26:00,70.01,9.95,0.0227,4.5,1501.0
2025-01-02 19:27:00,70.0,9.96,0.0239,4.49,1505.0
2025-01-02 19:28:00,70.74,10.39,0.0282,4.48,1505.0
2025-01-02 19:29:00,69.85,9.59,0.0248,4.5,1503.0
2025-01-02 19:30:00,69.8,10.42,0.0248,4.46,1488.0
2025-01-02 19:31:00,69.85,9.74,0.0239,4.5,1495.0
2025-01-02 19:32:00,70.27,10.12,0.0243,4.5,1492.0
2025-01-02 19:33:00,70.15,9.86,0.0249,4.56,1480.0
2025-01-02 19:34:00,70.07,10.06,0.0253,4.53,1505.0
2025-01-02 19:35:00,70.07,10.22,0.0224,4.49,1504.0
2025-01-02 19:36:00,70.29,10.05,0.0231,4.45,1491.0
2025-01-02 19:37:00,69.66,10.07,0.026,4.47,1519.0
2025-01-02 19:38:00,69.95,9.84,0.0212,4.53,1525.0
2025-01-02 19:39:00,69.69,10.45,0.0236,4.52,1515.0
2025-01-02 19:40:00,69.83,9.85,0.0234,4.56,1484.0
2025-01-02 19:41:00,70.25,9.58,0.026,4.55,1516.0
2025-01-02 19:42:00,69.52,10.35,0.0272,4.53,1528.0
2025-01-02 19:43:00,69.57,10.33,0.0295,4.6,1525.0
2025-01-02 19:44:00,70.25,10.12,0.0257,4.53,1484.0
2025-01-02 19:45:00,70.5,9.83,0.0246,4.48,1470.0
2025-01-02 19:46:00,70.02,9.88,0.0239,4.44,1493.0
2025-01-02 19:47:00,70.1,9.9,0.0217,4.49,1509.0
2025-01-02 19:48:00,70.14,10.49,0.0221,4.56,1499.0
2025-01-02 19:49:00,69.68,10.06,0.0285,4.47,1475.0
2025-01-02 19:50:00,69.45,10.22,0.0326,4.42,1497.0
2025-01-02 19:51:00,70.02,10.07,0.0271,4.43,1525.0
2025-01-02 19:52:00,70.14,9.73,0.0236,4.53,1481.0
2025-01-02 19:53:00,69.96,10.09,0.0259,4.44,1493.0
2025-01-02 19:54:00,70.37,10.33,0.0259,4.51,1479.0
2025-01-02 19:55:00,70.4,9.95,0.0237,4.45,1508.0
2025-01-02 19:56:00,70.61,10.2,0.0281,4.57,1473.0
2025-01-02 19:57:00,70.14,10.22,0.0261,4.47,1511.0
2025-01-02 19:58:00,70.14,9.86,0.0237,4.44,1482.0
2025-01-02 19:59:00,70.8,9.8,0.0244,4.42,1527.0
2025-01-02 20:00:00,70.09,9.97,0.0192,4.45,1538.0
2025-01-02 20:01:00,70.03,9.79,0.0289,4.42,1483.0
2025-01-02 20:02:00,69.98,9.89,0.0254,4.53,1488.0
2025-01-02 20:03:00,70.3,9.88,0.0305,4.45,1489.0
2025-01-02 20:04:00,70.75,10.14,0.0196,4.57,1493.0
2025-01-02 20:05:00,69.5,9.74,0.028,4.53,1504.0
2025-01-02 20:06:00,70.19,10.44,0.0231,4.47,1470.0
2025-01-02 20:07:00,70.0,10.03,0.0218,4.54,1509.0
2025-01-02 20:08:00,69.8,10.0,0.027,4.46,1511.0
2025-01-02 20:09:00,70.17,9.94,0.0269,4.56,1501.0
2025-01-02 20:10:00,70.04,10.04,0.0214,4.54,1484.0
2025-01-02 20:11:00,69.9,10.19,0.0208,4.47,1508.0
2025-01-02 20:12:00,70.19,10.01,0.029,4.57,1514.0
2025-01-02 20:13:00,69.73,10.12,0.0232,4.47,1514.0
2025-01-02 20:14:00,69.88,10.54,0.0206,4.55,1505.0
2025-01-02 20:15:00,69.16,10.15,0.0321,4.47,1521.0
2025-01-02 20:16:00,69.58,10.03,0.025,4.45,1479.0
2025-01-02 20:17:00,69.52,9.59,0.0218,4.48,1471.0
2025-01-02 20:18:00,70.13,9.87,0.0225,4.5,1524.0
2025-01-02 20:19:00,74.61,9.92,0.3297,4.47,1499.0
2025-01-02 20:20:00,69.71,10.1,0.0225,4.55,1492.0
2025-01-02 20:21:00,70.47,9.84,0.0293,4.44,1488.0
2025-01-02 20:22:00,70.32,9.86,0.0285,4.5,1497.0
2025-01-02 20:23:00,69.65,9.59,0.0207,4.5,1522.0
2025-01-02 20:24:00,70.27,9.73,0.0301,4.5,1497.0
2025-01-02 20:25:00,69.73,10.06,0.0252,4.43,1494.0
2025-01-02 20:26:00,69.51,10.32,0.0231,4.55,1497.0
2025-01-02 20:27:00,70.35,10.22,0.0278,4.44,1474.0
2025-01-02 20:28:00,70.09,10.07,0.0259,4.44,1513.0
2025-01-02 20:29:00,69.94,9.67,0.0232,4.49,1513.0
2025-01-02 20:30:00,70.12,9.94,0.0221,4.49,1486.0
2025-01-02 20:31:00,69.61,9.65,0.0254,4.45,1504.0
2025-01-02 20:32:00,70.17,10.24,0.0254,4.48,1507.0
2025-01-02 20:33:00,70.11,9.78,0.0252,4.51,1485.0
2025-01-02 20:34:00,69.96,9.81,0.0242,4.48,1500.0
2025-01-02 20:35:00,70.57,10.0,0.0293,4.47,1514.0
2025-01-02 20:36:00,70.1,10.04,0.0208,4.45,1501.0
2025-01-02 20:37:00,70.21,10.18,0.0261,4.51,1518.0
2025-01-02 20:38:00,69.68,10.14,0.0245,4.55,1517.0
2025-01-02 20:39:00,70.05,10.09,0.0203,4.45,1518.0
2025-01-02 20:40:00,69.94,9.89,0.0297,4.43,1498.0
2025-01-02 20:41:00,70.16,10.29,0.0273,4.45,1472.0
2025-01-02 20:42:00,70.18,10.14,0.0234,4.52,1500.0
2025-01-02 20:43:00,70.18,10.08,0.0284,4.47,1504.0
2025-01-02 20:44:00,69.83,9.98,0.0289,4.51,1512.0
2025-01-02 20:45:00,70.39,10.04,0.0256,4.5,1508.0
2025-01-02 20:46:00,69.87,10.28,0.0242,4.43,1511.0
2025-01-02 20:47:00,69.61,9.98,0.019,4.51,1512.0
2025-01-02 20:48:00,70.02,9.82,0.027,4.45,1480.0
2025-01-02 20:49:00,70.22,9.57,0.0236,4.47,1512.0
2025-01-02 20:50:00,69.93,10.03,0.0235,4.49,1516.0
2025-01-02 20:51:00,69.8,10.28,0.0251,4.52,1479.0
2025-01-02 20:52:00,69.71,9.79,0.0245,4.54,1504.0
2025-01-02 20:53:00,69.51,9.93,0.0256,4.49,1503.0
2025-01-02 20:54:00,69.54,10.06,0.0297,4.42,1495.0
2025-01-02 20:55:00,70.05,10.08,0.0253,4.52,1482.0
2025-01-02 20:56:00,70.21,10.28,0.0278,4.52,1535.0
2025-01-02 20:57:00,70.31,9.87,0.0249,4.53,1484.0
2025-01-02 20:58:00,69.1,10.34,0.0272,4.53,1506.0
2025-01-02 20:59:00,69.88,10.18,0.026,4.42,1489.0
2025-01-02 21:00:00,70.35,9.95,0.0194,4.47,1500.0
2025-01-02 21:01:00,69.95,9.99,0.0245,4.59,1507.0
2025-01-02 21:02:00,70.19,10.12,0.0226,4.49,1506.0
2025-01-02 21:03:00,70.27,10.39,0.0207,4.48,1502.0
2025-01-02 21:04:00,69.8,9.67,0.026,4.46,1492.0
2025-01-02 21:05:00,70.63,9.91,0.0261,4.49,1506.0
2025-01-02 21:06:00,69.62,10.09,0.0236,4.47,1486.0
2025-01-02 21:07:00,70.21,9.84,0.0235,4.5,1494.0
2025-01-02 21:08:00,69.88,10.25,0.0256,4.47,1502.0
2025-01-02 21:09:00,70.05,9.68,0.0232,4.48,1464.0
2025-01-02 21:10:00,70.81,9.85,0.0285,4.55,1528.0
2025-01-02 21:11:00,69.99,9.99,0.0209,4.54,1507.0
2025-01-02 21:12:00,70.27,10.36,0.0229,4.51,1501.0
2025-01-02 21:13:00,69.91,10.03,0.0268,4.42,1505.0
2025-01-02 21:14:00,70.3,9.74,0.0242,4.48,1505.0
2025-01-02 21:15:00,70.63,9.91,0.027,4.51,1495.0
2025-01-02 21:16:00,69.94,10.23,0.0255,4.4,1492.0
2025-01-02 21:17:00,69.87,9.71,0.024,4.46,1476.0
2025-01-02 21:18:00,69.77,10.31,0.0285,4.5,1510.0
2025-01-02 21:19:00,70.59,9.98,0.0256,4.54,1500.0
2025-01-02 21:20:00,70.62,10.06,0.024,4.45,1481.0
2025-01-02 21:21:00,69.98,10.28,0.0257,4.47,1493.0
2025-01-02 21:22:00,70.06,10.26,0.0241,4.58,1500.0
2025-01-02 21:23:00,70.32,10.12,0.0296,4.44,1500.0
2025-01-02 21:24:00,70.13,10.16,0.023,4.53,1505.0
2025-01-02 21:25:00,69.72,9.9,0.0239,4.53,1498.0
2025-01-02 21:26:00,69.92,9.77,0.0199,4.53,1491.0
2025-01-02 21:27:00,70.0,9.78,0.0294,4.54,1512.0
2025-01-02 21:28:00,69.94,9.93,0.0278,4.49,1481.0
2025-01-02 21:29:00,70.23,9.86,0.0193,4.47,1505.0
2025-01-02 21:30:00,69.98,10.03,0.0203,4.54,1497.0
2025-01-02 21:31:00,70.55,10.34,0.027,4.6,1487.0
2025-01-02 21:32:00,70.11,9.82,0.022,4.41,1492.0
2025-01-02 21:33:00,69.63,9.82,0.0233,4.51,1504.0
2025-01-02 21:34:00,70.33,10.31,0.0257,4.51,1502.0
2025-01-02 21:35:00,69.78,10.03,0.0259,4.69,1515.0
2025-01-02 21:36:00,69.77,10.09,0.0286,4.52,1510.0
2025-01-02 21:37:00,69.87,10.03,0.0213,4.49,1489.0
2025-01-02 21:38:00,70.31,9.68,0.0261,4.48,1519.0
2025-01-02 21:39:00,70.09,9.99,0.024,4.49,1505.0
2025-01-02 21:40:00,69.85,9.97,0.021,4.53,1545.0
2025-01-02 21:41:00,69.93,10.23,0.0195,4.49,1510.0
2025-01-02 21:42:00,69.73,10.02,0.0225,4.53,1518.0
2025-01-02 21:43:00,70.2,10.04,0.0304,4.54,1497.0
2025-01-02 21:44:00,70.07,9.58,0.0271,4.58,1535.0
2025-01-02 21:45:00,69.9,10.1,0.0242,4.53,1530.0
2025-01-02 21:46:00,70.06,9.98,0.0269,4.61,1528.0
2025-01-02 21:47:00,70.07,9.84,0.0276,4.47,1498.0
2025-01-02 21:48:00,70.79,9.82,0.026,4.5,1509.0
2025-01-02 21:49:00,70.36,9.76,0.0236,4.57,1477.0
2025-01-02 21:50:00,70.31,10.18,0.0218,4.51,1503.0
2025-01-02 21:51:00,69.89,10.21,0.0259,4.48,1499.0
2025-01-02 21:52:00,70.09,10.21,0.0281,4.44,1489.0
2025-01-02 21:53:00,69.86,10.15,0.0246,4.44,1498.0
2025-01-02 21:54:00,69.71,9.99,0.02,4.38,1521.0
2025-01-02 21:55:00,70.38,9.97,0.0245,4.47,1496.0
2025-01-02 21:56:00,69.76,9.82,0.0229,4.54,1502.0
2025-01-02 21:57:00,70.02,10.25,0.0281,4.49,1491.0
2025-01-02 21:58:00,70.65,9.72,0.0255,4.51,1484.0
2025-01-02 21:59:00,70.09,10.37,0.0253,4.5,1508.0
2025-01-02 22:00:00,70.59,10.07,0.0257,4.48,1485.0
2025-01-02 22:01:00,70.08,9.91,0.0285,4.55,1478.0
2025-01-02 22:02:00,70.14,9.86,0.0242,4.53,1531.0
2025-01-02 22:03:00,69.72,9.94,0.0217,4.57,1486.0
2025-01-02 22:04:00,70.65,9.87,0.023,4.51,1501.0
2025-01-02 22:05:00,70.35,9.82,0.0217,4.57,1512.0
2025-01-02 22:06:00,69.71,9.91,0.0289,4.55,1503.0
2025-01-02 22:07:00,70.02,10.04,0.0244,4.43,1490.0
2025-01-02 22:08:00,70.04,10.04,0.0259,4.54,1516.0
2025-01-02 22:09:00,70.38,9.89,0.0273,4.48,1478.0
2025-01-02 22:10:00,69.96,9.91,0.0262,4.48,1488.0
2025-01-02 22:11:00,70.13,9.76,0.0294,4.53,1506.0
2025-01-02 22:12:00,69.96,10.37,0.0253,4.41,1485.0
2025-01-02 22:13:00,69.92,9.73,0.0231,4.53,1482.0
2025-01-02 22:14:00,70.2,10.16,0.0267,4.56,1486.0
2025-01-02 22:15:00,69.93,10.04,0.019,4.46,1516.0
2025-01-02 22:16:00,69.85,10.17,0.0233,4.51,1498.0
2025-01-02 22:17:00,70.17,9.76,0.0227,4.57,1515.0
2025-01-02 22:18:00,70.17,10.07,0.0214,4.55,1504.0
2025-01-02 22:19:00,70.14,9.85,0.0277,4.52,1513.0
2025-01-02 22:20:00,69.6,9.99,0.0197,4.47,1523.0
2025-01-02 22:21:00,70.68,10.16,0.0293,4.47,1498.0
2025-01-02 22:22:00,70.04,9.94,0.0288,4.45,1519.0
2025-01-02 22:23:00,69.79,10.04,0.0253,4.43,1532.0
2025-01-02 22:24:00,70.11,10.01,0.0256,4.45,1494.0
2025-01-02 22:25:00,69.51,10.05,0.0196,4.47,1513.0
2025-01-02 22:26:00,70.9,10.12,0.0235,4.42,1504.0
2025-01-02 22:27:00,69.61,10.11,0.0233,4.49,1496.0
2025-01-02 22:28:00,69.6,10.36,0.0274,4.57,1488.0
2025-01-02 22:29:00,69.85,10.41,0.027,4.52,1502.0
2025-01-02 22:30:00,69.67,10.01,0.0261,4.43,1504.0
2025-01-02 22:31:00,70.54,10.01,0.0232,4.45,1514.0
2025-01-02 22:32:00,69.77,9.74,0.0232,4.53,1499.0
2025-01-02 22:33:00,69.91,10.06,0.0259,4.47,1515.0
2025-01-02 22:34:00,70.13,10.28,0.0179,4.46,1495.0
2025-01-02 22:35:00,69.87,10.06,0.0216,4.45,1501.0
2025-01-02 22:36:00,69.78,9.85,0.0269,4.45,1488.0
2025-01-02 22:37:00,70.2,9.79,0.028,4.45,1493.0
2025-01-02 22:38:00,70.19,10.01,0.0259,4.48,1489.0
2025-01-02 22:39:00,70.09,10.06,0.0218,4.49,1499.0
2025-01-02 22:40:00,70.1,9.76,0.0225,4.49,1499.0
2025-01-02 22:41:00,69.59,10.17,0.0284,4.56,1479.0
2025-01-02 22:42:00,69.77,9.95,0.0226,4.58,1509.0
2025-01-02 22:43:00,69.37,9.68,0.0205,4.49,1494.0
2025-01-02 22:44:00,70.32,9.92,0.0225,4.55,1489.0
2025-01-02 22:45:00,69.72,10.12,0.0263,4.47,1492.0
2025-01-02 22:46:00,69.78,10.0,0.0259,4.52,1498.0
2025-01-02 22:47:00,70.13,9.71,0.0242,4.52,1469.0
2025-01-02 22:48:00,69.76,10.43,0.0288,4.45,1498.0
2025-01-02 22:49:00,70.12,9.89,0.0258,4.38,1491.0
2025-01-02 22:50:00,69.6,10.34,0.0255,4.53,1497.0
2025-01-02 22:51:00,70.15,10.46,0.0295,4.49,1469.0
2025-01-02 22:52:00,69.94,9.84,0.0219,4.36,1517.0
2025-01-02 22:53:00,69.91,9.97,0.0286,4.45,1537.0
2025-01-02 22:54:00,70.33,10.61,0.0287,4.61,1513.0
2025-01-02 22:55:00,70.0,10.01,0.0285,4.52,1500.0
2025-01-02 22:56:00,69.85,9.82,0.0276,4.5,1508.0
2025-01-02 22:57:00,70.26,10.07,0.0256,4.58,1513.0
2025-01-02 22:58:00,70.24,10.19,0.0258,4.55,1508.0
2025-01-02 22:59:00,70.4,10.38,0.0259,4.38,1483.0
2025-01-02 23:00:00,70.26,9.92,0.029,4.53,1494.0
2025-01-02 23:01:00,69.56,10.17,0.0304,4.43,1504.0
2025-01-02 23:02:00,70.05,9.65,0.0254,4.46,1479.0
2025-01-02 23:03:00,70.04,9.74,0.0321,4.48,1506.0
2025-01-02 23:04:00,69.75,10.01,0.0226,4.42,1461.0
2025-01-02 23:05:00,70.05,10.04,0.0236,4.54,1468.0
2025-01-02 23:06:00,69.49,10.19,0.029,4.49,1530.0
2025-01-02 23:07:00,70.46,10.48,0.029,4.41,1524.0
2025-01-02 23:08:00,70.23,10.18,0.0272,4.45,1499.0
2025-01-02 23:09:00,70.21,9.79,0.0276,4.52,1505.0
2025-01-02 23:10:00,70.11,10.33,0.0241,4.54,1465.0
2025-01-02 23:11:00,69.53,9.97,0.027,4.51,1482.0
2025-01-02 23:12:00,70.01,10.39,0.0289,4.58,1503.0
2025-01-02 23:13:00,70.17,9.87,0.024,4.55,1510.0
2025-01-02 23:14:00,69.95,9.45,0.0218,4.53,1493.0
2025-01-02 23:15:00,69.55,10.02,0.0273,4.56,1464.0
2025-01-02 23:16:00,69.77,10.04,0.0231,4.52,1495.0
2025-01-02 23:17:00,69.78,9.77,0.0248,4.45,1489.0
2025-01-02 23:18:00,69.79,9.81,0.0321,4.54,1529.0
2025-01-02 23:19:00,69.62,9.96,0.0282,4.46,1514.0
2025-01-02 23:20:00,70.44,9.87,0.0252,4.5,1476.0
2025-01-02 23:21:00,69.85,10.19,0.0247,4.51,1501.0
2025-01-02 23:22:00,69.53,10.04,0.0253,4.51,1488.0
2025-01-02 23:23:00,70.01,10.11,0.0276,4.54,1488.0
2025-01-02 23:24:00,69.9,9.84,0.0283,4.52,1490.0
2025-01-02 23:25:00,70.13,9.88,0.0228,4.55,1511.0
2025-01-02 23:26:00,69.88,10.05,0.0265,4.53,1517.0
2025-01-02 23:27:00,70.36,9.63,0.018,4.57,1501.0
2025-01-02 23:28:00,69.96,9.95,0.0251,4.41,1493.0
2025-01-02 23:29:00,69.72,10.05,0.0287,4.53,1473.0
2025-01-02 23:30:00,70.13,9.9,0.0206,4.52,1517.0
2025-01-02 23:31:00,70.07,10.09,0.0249,4.47,1512.0
2025-01-02 23:32:00,70.42,10.4,0.029,4.5,1500.0
2025-01-02 23:33:00,70.19,9.75,0.028,4.44,1514.0
2025-01-02 23:34:00,69.64,9.75,0.0263,4.5,1500.0
2025-01-02 23:35:00,69.83,10.19,0.026,4.52,1513.0
2025-01-02 23:36:00,69.76,9.68,0.0295,4.53,1494.0
2025-01-02 23:37:00,69.91,10.05,0.0267,4.48,1525.0
2025-01-02 23:38:00,70.06,10.37,0.0229,4.55,1495.0
2025-01-02 23:39:00,70.45,9.9,0.0218,4.45,1527.0
2025-01-02 23:40:00,69.9,10.24,0.0235,4.51,1531.0
2025-01-02 23:41:00,69.48,10.06,0.0213,4.43,1492.0
2025-01-02 23:42:00,69.89,9.76,0.0288,4.51,1497.0
2025-01-02 23:43:00,70.23,9.62,0.0216,4.47,1521.0
2025-01-02 23:44:00,70.34,10.11,0.0219,4.45,1508.0
2025-01-02 23:45:00,70.07,9.85,0.0253,4.5,1508.0
2025-01-02 23:46:00,69.94,9.96,0.0254,4.49,1524.0
2025-01-02 23:47:00,69.92,10.0,0.0318,4.55,1506.0
2025-01-02 23:48:00,70.18,10.02,0.0257,4.5,1526.0
2025-01-02 23:49:00,69.97,9.88,0.0227,4.49,1490.0
2025-01-02 23:50:00,70.01,9.97,0.0289,4.53,1497.0
2025-01-02 23:51:00,70.31,10.28,0.0286,4.46,1492.0
2025-01-02 23:52:00,69.47,10.04,0.0283,4.56,1496.0
2025-01-02 23:53:00,70.1,10.04,0.0262,4.42,1531.0
2025-01-02 23:54:00,69.99,10.03,0.0264,4.58,1512.0
2025-01-02 23:55:00,70.15,9.59,0.0281,4.55,1514.0
2025-01-02 23:56:00,69.62,9.89,0.0235,4.52,1498.0
2025-01-02 23:57:00,70.52,9.45,0.0227,4.41,1498.0
2025-01-02 23:58:00,69.88,10.31,0.0196,4.55,1534.0
2025-01-02 23:59:00,70.45,10.02,0.0272,4.49,1480.0
2025-01-03 00:00:00,70.08,9.85,0.0251,4.48,1512.0
2025-01-03 00:01:00,70.14,9.92,0.0272,4.46,1509.0
2025-01-03 00:02:00,69.53,9.88,0.0221,4.45,1497.0
2025-01-03 00:03:00,70.47,9.97,0.024,4.55,1481.0
2025-01-03 00:04:00,70.25,10.16,0.0264,4.49,1510.0
2025-01-03 00:05:00,69.81,9.94,0.0238,4.56,1493.0
2025-01-03 00:06:00,70.08,10.02,0.0273,4.36,1517.0
2025-01-03 00:07:00,70.44,10.01,0.0269,4.43,1475.0
2025-01-03 00:08:00,70.02,9.87,0.0234,4.45,1520.0
2025-01-03 00:09:00,70.11,9.92,0.0286,4.56,1490.0
2025-01-03 00:10:00,69.71,10.26,0.0281,4.49,1468.0
2025-01-03 00:11:00,70.43,10.08,0.0292,4.52,1516.0
2025-01-03 00:12:00,69.52,10.19,0.0199,4.48,1496.0
2025-01-03 00:13:00,69.96,9.97,0.0288,4.55,1516.0
2025-01-03 00:14:00,69.95,9.98,0.0246,4.51,1515.0
2025-01-03 00:15:00,69.1,10.15,0.0217,4.53,1511.0
2025-01-03 00:16:00,69.68,10.07,0.0176,4.52,1523.0
2025-01-03 00:17:00,70.27,10.24,0.0285,4.48,1482.0
2025-01-03 00:18:00,70.23,10.09,0.0248,4.53,1502.0
2025-01-03 00:19:00,69.93,10.17,0.0271,4.44,1510.0
2025-01-03 00:20:00,69.81,10.07,0.0256,4.54,1496.0
2025-01-03 00:21:00,70.11,10.05,0.0213,4.52,1487.0
2025-01-03 00:22:00,70.24,9.8,0.0259,4.42,1491.0
2025-01-03 00:23:00,69.77,9.92,0.0238,4.52,1512.0
2025-01-03 00:24:00,70.14,10.14,0.0257,4.39,1520.0
2025-01-03 00:25:00,69.74,9.79,0.0261,4.51,1512.0
2025-01-03 00:26:00,70.31,10.02,0.0237,4.53,1510.0
2025-01-03 00:27:00,69.62,9.79,0.0258,4.58,1506.0
2025-01-03 00:28:00,70.19,9.55,0.0298,4.55,1500.0
2025-01-03 00:29:00,70.19,9.97,0.0253,4.49,1499.0
2025-01-03 00:30:00,70.23,9.63,0.0224,4.44,1487.0
2025-01-03 00:31:00,69.61,9.63,0.0204,4.48,1508.0
2025-01-03 00:32:00,75.27,9.81,0.3281,4.49,1518.0
2025-01-03 00:33:00,69.95,9.88,0.027,4.47,1488.0
2025-01-03 00:34:00,70.57,9.68,0.0191,4.46,1495.0
2025-01-03 00:35:00,69.92,9.88,0.0227,4.49,1508.0
2025-01-03 00:36:00,70.3,10.0,0.0277,4.47,1518.0
2025-01-03 00:37:00,70.33,9.94,0.0254,4.52,1514.0
2025-01-03 00:38:00,69.9,10.27,0.0234,4.53,1482.0
2025-01-03 00:39:00,70.73,10.33,0.0268,4.4,1485.0
2025-01-03 00:40:00,69.66,9.73,0.0162,4.5,1505.0
2025-01-03 00:41:00,70.12,10.34,0.0257,4.53,1501.0
2025-01-03 00:42:00,69.92,10.15,0.0208,4.51,1504.0
2025-01-03 00:43:00,70.52,10.16,0.0308,4.45,1499.0
2025-01-03 00:44:00,70.07,9.79,0.0261,4.5,1507.0
2025-01-03 00:45:00,69.83,10.14,0.026,4.51,1500.0
2025-01-03 00:46:00,69.92,10.05,0.0266,4.55,1508.0
2025-01-03 00:47:00,70.14,10.2,0.0286,4.52,1525.0
2025-01-03 00:48:00,69.73,10.01,0.0241,4.46,1497.0
2025-01-03 00:49:00,70.01,10.04,0.023,4.47,1495.0
2025-01-03 00:50:00,70.01,9.83,0.0237,4.49,1490.0
2025-01-03 00:51:00,70.79,9.93,0.0287,4.66,1487.0
2025-01-03 00:52:00,69.73,9.89,0.0302,4.48,1498.0
2025-01-03 00:53:00,70.24,10.09,0.0245,4.51,1491.0
2025-01-03 00:54:00,70.0,9.99,0.0258,4.48,1511.0
2025-01-03 00:55:00,69.68,9.82,0.0249,4.58,1511.0
2025-01-03 00:56:00,69.95,10.27,0.019,4.46,1499.0
2025-01-03 00:57:00,69.55,10.18,0.0183,4.54,1499.0
2025-01-03 00:58:00,69.64,10.33,0.0263,4.5,1488.0
2025-01-03 00:59:00,69.79,10.07,0.0232,4.51,1509.0
2025-01-03 01:00:00,70.02,9.9,0.0225,4.53,1481.0
2025-01-03 01:01:00,70.51,9.87,0.0248,4.56,1472.0
2025-01-03 01:02:00,70.1,10.29,0.0274,4.39,1519.0
2025-01-03 01:03:00,70.43,9.95,0.0227,4.62,1512.0
2025-01-03 01:04:00,69.96,10.39,0.0141,4.51,1490.0
2025-01-03 01:05:00,70.13,10.03,0.0206,4.56,1509.0
2025-01-03 01:06:00,70.14,10.26,0.0252,4.45,1495.0
2025-01-03 01:07:00,70.42,9.99,0.0238,4.44,1497.0
2025-01-03 01:08:00,69.36,10.18,0.0231,4.44,1485.0
2025-01-03 01:09:00,69.75,10.03,0.0207,4.52,1509.0
2025-01-03 01:10:00,69.87,10.36,0.0287,4.45,1523.0
2025-01-03 01:11:00,69.23,10.04,0.0272,4.5,1536.0
2025-01-03 01:12:00,70.26,9.98,0.0314,4.53,1483.0
2025-01-03 01:13:00,70.22,9.99,0.0219,4.5,1505.0
2025-01-03 01:14:00,69.9,9.83,0.0246,4.5,1517.0
2025-01-03 01:15:00,70.16,10.02,0.0236,4.46,1518.0
2025-01-03 01:16:00,70.07,9.79,0.0215,4.48,1527.0
2025-01-03 01:17:00,69.62,9.79,0.0278,4.53,1500.0
2025-01-03 01:18:00,70.01,9.94,0.0305,4.58,1472.0
2025-01-03 01:19:00,69.7,9.77,0.0254,4.52,1504.0
2025-01-03 01:20:00,69.59,9.92,0.0245,4.45,1520.0
2025-01-03 01:21:00,69.8,9.92,0.0325,4.46,1490.0
2025-01-03 01:22:00,69.75,10.44,0.0248,3.45,1200.0
2025-01-03 01:23:00,70.29,9.97,0.0291,4.6,1502.0
2025-01-03 01:24:00,69.82,9.69,0.0251,4.5,1505.0
2025-01-03 01:25:00,70.27,9.9,0.0249,4.62,1520.0
2025-01-03 01:26:00,69.25,9.74,0.0234,4.46,1500.0
2025-01-03 01:27:00,70.13,10.19,0.0255,4.52,1506.0
2025-01-03 01:28:00,69.85,9.91,0.0229,4.49,1531.0
2025-01-03 01:29:00,69.95,10.12,0.0211,4.44,1511.0
2025-01-03 01:30:00,70.28,10.1,0.0236,4.57,1495.0
2025-01-03 01:31:00,69.73,10.18,0.0233,4.54,1497.0
2025-01-03 01:32:00,69.47,9.93,0.0306,4.45,1501.0
2025-01-03 01:33:00,70.09,9.82,0.0253,4.47,1487.0
2025-01-03 01:34:00,70.07,9.6,0.0251,4.52,1509.0
2025-01-03 01:35:00,70.46,10.01,0.0301,4.55,1488.0
2025-01-03 01:36:00,69.59,10.15,0.0248,4.54,1471.0
2025-01-03 01:37:00,70.41,9.91,0.0226,4.61,1510.0
2025-01-03 01:38:00,69.64,9.71,0.0282,4.45,1503.0
2025-01-03 01:39:00,69.91,9.98,0.0183,4.55,1494.0
2025-01-03 01:40:00,69.87,10.2,0.0243,4.48,1469.0
2025-01-03 01:41:00,70.1,10.02,0.0255,4.5,1486.0
2025-01-03 01:42:00,70.18,9.79,0.0252,4.54,1499.0
2025-01-03 01:43:00,70.09,10.07,0.0222,4.46,1517.0
2025-01-03 01:44:00,70.06,9.97,0.0197,4.53,1504.0
2025-01-03 01:45:00,69.36,9.69,0.0228,4.57,1509.0
2025-01-03 01:46:00,69.83,10.19,0.0251,4.45,1493.0
2025-01-03 01:47:00,69.84,9.95,0.0265,4.49,1508.0
2025-01-03 01:48:00,69.77,9.55,0.0214,4.58,1515.0
2025-01-03 01:49:00,70.23,9.72,0.0248,4.51,1487.0
2025-01-03 01:50:00,69.52,9.88,0.0236,4.44,1509.0
2025-01-03 01:51:00,69.26,10.11,0.0289,4.48,1482.0
2025-01-03 01:52:00,69.57,10.08,0.0216,4.56,1503.0
2025-01-03 01:53:00,69.91,10.11,0.0222,4.51,1501.0
2025-01-03 01:54:00,69.7,10.23,0.03,4.58,1471.0
2025-01-03 01:55:00,70.32,9.97,0.0227,4.39,1495.0
2025-01-03 01:56:00,69.44,10.06,0.0294,4.51,1495.0
2025-01-03 01:57:00,70.16,9.89,0.0315,4.47,1529.0
2025-01-03 01:58:00,70.08,10.07,0.0286,4.5,1509.0
2025-01-03 01:59:00,69.9,10.24,0.0241,4.44,1511.0
2025-01-03 02:00:00,69.95,9.82,0.0238,4.52,1489.0
2025-01-03 02:01:00,69.57,10.14,0.0248,4.48,1495.0
2025-01-03 02:02:00,70.09,10.06,0.0234,4.4,1495.0
2025-01-03 02:03:00,70.08,10.54,0.0277,4.47,1484.0
2025-01-03 02:04:00,69.98,10.26,0.0295,4.45,1505.0
2025-01-03 02:05:00,70.08,10.22,0.0199,4.56,1484.0
2025-01-03 02:06:00,70.41,9.89,0.0248,4.54,1465.0
2025-01-03 02:07:00,70.42,9.79,0.0261,4.46,1482.0
2025-01-03 02:08:00,69.99,9.91,0.0239,4.59,1498.0
2025-01-03 02:09:00,69.72,10.0,0.0219,4.57,1497.0
2025-01-03 02:10:00,70.27,9.95,0.0258,4.44,1492.0
2025-01-03 02:11:00,69.65,9.87,0.0273,4.52,1501.0
2025-01-03 02:12:00,69.52,10.13,0.0313,4.46,1505.0
2025-01-03 02:13:00,70.02,10.01,0.0255,4.49,1474.0
2025-01-03 02:14:00,69.71,9.87,0.0262,4.57,1489.0
2025-01-03 02:15:00,69.89,10.42,0.0211,4.56,1491.0
2025-01-03 02:16:00,70.31,9.93,0.0235,4.51,1493.0
2025-01-03 02:17:00,70.05,9.91,0.019,4.42,1512.0
2025-01-03 02:18:00,70.36,10.46,0.0216,4.58,1494.0
2025-01-03 02:19:00,69.51,10.13,0.0261,4.56,1498.0
2025-01-03 02:20:00,74.39,10.11,0.3252,4.47,1500.0
2025-01-03 02:21:00,70.01,10.12,0.0241,4.53,1509.0
2025-01-03 02:22:00,70.02,10.09,0.0264,4.43,1485.0
2025-01-03 02:23:00,70.25,9.8,0.0227,4.45,1488.0
2025-01-03 02:24:00,69.91,10.13,0.023,4.49,1489.0
2025-01-03 02:25:00,69.98,9.97,0.0257,4.52,1509.0
2025-01-03 02:26:00,70.31,10.22,0.0215,4.54,1473.0
2025-01-03 02:27:00,69.99,10.01,0.0248,4.52,1487.0
2025-01-03 02:28:00,70.12,9.84,0.0181,4.43,1510.0
2025-01-03 02:29:00,69.38,10.23,0.0263,4.48,1471.0
2025-01-03 02:30:00,70.31,9.86,0.0284,4.59,1495.0
2025-01-03 02:31:00,69.49,9.84,0.0305,4.46,1488.0
2025-01-03 02:32:00,69.52,10.22,0.0259,4.43,1509.0
2025-01-03 02:33:00,69.92,10.01,0.0234,4.62,1496.0
2025-01-03 02:34:00,70.07,10.3,0.023,4.53,1524.0
2025-01-03 02:35:00,70.29,9.89,0.021,4.52,1510.0
2025-01-03 02:36:00,69.87,10.1,0.0284,4.5,1507.0
2025-01-03 02:37:00,84.92,13.07,0.2213,4.57,1486.0
2025-01-03 02:38:00,69.58,10.1,0.0271,4.5,1506.0
2025-01-03 02:39:00,70.27,9.81,0.0265,4.46,1507.0
2025-01-03 02:40:00,69.95,10.19,0.0187,4.51,1484.0
2025-01-03 02:41:00,70.16,10.49,0.0238,4.51,1489.0
2025-01-03 02:42:00,70.13,10.46,0.0244,4.49,1499.0
2025-01-03 02:43:00,68.96,10.35,0.0223,4.47,1507.0
2025-01-03 02:44:00,70.05,10.11,0.0246,4.44,1516.0
2025-01-03 02:45:00,69.61,9.92,0.0254,4.44,1489.0
2025-01-03 02:46:00,70.27,10.05,0.0269,4.48,1504.0
2025-01-03 02:47:00,70.24,10.19,0.0212,4.48,1511.0
2025-01-03 02:48:00,70.36,10.06,0.0239,4.48,1504.0
2025-01-03 02:49:00,69.92,9.93,0.0237,4.46,1508.0
2025-01-03 02:50:00,70.38,10.05,0.0248,4.54,1519.0
2025-01-03 02:51:00,69.77,10.08,0.0194,4.55,1499.0
2025-01-03 02:52:00,69.82,9.95,0.0218,3.43,1211.0
2025-01-03 02:53:00,70.17,9.62,0.0284,4.54,1523.0
2025-01-03 02:54:00,69.95,9.91,0.0206,4.47,1507.0
2025-01-03 02:55:00,69.86,9.97,0.0251,4.4,1500.0
2025-01-03 02:56:00,69.89,9.59,0.0211,4.48,1513.0
2025-01-03 02:57:00,70.22,9.74,0.0295,4.61,1514.0
2025-01-03 02:58:00,69.82,10.0,0.0251,4.44,1512.0
2025-01-03 02:59:00,70.46,10.17,0.0253,4.47,1515.0
2025-01-03 03:00:00,70.38,9.86,0.0252,4.48,1507.0
2025-01-03 03:01:00,69.85,9.86,0.0254,4.54,1477.0
2025-01-03 03:02:00,70.14,9.74,0.0179,4.54,1508.0
2025-01-03 03:03:00,70.42,9.93,0.0239,4.47,1489.0
2025-01-03 03:04:00,70.01,10.02,0.0247,4.55,1501.0
2025-01-03 03:05:00,70.12,9.88,0.0244,4.56,1497.0
2025-01-03 03:06:00,70.48,10.53,0.0267,4.55,1484.0
2025-01-03 03:07:00,69.89,9.81,0.0253,4.47,1491.0
2025-01-03 03:08:00,69.97,10.06,0.0219,4.53,1501.0
2025-01-03 03:09:00,69.74,9.99,0.0184,4.5,1492.0
2025-01-03 03:10:00,69.75,10.31,0.0326,4.45,1511.0
2025-01-03 03:11:00,69.79,9.78,0.0233,4.49,1502.0
2025-01-03 03:12:00,69.73,10.07,0.0222,4.57,1507.0
2025-01-03 03:13:00,70.2,9.88,0.0244,4.56,1520.0
2025-01-03 03:14:00,70.05,9.85,0.0272,4.52,1496.0
2025-01-03 03:15:00,70.15,10.43,0.0275,4.6,1492.0
2025-01-03 03:16:00,70.16,10.1,0.02,4.46,1504.0
2025-01-03 03:17:00,69.8,10.09,0.0248,4.59,1508.0
2025-01-03 03:18:00,70.23,9.68,0.0234,4.51,1518.0
2025-01-03 03:19:00,69.57,10.49,0.0244,4.56,1508.0
2025-01-03 03:20:00,69.98,10.09,0.0226,4.47,1498.0
2025-01-03 03:21:00,70.16,9.82,0.0261,4.53,1501.0
2025-01-03 03:22:00,69.96,10.19,0.03,4.46,1488.0
2025-01-03 03:23:00,69.84,9.79,0.0227,4.54,1483.0
2025-01-03 03:24:00,69.77,9.89,0.0249,4.5,1525.0
2025-01-03 03:25:00,69.8,9.66,0.0207,4.52,1495.0
2025-01-03 03:26:00,70.64,9.96,0.0175,4.55,1505.0
2025-01-03 03:27:00,69.83,9.9,0.027,4.49,1528.0
2025-01-03 03:28:00,70.3,9.95,0.0254,4.44,1463.0
2025-01-03 03:29:00,70.28,10.1,0.0217,4.44,1495.0
2025-01-03 03:30:00,70.34,10.05,0.0269,4.5,1500.0
2025-01-03 03:31:00,70.0,10.03,0.0259,4.55,1509.0
2025-01-03 03:32:00,70.14,9.85,0.0217,4.57,1503.0
2025-01-03 03:33:00,69.94,9.96,0.0286,4.41,1492.0
2025-01-03 03:34:00,70.25,9.97,0.0198,4.53,1499.0
2025-01-03 03:35:00,69.92,9.87,0.0243,4.5,1503.0
2025-01-03 03:36:00,69.94,9.88,0.0288,4.44,1502.0
2025-01-03 03:37:00,69.6,9.98,0.0279,4.48,1493.0
2025-01-03 03:38:00,70.17,9.98,0.0255,4.39,1499.0
2025-01-03 03:39:00,69.98,10.23,0.0225,4.55,1492.0
2025-01-03 03:40:00,70.42,9.94,0.0268,4.49,1494.0
2025-01-03 03:41:00,70.49,9.75,0.0243,4.48,1509.0
2025-01-03 03:42:00,69.62,10.09,0.0235,4.53,1498.0
2025-01-03 03:43:00,69.88,10.06,0.0226,4.55,1520.0
2025-01-03 03:44:00,70.12,10.16,0.0283,4.5,1481.0
2025-01-03 03:45:00,70.02,10.25,0.0224,4.53,1493.0
2025-01-03 03:46:00,70.1,9.86,0.0255,4.47,1499.0
2025-01-03 03:47:00,70.23,10.18,0.0263,4.54,1470.0
2025-01-03 03:48:00,69.62,9.91,0.0233,4.52,1496.0
2025-01-03 03:49:00,69.67,9.72,0.0227,4.47,1513.0
2025-01-03 03:50:00,69.84,9.72,0.0253,4.55,1496.0
2025-01-03 03:51:00,69.99,9.89,0.0302,4.54,1510.0
2025-01-03 03:52:00,70.11,10.14,0.0194,4.48,1502.0
2025-01-03 03:53:00,70.25,9.66,0.025,4.46,1494.0
2025-01-03 03:54:00,69.93,9.87,0.0198,4.5,1514.0
2025-01-03 03:55:00,69.44,9.99,0.0253,4.54,1504.0
2025-01-03 03:56:00,69.92,10.3,0.0285,4.52,1506.0
2025-01-03 03:57:00,70.29,10.06,0.0311,4.48,1498.0
2025-01-03 03:58:00,70.0,9.77,0.0258,4.51,1501.0
2025-01-03 03:59:00,70.44,10.09,0.0283,4.48,1503.0
2025-01-03 04:00:00,69.92,9.88,0.0273,4.48,1492.0
2025-01-03 04:01:00,69.96,10.3,0.0287,4.53,1479.0
2025-01-03 04:02:00,70.5,10.07,0.023,4.59,1526.0
2025-01-03 04:03:00,70.36,10.11,0.0259,4.34,1497.0
2025-01-03 04:04:00,70.34,10.27,0.0215,4.48,1480.0
2025-01-03 04:05:00,69.99,9.65,0.0228,4.48,1515.0
2025-01-03 04:06:00,70.4,9.96,0.0236,4.43,1470.0
2025-01-03 04:07:00,70.09,10.31,0.0301,4.49,1508.0
2025-01-03 04:08:00,69.6,10.06,0.0256,4.4,1508.0
2025-01-03 04:09:00,69.73,10.0,0.0291,4.48,1519.0
2025-01-03 04:10:00,69.62,9.78,0.0197,4.45,1507.0
2025-01-03 04:11:00,70.47,9.71,0.0221,4.53,1507.0
2025-01-03 04:12:00,70.32,9.95,0.0276,4.46,1498.0
2025-01-03 04:13:00,70.44,10.1,0.0216,4.41,1508.0
2025-01-03 04:14:00,70.39,9.75,0.023,4.53,1487.0
2025-01-03 04:15:00,70.66,9.75,0.0273,4.53,1516.0
2025-01-03 04:16:00,69.87,9.89,0.028,4.45,1493.0
2025-01-03 04:17:00,70.09,9.8,0.0201,4.6,1502.0
2025-01-03 04:18:00,70.07,9.84,0.0296,4.54,1484.0
2025-01-03 04:19:00,70.09,9.84,0.0305,4.46,1484.0
2025-01-03 04:20:00,69.99,10.07,0.0265,4.43,1476.0
2025-01-03 04:21:00,69.89,10.18,0.0265,4.61,1479.0
2025-01-03 04:22:00,70.0,10.1,0.0212,4.57,1508.0
2025-01-03 04:23:00,69.73,10.04,0.0267,4.63,1500.0
2025-01-03 04:24:00,70.08,10.3,0.0268,4.49,1508.0
2025-01-03 04:25:00,69.63,10.06,0.0206,4.44,1461.0
2025-01-03 04:26:00,70.46,10.36,0.0279,4.43,1509.0
2025-01-03 04:27:00,69.86,10.03,0.025,4.55,1519.0
2025-01-03 04:28:00,69.7,10.22,0.0238,4.49,1494.0
2025-01-03 04:29:00,69.69,10.21,0.0275,4.53,1465.0
2025-01-03 04:30:00,69.95,9.95,0.0256,4.54,1494.0
2025-01-03 04:31:00,70.13,9.89,0.0212,4.49,1473.0
2025-01-03 04:32:00,70.12,10.23,0.0188,4.42,1475.0
2025-01-03 04:33:00,69.77,9.63,0.0256,4.46,1501.0
2025-01-03 04:34:00,70.26,9.88,0.0265,4.46,1499.0
2025-01-03 04:35:00,69.6,9.96,0.0233,4.46,1486.0
2025-01-03 04:36:00,69.42,9.99,0.0274,4.43,1509.0
2025-01-03 04:37:00,69.73,9.85,0.0289,4.48,1468.0
2025-01-03 04:38:00,69.72,10.24,0.0218,4.52,1498.0
2025-01-03 04:39:00,70.29,10.14,0.0219,4.45,1486.0
2025-01-03 04:40:00,70.67,10.08,0.0233,4.49,1503.0
2025-01-03 04:41:00,70.23,9.81,0.0271,4.6,1520.0
2025-01-03 04:42:00,69.91,9.52,0.0274,4.54,1493.0
2025-01-03 04:43:00,70.29,10.32,0.0296,4.51,1507.0
2025-01-03 04:44:00,69.97,10.29,0.0302,4.51,1510.0
2025-01-03 04:45:00,70.34,10.02,0.0237,4.55,1499.0
2025-01-03 04:46:00,69.97,10.03,0.0295,4.49,1485.0
2025-01-03 04:47:00,70.04,9.94,0.0253,4.61,1474.0
2025-01-03 04:48:00,69.58,10.47,0.0264,4.48,1505.0
2025-01-03 04:49:00,70.34,9.87,0.0271,3.55,1200.0
2025-01-03 04:50:00,70.21,10.02,0.0275,4.52,1502.0
2025-01-03 04:51:00,69.89,10.22,0.0295,4.46,1491.0
2025-01-03 04:52:00,69.97,10.08,0.0255,4.45,1521.0
2025-01-03 04:53:00,70.1,10.08,0.0232,4.47,1479.0
2025-01-03 04:54:00,70.14,10.05,0.0246,4.52,1486.0
2025-01-03 04:55:00,70.02,9.8,0.0199,4.47,1501.0
2025-01-03 04:56:00,69.54,10.23,0.0207,4.44,1473.0
2025-01-03 04:57:00,70.01,10.08,0.0291,4.52,1484.0
2025-01-03 04:58:00,69.81,10.07,0.0182,4.49,1516.0
2025-01-03 04:59:00,69.67,9.73,0.026,4.46,1487.0
2025-01-03 05:00:00,69.54,10.09,0.0209,4.56,1496.0
2025-01-03 05:01:00,70.18,10.29,0.0224,4.51,1514.0
2025-01-03 05:02:00,69.77,10.01,0.023,4.48,1485.0
2025-01-03 05:03:00,69.76,10.28,0.0246,4.56,1477.0
2025-01-03 05:04:00,70.24,9.98,0.0238,4.54,1486.0
2025-01-03 05:05:00,70.03,9.81,0.0203,4.51,1519.0
2025-01-03 05:06:00,69.71,10.24,0.0253,4.46,1513.0
2025-01-03 05:07:00,69.67,9.77,0.025,4.54,1499.0
2025-01-03 05:08:00,69.94,10.03,0.0241,4.44,1511.0
2025-01-03 05:09:00,69.7,10.09,0.0277,4.5,1507.0
2025-01-03 05:10:00,70.21,10.33,0.0292,4.44,1479.0
2025-01-03 05:11:00,69.84,9.94,0.0237,4.46,1546.0
2025-01-03 05:12:00,70.15,10.01,0.0286,4.45,1502.0
2025-01-03 05:13:00,70.09,9.92,0.0249,4.54,1492.0
2025-01-03 05:14:00,69.63,9.96,0.0255,4.55,1521.0
2025-01-03 05:15:00,69.85,9.98,0.021,4.48,1506.0
2025-01-03 05:16:00,70.52,9.72,0.022,4.48,1498.0
2025-01-03 05:17:00,69.93,10.04,0.022,4.41,1497.0
2025-01-03 05:18:00,69.69,9.84,0.0237,4.47,1470.0
2025-01-03 05:19:00,69.92,10.24,0.0237,4.62,1469.0
2025-01-03 05:20:00,69.85,10.19,0.0269,4.54,1511.0
2025-01-03 05:21:00,69.46,10.41,0.0243,4.48,1528.0
2025-01-03 05:22:00,70.32,10.33,0.0262,4.51,1497.0
2025-01-03 05:23:00,70.67,9.84,0.0212,4.5,1520.0
2025-01-03 05:24:00,69.79,10.18,0.0182,4.5,1516.0
2025-01-03 05:25:00,70.0,9.93,0.0206,4.44,1499.0
2025-01-03 05:26:00,70.32,9.81,0.0255,4.43,1502.0
2025-01-03 05:27:00,69.96,9.67,0.0234,4.39,1506.0
2025-01-03 05:28:00,70.53,9.89,0.0304,4.47,1514.0
2025-01-03 05:29:00,69.76,10.43,0.0322,4.52,1492.0
2025-01-03 05:30:00,69.55,10.02,0.0213,4.48,1520.0
2025-01-03 05:31:00,70.04,9.99,0.0258,4.51,1502.0
2025-01-03 05:32:00,70.44,9.89,0.0278,4.58,1515.0
2025-01-03 05:33:00,69.7,10.24,0.0202,4.56,1497.0
2025-01-03 05:34:00,69.82,10.14,0.0268,4.51,1512.0
2025-01-03 05:35:00,70.41,10.08,0.027,4.43,1496.0
2025-01-03 05:36:00,69.63,9.85,0.0232,4.51,1483.0
2025-01-03 05:37:00,70.3,9.97,0.0224,4.54,1521.0
2025-01-03 05:38:00,69.57,9.9,0.0247,4.49,1507.0
2025-01-03 05:39:00,69.72,10.21,0.0244,4.5,1501.0
2025-01-03 05:40:00,69.96,9.85,0.0291,4.53,1504.0
2025-01-03 05:41:00,70.38,9.95,0.0215,4.44,1521.0
2025-01-03 05:42:00,70.4,9.94,0.0213,4.51,1501.0
2025-01-03 05:43:00,69.89,9.96,0.0278,4.56,1492.0
2025-01-03 05:44:00,69.49,10.21,0.0232,4.52,1484.0
2025-01-03 05:45:00,70.34,10.04,0.0226,4.49,1493.0
2025-01-03 05:46:00,69.87,9.99,0.0273,4.48,1511.0
2025-01-03 05:47:00,69.61,9.89,0.0242,4.51,1500.0
2025-01-03 05:48:00,70.2,10.21,0.0236,4.56,1492.0
2025-01-03 05:49:00,70.1,10.17,0.0257,4.51,1494.0
2025-01-03 05:50:00,69.88,9.84,0.0217,4.61,1501.0
2025-01-03 05:51:00,70.11,9.72,0.0255,4.44,1491.0
2025-01-03 05:52:00,69.83,10.21,0.02,4.5,1519.0
2025-01-03 05:53:00,70.49,10.25,0.0282,4.46,1493.0
2025-01-03 05:54:00,69.61,9.5,0.0258,4.45,1515.0
2025-01-03 05:55:00,69.67,9.94,0.0273,4.56,1486.0
2025-01-03 05:56:00,70.04,10.18,0.0296,4.5,1489.0
2025-01-03 05:57:00,70.06,9.87,0.0254,4.48,1510.0
2025-01-03 05:58:00,69.79,10.2,0.0231,4.47,1504.0
2025-01-03 05:59:00,70.5,10.13,0.0221,4.48,1517.0
2025-01-03 06:00:00,74.77,11.98,0.0413,4.83,1746.0
2025-01-03 06:01:00,75.08,11.97,0.0444,4.8,1745.0
2025-01-03 06:02:00,75.13,12.26,0.0501,4.78,1739.0
2025-01-03 06:03:00,74.33,11.98,0.0435,4.8,1736.0
2025-01-03 06:04:00,74.89,12.06,0.0534,4.8,1718.0
2025-01-03 06:05:00,75.02,12.08,0.0441,4.79,1737.0
2025-01-03 06:06:00,75.24,11.58,0.0425,4.82,1755.0
2025-01-03 06:07:00,74.95,12.0,0.0435,4.84,1754.0
2025-01-03 06:08:00,75.23,11.87,0.0442,4.76,1716.0
2025-01-03 06:09:00,74.94,12.09,0.0549,4.81,1736.0
2025-01-03 06:10:00,74.95,12.39,0.0445,4.8,1727.0
2025-01-03 06:11:00,74.4,11.63,0.0473,4.85,1762.0
2025-01-03 06:12:00,75.29,11.86,0.0447,4.83,1750.0
2025-01-03 06:13:00,74.89,11.87,0.0435,4.82,1760.0
2025-01-03 06:14:00,75.01,11.87,0.041,4.82,1772.0
2025-01-03 06:15:00,75.48,11.83,0.0421,4.77,1768.0
2025-01-03 06:16:00,75.28,11.67,0.0436,4.81,1761.0
2025-01-03 06:17:00,74.76,12.3,0.0462,4.87,1772.0
2025-01-03 06:18:00,75.55,11.95,0.0386,4.73,1765.0
2025-01-03 06:19:00,74.89,11.75,0.0502,4.88,1732.0
2025-01-03 06:20:00,75.16,11.83,0.0461,4.74,1748.0
2025-01-03 06:21:00,74.81,12.0,0.0498,4.73,1743.0
2025-01-03 06:22:00,75.36,11.98,0.0458,4.86,1770.0
2025-01-03 06:23:00,75.16,11.99,0.0466,4.79,1755.0
2025-01-03 06:24:00,74.48,11.67,0.0445,4.82,1755.0
2025-01-03 06:25:00,74.94,12.34,0.0445,4.68,1760.0
2025-01-03 06:26:00,74.35,12.09,0.0469,4.77,1759.0
2025-01-03 06:27:00,74.31,12.18,0.042,4.88,1741.0
2025-01-03 06:28:00,90.1,15.06,0.2443,4.79,1739.0
2025-01-03 06:29:00,75.19,11.95,0.042,4.85,1775.0
2025-01-03 06:30:00,74.99,11.91,0.0426,4.8,1746.0
2025-01-03 06:31:00,75.27,12.02,0.0473,4.72,1731.0
2025-01-03 06:32:00,74.54,12.12,0.049,4.74,1730.0
2025-01-03 06:33:00,74.81,11.78,0.0488,4.71,1710.0
2025-01-03 06:34:00,75.36,11.99,0.0445,4.89,1737.0
2025-01-03 06:35:00,74.81,11.8,0.0512,4.86,1730.0
2025-01-03 06:36:00,74.73,12.28,0.0435,4.83,1754.0
2025-01-03 06:37:00,74.92,12.28,0.0457,4.82,1756.0
2025-01-03 06:38:00,74.98,12.12,0.0431,4.78,1762.0
2025-01-03 06:39:00,74.57,12.27,0.0468,4.85,1789.0
2025-01-03 06:40:00,75.15,12.14,0.0473,4.9,1738.0
2025-01-03 06:41:00,75.51,11.89,0.0384,4.84,1751.0
2025-01-03 06:42:00,75.66,11.99,0.0398,4.8,1748.0
2025-01-03 06:43:00,74.86,11.64,0.0436,4.77,1766.0
2025-01-03 06:44:00,75.31,11.99,0.0467,4.83,1758.0
2025-01-03 06:45:00,75.2,11.52,0.039,4.75,1765.0
2025-01-03 06:46:00,74.75,12.0,0.048,4.8,1729.0
2025-01-03 06:47:00,75.2,12.41,0.0447,4.87,1746.0
2025-01-03 06:48:00,74.71,12.15,0.0379,4.71,1758.0
2025-01-03 06:49:00,75.26,11.91,0.0406,4.82,1740.0
2025-01-03 06:50:00,75.01,11.71,0.0425,4.82,1748.0
2025-01-03 06:51:00,75.26,11.73,0.0469,4.74,1748.0
2025-01-03 06:52:00,74.74,11.7,0.0498,4.71,1753.0
2025-01-03 06:53:00,74.62,12.17,0.0464,4.85,1772.0
2025-01-03 06:54:00,74.34,12.1,0.0495,4.81,1737.0
2025-01-03 06:55:00,74.75,11.91,0.0464,4.93,1747.0
2025-01-03 06:56:00,74.4,12.08,0.0473,4.82,1755.0
2025-01-03 06:57:00,74.77,11.72,0.0463,4.85,1776.0
2025-01-03 06:58:00,74.92,11.83,0.0454,4.74,1745.0
2025-01-03 06:59:00,74.84,12.07,0.0391,4.88,1769.0
2025-01-03 07:00:00,75.42,12.1,0.047,4.91,1739.0
2025-01-03 07:01:00,74.98,12.17,0.0457,4.89,1746.0
2025-01-03 07:02:00,75.64,11.94,0.0457,4.76,1731.0
2025-01-03 07:03:00,75.27,12.22,0.043,4.88,1740.0
2025-01-03 07:04:00,75.33,12.12,0.0394,4.79,1739.0
2025-01-03 07:05:00,89.81,14.82,0.2391,4.79,1740.0
2025-01-03 07:06:00,75.41,12.13,0.0469,4.84,1748.0
2025-01-03 07:07:00,75.14,11.99,0.043,4.79,1753.0
2025-01-03 07:08:00,74.71,12.07,0.0444,4.77,1740.0
2025-01-03 07:09:00,74.83,11.95,0.0485,4.78,1740.0
2025-01-03 07:10:00,74.69,11.95,0.0463,4.83,1737.0
2025-01-03 07:11:00,75.08,11.91,0.0474,4.79,1733.0
2025-01-03 07:12:00,74.33,11.61,0.0498,4.82,1731.0
2025-01-03 07:13:00,75.3,12.35,0.0466,4.82,1750.0
2025-01-03 07:14:00,75.61,11.84,0.0446,4.77,1756.0
2025-01-03 07:15:00,74.94,12.28,0.0448,4.8,1752.0
2025-01-03 07:16:00,74.83,11.8,0.0455,4.8,1761.0
2025-01-03 07:17:00,75.14,12.23,0.048,4.79,1753.0
2025-01-03 07:18:00,75.02,12.11,0.0472,4.72,1786.0
2025-01-03 07:19:00,75.36,11.74,0.0429,4.82,1754.0
2025-01-03 07:20:00,74.46,11.95,0.0449,4.73,1748.0
2025-01-03 07:21:00,75.5,12.35,0.0398,4.71,1761.0
2025-01-03 07:22:00,75.09,11.69,0.0465,4.84,1764.0
2025-01-03 07:23:00,74.8,12.12,0.0374,4.73,1766.0
2025-01-03 07:24:00,75.42,12.31,0.0446,4.83,1747.0
2025-01-03 07:25:00,75.09,11.63,0.0458,4.75,1761.0
2025-01-03 07:26:00,75.0,11.91,0.0466,4.86,1750.0
2025-01-03 07:27:00,74.26,12.35,0.0426,4.72,1757.0
2025-01-03 07:28:00,75.25,12.04,0.0447,4.87,1741.0
2025-01-03 07:29:00,74.66,12.08,0.0445,4.8,1755.0
2025-01-03 07:30:00,75.15,11.99,0.0474,4.79,1746.0
2025-01-03 07:31:00,74.64,12.08,0.0449,4.69,1762.0
2025-01-03 07:32:00,75.5,12.14,0.0443,4.67,1739.0
2025-01-03 07:33:00,74.84,11.72,0.0439,4.76,1733.0
2025-01-03 07:34:00,75.18,11.93,0.045,4.77,1745.0
2025-01-03 07:35:00,75.48,12.19,0.0461,4.83,1756.0
2025-01-03 07:36:00,74.98,11.93,0.0423,4.8,1761.0
2025-01-03 07:37:00,75.22,11.83,0.0483,4.72,1747.0
2025-01-03 07:38:00,75.08,11.77,0.0409,4.82,1756.0
2025-01-03 07:39:00,75.1,11.61,0.0451,4.78,1752.0
2025-01-03 07:40:00,74.44,12.27,0.0387,4.82,1756.0
2025-01-03 07:41:00,74.91,11.99,0.0424,4.78,1745.0
2025-01-03 07:42:00,75.1,12.38,0.0434,4.74,1741.0
2025-01-03 07:43:00,74.85,12.05,0.0457,4.67,1748.0
2025-01-03 07:44:00,74.51,12.05,0.0451,4.75,1747.0
2025-01-03 07:45:00,74.88,11.84,0.0464,4.8,1760.0
2025-01-03 07:46:00,75.08,11.86,0.0473,4.86,1752.0
2025-01-03 07:47:00,74.97,11.93,0.0451,4.73,1748.0
2025-01-03 07:48:00,74.79,12.12,0.0397,4.78,1772.0
2025-01-03 07:49:00,74.96,11.8,0.0447,4.7,1765.0
2025-01-03 07:50:00,75.16,11.6,0.0408,4.86,1769.0
2025-01-03 07:51:00,74.97,12.29,0.0413,4.71,1765.0
2025-01-03 07:52:00,75.06,11.72,0.0432,4.82,1763.0
2025-01-03 07:53:00,74.96,11.74,0.046,4.74,1771.0
2025-01-03 07:54:00,75.02,12.16,0.0427,4.77,1747.0
2025-01-03 07:55:00,75.04,12.14,0.038,4.75,1762.0
2025-01-03 07:56:00,74.69,11.99,0.0431,4.78,1750.0
2025-01-03 07:57:00,74.89,11.95,0.0434,4.83,1761.0
2025-01-03 07:58:00,74.69,11.84,0.0432,4.79,1734.0
2025-01-03 07:59:00,74.71,12.0,0.0402,4.84,1737.0
2025-01-03 08:00:00,75.03,11.88,0.0456,4.75,1733.0
2025-01-03 08:01:00,74.88,12.05,0.0486,4.83,1752.0
2025-01-03 08:02:00,75.24,11.92,0.0501,4.83,1748.0
2025-01-03 08:03:00,74.87,12.26,0.0461,4.79,1753.0
2025-01-03 08:04:00,75.11,12.11,0.0448,4.67,1727.0
2025-01-03 08:05:00,74.81,11.88,0.0477,4.74,1749.0
2025-01-03 08:06:00,75.17,11.88,0.0446,4.87,1710.0
2025-01-03 08:07:00,75.13,11.96,0.046,4.83,1751.0
2025-01-03 08:08:00,74.8,11.67,0.046,4.7,1744.0
2025-01-03 08:09:00,74.68,12.49,0.0423,4.82,1737.0
2025-01-03 08:10:00,74.91,12.25,0.0425,4.81,1730.0
2025-01-03 08:11:00,75.19,11.8,0.0424,4.83,1768.0
2025-01-03 08:12:00,74.78,12.18,0.05,4.81,1757.0
2025-01-03 08:13:00,75.14,12.09,0.0506,4.78,1755.0
2025-01-03 08:14:00,75.42,12.02,0.0443,4.83,1735.0
2025-01-03 08:15:00,74.76,12.14,0.0436,4.81,1716.0
2025-01-03 08:16:00,75.46,12.19,0.0465,4.81,1750.0
2025-01-03 08:17:00,75.22,11.88,0.048,4.77,1768.0
2025-01-03 08:18:00,74.99,12.35,0.0481,4.97,1726.0
2025-01-03 08:19:00,74.92,11.83,0.0452,4.84,1753.0
2025-01-03 08:20:00,75.16,12.05,0.0458,4.71,1744.0
2025-01-03 08:21:00,75.22,12.17,0.0417,4.77,1754.0
2025-01-03 08:22:00,75.01,12.16,0.0463,4.83,1764.0
2025-01-03 08:23:00,74.37,11.77,0.0427,4.81,1721.0
2025-01-03 08:24:00,90.17,15.32,0.2468,4.78,1739.0
2025-01-03 08:25:00,74.81,12.23,0.0459,4.79,1747.0
2025-01-03 08:26:00,74.47,12.15,0.047,4.84,1758.0
2025-01-03 08:27:00,74.95,12.2,0.0479,4.84,1752.0
2025-01-03 08:28:00,74.37,12.18,0.0477,4.86,1755.0
2025-01-03 08:29:00,74.93,12.06,0.0432,4.77,1774.0
2025-01-03 08:30:00,75.06,11.8,0.0458,4.85,1744.0
2025-01-03 08:31:00,75.55,11.91,0.0501,4.84,1736.0
2025-01-03 08:32:00,74.74,11.99,0.0433,4.85,1747.0
2025-01-03 08:33:00,74.84,11.96,0.0449,4.83,1745.0
2025-01-03 08:34:00,74.95,12.29,0.0402,4.82,1740.0
2025-01-03 08:35:00,75.22,11.98,0.0451,4.8,1744.0
2025-01-03 08:36:00,74.73,11.57,0.0478,4.79,1743.0
2025-01-03 08:37:00,75.2,11.78,0.0419,4.8,1745.0
2025-01-03 08:38:00,75.23,11.8,0.0475,4.69,1781.0
2025-01-03 08:39:00,75.43,12.06,0.0451,4.88,1733.0
2025-01-03 08:40:00,75.2,12.19,0.0482,4.76,1736.0
2025-01-03 08:41:00,75.13,11.69,0.0462,4.84,1760.0
2025-01-03 08:42:00,75.15,11.88,0.0517,4.79,1767.0
2025-01-03 08:43:00,74.69,11.87,0.0477,4.77,1740.0
2025-01-03 08:44:00,74.89,11.65,0.0438,4.75,1739.0
2025-01-03 08:45:00,75.08,11.99,0.045,4.78,1751.0
2025-01-03 08:46:00,75.26,12.17,0.0411,4.88,1747.0
2025-01-03 08:47:00,75.33,12.31,0.0472,4.73,1749.0
2025-01-03 08:48:00,75.08,11.83,0.0414,4.88,1763.0
2025-01-03 08:49:00,74.89,11.93,0.0424,4.88,1759.0
2025-01-03 08:50:00,74.49,11.9,0.0383,4.78,1724.0
2025-01-03 08:51:00,75.23,11.96,0.0479,4.81,1757.0
2025-01-03 08:52:00,74.62,12.22,0.0437,4.77,1745.0
2025-01-03 08:53:00,75.04,12.49,0.0436,4.82,1741.0
2025-01-03 08:54:00,74.73,12.07,0.0443,4.75,1732.0
2025-01-03 08:55:00,75.47,11.84,0.0436,4.74,1766.0
2025-01-03 08:56:00,75.46,11.65,0.0423,4.87,1757.0
2025-01-03 08:57:00,74.61,11.8,0.0451,4.74,1767.0
2025-01-03 08:58:00,74.87,11.91,0.0476,4.72,1746.0
2025-01-03 08:59:00,75.02,12.0,0.0474,4.85,1731.0
2025-01-03 09:00:00,75.02,11.72,0.0465,4.82,1777.0
2025-01-03 09:01:00,74.61,12.01,0.0504,4.78,1753.0
2025-01-03 09:02:00,74.45,11.94,0.042,4.79,1749.0
2025-01-03 09:03:00,74.95,12.06,0.0436,4.89,1777.0
2025-01-03 09:04:00,74.64,11.67,0.043,4.89,1729.0
2025-01-03 09:05:00,74.45,11.91,0.0435,4.84,1764.0
2025-01-03 09:06:00,75.43,11.89,0.0474,4.74,1758.0
2025-01-03 09:07:00,75.28,12.03,0.0489,4.88,1765.0
2025-01-03 09:08:00,74.92,12.14,0.0436,4.76,1776.0
2025-01-03 09:09:00,80.37,12.17,0.3424,4.86,1760.0
2025-01-03 09:10:00,74.3,12.02,0.0497,4.81,1737.0
2025-01-03 09:11:00,75.02,12.05,0.0445,4.8,1781.0
2025-01-03 09:12:00,74.52,11.81,0.046,4.82,1774.0
2025-01-03 09:13:00,74.86,12.24,0.0433,4.84,1771.0
2025-01-03 09:14:00,75.44,12.02,0.0483,4.75,1741.0
2025-01-03 09:15:00,75.09,11.88,0.0479,4.76,1748.0
2025-01-03 09:16:00,74.66,12.08,0.0485,4.82,1735.0
2025-01-03 09:17:00,74.42,12.13,0.0424,4.8,1759.0
2025-01-03 09:18:00,74.7,12.19,0.0398,4.81,1743.0
2025-01-03 09:19:00,75.02,12.02,0.0496,4.69,1750.0
2025-01-03 09:20:00,75.03,11.76,0.0428,4.75,1729.0
2025-01-03 09:21:00,75.25,12.03,0.0415,4.7,1761.0
2025-01-03 09:22:00,75.13,11.64,0.0441,4.79,1754.0
2025-01-03 09:23:00,75.42,12.06,0.05,4.79,1737.0
2025-01-03 09:24:00,74.91,11.57,0.0452,4.83,1775.0
2025-01-03 09:25:00,75.39,11.77,0.0431,4.81,1791.0
2025-01-03 09:26:00,74.72,11.87,0.0453,4.85,1746.0
2025-01-03 09:27:00,74.5,11.91,0.0426,4.77,1727.0
2025-01-03 09:28:00,75.02,12.24,0.0457,4.84,1729.0
2025-01-03 09:29:00,74.79,12.18,0.0486,4.82,1738.0
2025-01-03 09:30:00,75.51,11.69,0.0458,4.8,1738.0
2025-01-03 09:31:00,75.08,11.66,0.0386,4.91,1761.0
2025-01-03 09:32:00,74.95,12.15,0.0401,4.84,1745.0
2025-01-03 09:33:00,74.9,12.11,0.0419,4.87,1753.0
2025-01-03 09:34:00,74.86,12.07,0.0509,4.74,1759.0
2025-01-03 09:35:00,74.99,12.39,0.0469,4.86,1734.0
2025-01-03 09:36:00,75.25,11.79,0.0434,4.84,1747.0
2025-01-03 09:37:00,75.96,12.21,0.046,4.73,1751.0
2025-01-03 09:38:00,75.31,11.86,0.0488,4.8,1759.0
2025-01-03 09:39:00,75.2,11.76,0.0463,4.76,1729.0
2025-01-03 09:40:00,75.54,11.99,0.0462,4.75,1740.0
2025-01-03 09:41:00,75.18,12.06,0.0453,4.8,1735.0
2025-01-03 09:42:00,74.79,11.89,0.0469,4.76,1746.0
2025-01-03 09:43:00,74.86,12.42,0.0424,4.79,1735.0
2025-01-03 09:44:00,74.95,12.23,0.0441,4.8,1764.0
2025-01-03 09:45:00,74.89,12.01,0.0455,4.79,1761.0
2025-01-03 09:46:00,75.12,11.88,0.0483,4.82,1704.0
2025-01-03 09:47:00,74.85,11.98,0.0441,4.85,1732.0
2025-01-03 09:48:00,75.02,11.93,0.0435,4.86,1773.0
2025-01-03 09:49:00,75.15,12.04,0.0482,4.76,1746.0
2025-01-03 09:50:00,75.26,12.12,0.0463,4.89,1768.0
2025-01-03 09:51:00,75.51,12.13,0.0435,4.78,1753.0
2025-01-03 09:52:00,74.53,12.17,0.0467,4.63,1757.0
2025-01-03 09:53:00,75.41,12.15,0.0436,4.72,1760.0
2025-01-03 09:54:00,75.04,12.27,0.0397,4.76,1744.0
2025-01-03 09:55:00,75.01,12.02,0.0412,4.84,1757.0
2025-01-03 09:56:00,75.12,11.58,0.0464,4.82,1756.0
2025-01-03 09:57:00,89.87,14.88,0.2458,4.87,1751.0
2025-01-03 09:58:00,74.86,11.87,0.0426,4.81,1758.0
2025-01-03 09:59:00,74.7,12.24,0.0432,4.86,1767.0
2025-01-03 10:00:00,74.81,11.88,0.0427,4.79,1721.0
2025-01-03 10:01:00,75.07,12.04,0.0437,4.87,1744.0
2025-01-03 10:02:00,74.8,12.2,0.0499,4.79,1745.0
2025-01-03 10:03:00,75.59,12.09,0.0431,4.8,1743.0
2025-01-03 10:04:00,74.98,11.79,0.045,4.86,1772.0
2025-01-03 10:05:00,75.04,12.0,0.0453,4.71,1782.0
2025-01-03 10:06:00,74.65,12.1,0.0456,4.79,1731.0
2025-01-03 10:07:00,74.59,12.05,0.0477,4.91,1744.0
2025-01-03 10:08:00,75.09,12.39,0.047,4.8,1762.0
2025-01-03 10:09:00,75.13,11.93,0.0453,4.74,1747.0
2025-01-03 10:10:00,74.62,12.04,0.0454,4.81,1754.0
2025-01-03 10:11:00,74.97,12.12,0.0418,4.77,1746.0
2025-01-03 10:12:00,75.18,12.07,0.0467,4.79,1738.0
2025-01-03 10:13:00,74.92,11.97,0.0464,4.75,1736.0
2025-01-03 10:14:00,75.03,11.94,0.045,4.76,1751.0
2025-01-03 10:15:00,75.79,12.36,0.0406,4.76,1759.0
2025-01-03 10:16:00,74.74,11.98,0.0427,4.83,1766.0
2025-01-03 10:17:00,75.23,12.22,0.0479,4.77,1745.0
2025-01-03 10:18:00,75.38,11.86,0.0451,4.78,1744.0
2025-01-03 10:19:00,74.81,11.86,0.0491,4.75,1737.0
2025-01-03 10:20:00,75.09,11.87,0.0445,4.72,1744.0
2025-01-03 10:21:00,75.0,12.05,0.0454,4.85,1730.0
2025-01-03 10:22:00,75.14,12.09,0.0461,4.8,1780.0
2025-01-03 10:23:00,74.67,12.15,0.0462,4.77,1739.0
2025-01-03 10:24:00,75.51,11.71,0.0452,4.74,1759.0
2025-01-03 10:25:00,75.52,12.01,0.0472,4.77,1745.0
2025-01-03 10:26:00,74.78,12.03,0.0398,4.9,1737.0
2025-01-03 10:27:00,75.14,12.13,0.0409,4.86,1766.0
2025-01-03 10:28:00,75.1,12.37,0.0468,4.8,1764.0
2025-01-03 10:29:00,75.36,12.05,0.0422,4.87,1755.0
2025-01-03 10:30:00,75.22,12.05,0.0416,4.79,1734.0
2025-01-03 10:31:00,75.2,12.18,0.0454,4.79,1743.0
2025-01-03 10:32:00,75.08,12.16,0.0494,4.79,1766.0
2025-01-03 10:33:00,74.69,11.79,0.0496,4.81,1754.0
2025-01-03 10:34:00,75.22,11.81,0.0462,4.85,1728.0
2025-01-03 10:35:00,75.04,12.2,0.0424,4.85,1716.0
2025-01-03 10:36:00,74.65,11.92,0.0436,4.75,1737.0
2025-01-03 10:37:00,74.91,11.94,0.0421,4.86,1749.0
2025-01-03 10:38:00,74.1,12.0,0.049,4.84,1735.0
2025-01-03 10:39:00,74.65,12.03,0.0361,4.83,1724.0
2025-01-03 10:40:00,74.91,11.8,0.0454,4.84,1744.0
2025-01-03 10:41:00,74.79,11.82,0.0412,4.86,1738.0
2025-01-03 10:42:00,74.81,12.06,0.0441,4.77,1715.0
2025-01-03 10:43:00,74.89,12.15,0.0463,4.82,1709.0
2025-01-03 10:44:00,74.61,12.13,0.0454,4.85,1761.0
2025-01-03 10:45:00,75.44,12.07,0.0461,4.84,1756.0
2025-01-03 10:46:00,75.17,11.87,0.0449,4.77,1749.0
2025-01-03 10:47:00,75.03,12.13,0.0364,4.84,1744.0
2025-01-03 10:48:00,74.36,11.7,0.0489,4.74,1759.0
2025-01-03 10:49:00,74.09,12.02,0.0424,4.79,1742.0
2025-01-03 10:50:00,75.04,11.96,0.0411,4.84,1727.0
2025-01-03 10:51:00,74.67,12.19,0.0414,4.83,1760.0
2025-01-03 10:52:00,74.69,12.0,0.0437,4.79,1763.0
2025-01-03 10:53:00,75.0,12.13,0.0431,4.76,1751.0
2025-01-03 10:54:00,74.6,11.83,0.0467,4.74,1735.0
2025-01-03 10:55:00,75.13,11.98,0.048,4.77,1739.0
2025-01-03 10:56:00,74.63,12.2,0.0414,4.69,1744.0
2025-01-03 10:57:00,74.66,12.13,0.0451,4.79,1757.0
2025-01-03 10:58:00,75.27,12.11,0.0445,4.83,1746.0
2025-01-03 10:59:00,75.25,12.18,0.0507,4.77,1730.0
2025-01-03 11:00:00,75.27,11.79,0.0429,4.82,1734.0
2025-01-03 11:01:00,73.89,11.78,0.0429,4.84,1735.0
2025-01-03 11:02:00,75.61,11.79,0.0476,4.79,1745.0
2025-01-03 11:03:00,74.67,11.71,0.0436,4.79,1737.0
2025-01-03 11:04:00,75.23,12.15,0.0415,4.82,1764.0
2025-01-03 11:05:00,75.29,12.1,0.0431,4.74,1734.0
2025-01-03 11:06:00,75.2,12.12,0.0438,4.66,1755.0
2025-01-03 11:07:00,75.14,11.86,0.0439,4.78,1740.0
2025-01-03 11:08:00,75.48,11.96,0.0458,4.83,1771.0
2025-01-03 11:09:00,74.83,11.81,0.0485,4.8,1740.0
2025-01-03 11:10:00,74.72,12.03,0.0468,4.79,1785.0
2025-01-03 11:11:00,74.76,12.0,0.045,4.78,1738.0
2025-01-03 11:12:00,74.71,12.0,0.0435,4.87,1746.0
2025-01-03 11:13:00,75.2,12.26,0.0468,4.86,1739.0
2025-01-03 11:14:00,74.99,12.0,0.0416,4.78,1769.0
2025-01-03 11:15:00,75.26,11.8,0.041,4.79,1775.0
2025-01-03 11:16:00,74.56,11.8,0.0428,4.84,1749.0
2025-01-03 11:17:00,74.91,12.04,0.0399,4.83,1762.0
2025-01-03 11:18:00,74.6,11.97,0.042,4.86,1730.0
2025-01-03 11:19:00,74.81,11.99,0.0482,4.75,1763.0
2025-01-03 11:20:00,75.43,11.85,0.0426,4.77,1735.0
2025-01-03 11:21:00,74.65,11.92,0.047,4.83,1733.0
2025-01-03 11:22:00,75.16,11.87,0.051,4.79,1767.0
2025-01-03 11:23:00,74.57,11.93,0.0369,4.8,1770.0
2025-01-03 11:24:00,74.9,11.71,0.0458,4.74,1707.0
2025-01-03 11:25:00,75.06,11.99,0.0436,4.84,1789.0
2025-01-03 11:26:00,75.05,12.06,0.051,4.89,1756.0
2025-01-03 11:27:00,74.69,12.17,0.0453,4.78,1779.0
2025-01-03 11:28:00,74.8,11.95,0.0525,4.74,1750.0
2025-01-03 11:29:00,74.68,12.01,0.0443,4.91,1740.0
2025-01-03 11:30:00,75.36,12.16,0.0415,4.85,1726.0
2025-01-03 11:31:00,74.77,12.02,0.0417,4.84,1763.0
2025-01-03 11:32:00,75.23,12.23,0.0422,4.85,1738.0
2025-01-03 11:33:00,75.08,12.1,0.0451,4.76,1749.0
2025-01-03 11:34:00,74.58,12.02,0.044,4.85,1754.0
2025-01-03 11:35:00,74.65,11.91,0.0454,4.85,1761.0
2025-01-03 11:36:00,74.58,11.93,0.0419,4.79,1742.0
2025-01-03 11:37:00,74.72,12.08,0.0409,4.77,1748.0
2025-01-03 11:38:00,75.04,12.07,0.0424,4.77,1746.0
2025-01-03 11:39:00,74.97,11.91,0.0463,4.83,1756.0
2025-01-03 11:40:00,75.21,11.83,0.0484,4.78,1761.0
2025-01-03 11:41:00,74.69,12.0,0.043,4.87,1790.0
2025-01-03 11:42:00,75.25,11.82,0.0511,4.74,1766.0
2025-01-03 11:43:00,75.48,12.07,0.0484,4.88,1753.0
2025-01-03 11:44:00,74.63,12.06,0.0411,4.85,1743.0
2025-01-03 11:45:00,75.41,12.19,0.0521,4.91,1773.0
2025-01-03 11:46:00,75.4,12.17,0.0453,4.84,1725.0
2025-01-03 11:47:00,74.74,11.89,0.0455,4.83,1760.0
2025-01-03 11:48:00,79.78,11.87,0.3434,4.83,1761.0
2025-01-03 11:49:00,75.31,11.71,0.045,4.79,1730.0
2025-01-03 11:50:00,74.81,12.09,0.0446,4.85,1735.0
2025-01-03 11:51:00,75.51,12.19,0.0437,4.81,1741.0
2025-01-03 11:52:00,75.08,12.01,0.0411,4.76,1739.0
2025-01-03 11:53:00,74.84,12.07,0.0471,4.79,1743.0
2025-01-03 11:54:00,75.08,12.06,0.0491,4.72,1738.0
2025-01-03 11:55:00,79.9,11.91,0.3379,4.81,1753.0
2025-01-03 11:56:00,74.59,12.19,0.0494,4.71,1742.0
2025-01-03 11:57:00,74.99,11.89,0.0424,4.85,1747.0
2025-01-03 11:58:00,74.61,12.36,0.0415,4.75,1749.0
2025-01-03 11:59:00,75.14,12.01,0.045,4.78,1743.0
2025-01-03 12:00:00,74.98,11.82,0.0417,4.82,1738.0
2025-01-03 12:01:00,75.12,12.11,0.0451,4.84,1761.0
2025-01-03 12:02:00,75.18,11.77,0.0515,4.8,1741.0
2025-01-03 12:03:00,75.39,11.89,0.0446,4.79,1749.0
2025-01-03 12:04:00,74.99,11.94,0.047,4.79,1750.0
2025-01-03 12:05:00,74.88,11.66,0.0439,4.78,1765.0
2025-01-03 12:06:00,74.6,12.32,0.0424,4.75,1750.0
2025-01-03 12:07:00,74.47,12.06,0.0489,4.8,1743.0
2025-01-03 12:08:00,75.26,12.17,0.0417,4.84,1747.0
2025-01-03 12:09:00,74.88,12.13,0.0455,4.83,1758.0
2025-01-03 12:10:00,75.1,11.91,0.0485,4.79,1733.0
2025-01-03 12:11:00,74.73,11.96,0.0434,4.9,1744.0
2025-01-03 12:12:00,75.39,11.85,0.0462,4.82,1757.0
2025-01-03 12:13:00,75.03,12.08,0.0426,4.78,1759.0
2025-01-03 12:14:00,74.7,12.06,0.0438,4.78,1720.0
2025-01-03 12:15:00,74.74,11.97,0.046,4.89,1740.0
2025-01-03 12:16:00,74.78,12.08,0.0465,4.88,1757.0
2025-01-03 12:17:00,74.77,12.06,0.0447,4.76,1734.0
2025-01-03 12:18:00,75.4,11.8,0.0411,4.85,1749.0
2025-01-03 12:19:00,74.84,11.74,0.0387,4.81,1726.0
2025-01-03 12:20:00,74.71,12.1,0.051,4.86,1765.0
2025-01-03 12:21:00,75.12,12.2,0.0454,4.79,1761.0
2025-01-03 12:22:00,75.2,11.9,0.0466,4.81,1758.0
2025-01-03 12:23:00,74.61,12.61,0.047,4.85,1733.0
2025-01-03 12:24:00,75.1,12.29,0.0383,4.79,1755.0
2025-01-03 12:25:00,74.8,11.77,0.0403,4.91,1739.0
2025-01-03 12:26:00,75.11,11.9,0.0434,4.77,1761.0
2025-01-03 12:27:00,75.3,12.41,0.0439,4.69,1757.0
2025-01-03 12:28:00,75.34,11.96,0.0478,4.83,1722.0
2025-01-03 12:29:00,74.52,12.13,0.0479,4.93,1751.0
2025-01-03 12:30:00,75.18,11.83,0.041,4.8,1757.0
2025-01-03 12:31:00,74.73,12.23,0.046,4.74,1730.0
2025-01-03 12:32:00,75.05,12.04,0.0449,4.76,1753.0
2025-01-03 12:33:00,73.86,12.28,0.045,4.77,1763.0
2025-01-03 12:34:00,74.85,11.82,0.0459,4.81,1764.0
2025-01-03 12:35:00,75.59,11.51,0.0367,4.82,1773.0
2025-01-03 12:36:00,74.46,12.02,0.0474,4.73,1765.0
2025-01-03 12:37:00,74.83,12.38,0.0469,4.77,1743.0
2025-01-03 12:38:00,75.68,11.81,0.0447,4.76,1759.0
2025-01-03 12:39:00,75.08,11.82,0.0495,4.83,1741.0
2025-01-03 12:40:00,74.83,12.18,0.0464,4.81,1735.0
2025-01-03 12:41:00,74.64,12.08,0.0439,4.77,1757.0
2025-01-03 12:42:00,75.37,12.28,0.0413,4.8,1725.0
2025-01-03 12:43:00,75.13,11.71,0.0457,4.79,1763.0
2025-01-03 12:44:00,74.92,11.93,0.0463,4.79,1732.0
2025-01-03 12:45:00,74.96,12.04,0.0461,4.85,1752.0
2025-01-03 12:46:00,75.5,11.99,0.0465,4.86,1764.0
2025-01-03 12:47:00,75.37,12.07,0.042,4.88,1763.0
2025-01-03 12:48:00,75.27,12.03,0.0422,4.76,1756.0
2025-01-03 12:49:00,75.35,12.04,0.0411,4.83,1760.0
2025-01-03 12:50:00,74.85,12.14,0.0478,4.84,1745.0
2025-01-03 12:51:00,74.98,11.96,0.0457,4.8,1751.0
2025-01-03 12:52:00,75.21,11.65,0.0451,4.84,1780.0
2025-01-03 12:53:00,75.3,12.07,0.0427,4.73,1749.0
2025-01-03 12:54:00,74.96,11.91,0.047,4.83,1767.0
2025-01-03 12:55:00,74.6,12.0,0.0391,4.81,1751.0
2025-01-03 12:56:00,75.28,11.98,0.0454,4.77,1759.0
2025-01-03 12:57:00,75.04,11.88,0.0423,4.77,1752.0
2025-01-03 12:58:00,74.68,11.7,0.042,4.83,1784.0
2025-01-03 12:59:00,74.98,12.21,0.0402,4.72,1767.0
2025-01-03 13:00:00,74.76,11.87,0.0469,4.85,1731.0
2025-01-03 13:01:00,75.02,12.08,0.042,4.7,1783.0
2025-01-03 13:02:00,74.54,12.04,0.0426,4.84,1765.0
2025-01-03 13:03:00,75.02,11.95,0.0531,4.86,1750.0
2025-01-03 13:04:00,75.44,12.04,0.0365,4.75,1764.0
2025-01-03 13:05:00,74.97,12.32,0.0443,4.79,1755.0
2025-01-03 13:06:00,74.95,12.1,0.0469,4.76,1765.0
2025-01-03 13:07:00,75.12,11.76,0.0481,4.77,1752.0
2025-01-03 13:08:00,74.68,11.99,0.0455,4.73,1736.0
2025-01-03 13:09:00,74.34,11.98,0.0422,4.78,1760.0
2025-01-03 13:10:00,74.88,11.69,0.0458,4.86,1754.0
2025-01-03 13:11:00,74.8,12.26,0.0453,4.74,1736.0
2025-01-03 13:12:00,75.33,11.93,0.0445,4.79,1743.0
2025-01-03 13:13:00,74.78,12.16,0.0445,4.77,1771.0
2025-01-03 13:14:00,75.03,11.89,0.044,4.85,1746.0
2025-01-03 13:15:00,75.48,12.16,0.0418,4.86,1766.0
2025-01-03 13:16:00,74.53,11.92,0.0394,4.75,1754.0
2025-01-03 13:17:00,75.45,12.39,0.0452,4.82,1746.0
2025-01-03 13:18:00,74.9,11.87,0.0494,4.77,1735.0
2025-01-03 13:19:00,75.18,12.09,0.0503,4.78,1744.0
2025-01-03 13:20:00,74.88,12.1,0.0443,4.86,1771.0
2025-01-03 13:21:00,75.03,11.87,0.0422,4.84,1773.0
2025-01-03 13:22:00,74.41,11.9,0.0442,4.72,1724.0
2025-01-03 13:23:00,75.43,12.04,0.0412,4.82,1727.0
2025-01-03 13:24:00,75.12,11.85,0.0453,4.72,1738.0
2025-01-03 13:25:00,75.31,11.58,0.0478,4.82,1754.0
2025-01-03 13:26:00,75.3,11.72,0.0424,4.77,1748.0
2025-01-03 13:27:00,74.86,11.83,0.0477,4.7,1793.0
2025-01-03 13:28:00,75.32,12.11,0.0432,4.81,1761.0
2025-01-03 13:29:00,75.02,11.89,0.0388,4.79,1736.0
2025-01-03 13:30:00,74.94,12.02,0.0467,4.86,1760.0
2025-01-03 13:31:00,75.72,12.02,0.0474,4.74,1749.0
2025-01-03 13:32:00,74.97,11.8,0.0501,4.82,1752.0
2025-01-03 13:33:00,74.59,12.34,0.0452,4.81,1752.0
2025-01-03 13:34:00,74.97,12.25,0.0436,4.93,1766.0
2025-01-03 13:35:00,75.21,11.71,0.0469,4.77,1792.0
2025-01-03 13:36:00,75.54,12.08,0.0485,4.79,1734.0
2025-01-03 13:37:00,75.02,12.0,0.0408,4.8,1755.0
2025-01-03 13:38:00,75.36,12.39,0.0466,4.78,1749.0
2025-01-03 13:39:00,74.75,12.39,0.044,4.9,1753.0
2025-01-03 13:40:00,75.1,11.84,0.0461,4.81,1749.0
2025-01-03 13:41:00,75.37,12.03,0.0393,4.73,1747.0
2025-01-03 13:42:00,75.2,12.3,0.0456,4.83,1759.0
2025-01-03 13:43:00,74.9,12.13,0.048,4.84,1757.0
2025-01-03 13:44:00,75.33,11.95,0.0475,4.85,1728.0
2025-01-03 13:45:00,74.71,11.92,0.0448,4.89,1755.0
2025-01-03 13:46:00,74.76,12.01,0.044,4.83,1739.0
2025-01-03 13:47:00,75.01,12.08,0.0445,4.85,1743.0
2025-01-03 13:48:00,75.18,11.72,0.0454,4.85,1740.0
2025-01-03 13:49:00,75.09,12.01,0.042,4.79,1729.0
2025-01-03 13:50:00,75.08,12.19,0.0529,4.8,1733.0
2025-01-03 13:51:00,74.94,12.17,0.0483,4.8,1753.0
2025-01-03 13:52:00,74.79,12.17,0.0477,4.79,1777.0
2025-01-03 13:53:00,74.97,11.85,0.045,4.81,1730.0
2025-01-03 13:54:00,75.14,12.17,0.0388,4.82,1776.0
2025-01-03 13:55:00,74.69,11.85,0.0441,4.77,1757.0
2025-01-03 13:56:00,74.75,11.92,0.0444,4.8,1767.0
2025-01-03 13:57:00,75.12,11.89,0.0508,4.78,1753.0
2025-01-03 13:58:00,74.57,11.93,0.0442,4.71,1740.0
2025-01-03 13:59:00,74.84,12.23,0.0487,4.86,1746.0
2025-01-03 14:00:00,75.34,11.86,0.0443,4.8,1728.0
2025-01-03 14:01:00,74.89,11.96,0.0398,4.86,1752.0
2025-01-03 14:02:00,74.71,12.12,0.0454,4.8,1781.0
2025-01-03 14:03:00,75.1,12.22,0.0419,4.77,1769.0
2025-01-03 14:04:00,75.0,12.28,0.0389,4.81,1773.0
2025-01-03 14:05:00,75.07,11.89,0.0447,4.84,1734.0
2025-01-03 14:06:00,74.64,12.14,0.0499,4.78,1741.0
2025-01-03 14:07:00,75.31,11.68,0.0421,4.78,1740.0
2025-01-03 14:08:00,74.67,11.67,0.0453,4.79,1730.0
2025-01-03 14:09:00,74.75,12.26,0.0447,4.88,1732.0
2025-01-03 14:10:00,75.46,12.22,0.0445,4.9,1741.0
2025-01-03 14:11:00,75.08,11.95,0.045,4.77,1732.0
2025-01-03 14:12:00,74.64,11.91,0.0434,4.81,1741.0
2025-01-03 14:13:00,75.51,11.66,0.0437,4.74,1747.0
2025-01-03 14:14:00,75.14,11.92,0.0502,4.79,1735.0
2025-01-03 14:15:00,74.83,12.26,0.043,4.87,1764.0
2025-01-03 14:16:00,75.05,11.95,0.0417,4.88,1733.0
2025-01-03 14:17:00,75.24,11.82,0.0432,4.73,1729.0
2025-01-03 14:18:00,74.71,12.11,0.0476,4.83,1756.0
2025-01-03 14:19:00,75.37,12.14,0.0439,4.88,1736.0
2025-01-03 14:20:00,75.4,12.0,0.0445,4.82,1752.0
2025-01-03 14:21:00,75.06,12.11,0.0443,4.8,1717.0
2025-01-03 14:22:00,75.39,11.98,0.0416,4.75,1728.0
2025-01-03 14:23:00,75.09,11.9,0.0432,4.71,1734.0
2025-01-03 14:24:00,74.86,12.3,0.0456,4.81,1727.0
2025-01-03 14:25:00,74.88,12.03,0.0396,4.81,1751.0
2025-01-03 14:26:00,74.87,12.12,0.0506,4.79,1739.0
2025-01-03 14:27:00,75.38,12.21,0.0392,4.78,1752.0
2025-01-03 14:28:00,74.86,12.04,0.0469,4.85,1767.0
2025-01-03 14:29:00,75.56,12.25,0.0513,4.72,1750.0
2025-01-03 14:30:00,74.55,12.14,0.0431,4.75,1749.0
2025-01-03 14:31:00,74.73,11.93,0.0389,4.79,1748.0
2025-01-03 14:32:00,75.15,11.79,0.0404,4.85,1740.0
2025-01-03 14:33:00,74.84,12.26,0.0421,4.77,1751.0
2025-01-03 14:34:00,75.03,12.0,0.0535,4.74,1767.0
2025-01-03 14:35:00,75.14,11.83,0.0438,4.81,1746.0
2025-01-03 14:36:00,75.1,11.91,0.0408,4.86,1760.0
2025-01-03 14:37:00,74.97,11.79,0.046,4.72,1762.0
2025-01-03 14:38:00,75.03,12.04,0.0451,4.83,1762.0
2025-01-03 14:39:00,74.63,12.3,0.0443,4.78,1773.0
2025-01-03 14:40:00,75.0,12.36,0.042,4.7,1757.0
2025-01-03 14:41:00,74.9,11.64,0.0452,4.76,1740.0
2025-01-03 14:42:00,74.3,11.6,0.0425,4.71,1726.0
2025-01-03 14:43:00,75.24,11.88,0.0456,4.8,1741.0
2025-01-03 14:44:00,75.19,12.15,0.0486,4.77,1760.0
2025-01-03 14:45:00,74.94,12.1,0.0414,4.86,1735.0
2025-01-03 14:46:00,74.93,12.16,0.0489,4.82,1742.0
2025-01-03 14:47:00,74.29,12.01,0.0487,4.82,1736.0
2025-01-03 14:48:00,75.29,11.97,0.0428,4.9,1750.0
2025-01-03 14:49:00,75.36,11.6,0.0435,4.85,1749.0
2025-01-03 14:50:00,74.91,12.1,0.0425,4.83,1753.0
2025-01-03 14:51:00,75.33,11.88,0.0472,4.69,1735.0
2025-01-03 14:52:00,75.38,11.85,0.0487,4.77,1756.0
2025-01-03 14:53:00,75.25,12.22,0.053,4.8,1738.0
2025-01-03 14:54:00,75.18,12.41,0.0446,4.77,1747.0
2025-01-03 14:55:00,75.28,12.27,0.0473,4.75,1733.0
2025-01-03 14:56:00,74.98,11.88,0.0403,4.71,1777.0
2025-01-03 14:57:00,75.06,11.64,0.0401,4.8,1735.0
2025-01-03 14:58:00,74.58,11.74,0.0452,4.77,1722.0
2025-01-03 14:59:00,75.13,12.0,0.0453,4.78,1745.0
2025-01-03 15:00:00,75.17,12.18,0.0458,4.83,1758.0
2025-01-03 15:01:00,75.19,11.45,0.0425,4.77,1765.0
2025-01-03 15:02:00,74.64,11.71,0.0489,4.79,1753.0
2025-01-03 15:03:00,74.57,12.06,0.0451,4.71,1751.0
2025-01-03 15:04:00,75.03,11.81,0.0451,4.79,1757.0
2025-01-03 15:05:00,74.28,12.17,0.0472,4.81,1742.0
2025-01-03 15:06:00,74.88,12.0,0.0423,4.73,1725.0
2025-01-03 15:07:00,75.17,12.06,0.0438,4.93,1750.0
2025-01-03 15:08:00,74.53,12.38,0.051,4.83,1756.0
2025-01-03 15:09:00,75.38,11.98,0.0438,4.77,1740.0
2025-01-03 15:10:00,75.8,12.15,0.0444,4.79,1755.0
2025-01-03 15:11:00,75.55,12.02,0.0435,4.89,1735.0
2025-01-03 15:12:00,74.88,11.76,0.0431,4.79,1749.0
2025-01-03 15:13:00,75.06,12.13,0.0511,4.84,1792.0
2025-01-03 15:14:00,75.12,12.17,0.0482,4.81,1779.0
2025-01-03 15:15:00,75.25,12.14,0.0434,4.85,1747.0
2025-01-03 15:16:00,74.58,12.05,0.0472,4.79,1749.0
2025-01-03 15:17:00,74.86,12.26,0.0469,4.82,1756.0
2025-01-03 15:18:00,75.16,11.97,0.0471,4.78,1751.0
2025-01-03 15:19:00,75.4,12.15,0.0414,4.85,1727.0
2025-01-03 15:20:00,74.36,11.89,0.0411,4.84,1758.0
2025-01-03 15:21:00,74.54,12.11,0.0456,4.77,1741.0
2025-01-03 15:22:00,75.15,12.06,0.0427,4.81,1738.0
2025-01-03 15:23:00,75.34,12.01,0.0427,4.82,1748.0
2025-01-03 15:24:00,75.31,12.06,0.0382,4.84,1754.0
2025-01-03 15:25:00,75.18,11.93,0.0456,4.83,1761.0
2025-01-03 15:26:00,74.73,12.19,0.0437,4.8,1749.0
2025-01-03 15:27:00,74.61,11.92,0.0494,4.74,1759.0
2025-01-03 15:28:00,75.26,12.06,0.0443,4.74,1769.0
2025-01-03 15:29:00,75.03,12.16,0.0407,4.72,1784.0
2025-01-03 15:30:00,75.18,11.99,0.0449,4.79,1778.0
2025-01-03 15:31:00,74.78,11.65,0.0454,4.8,1749.0
2025-01-03 15:32:00,74.89,12.05,0.0461,4.85,1756.0
2025-01-03 15:33:00,74.85,11.63,0.0464,4.8,1758.0
2025-01-03 15:34:00,75.07,12.2,0.0484,4.69,1764.0
2025-01-03 15:35:00,75.08,11.99,0.0365,4.85,1749.0
2025-01-03 15:36:00,75.15,12.6,0.0444,4.8,1759.0
2025-01-03 15:37:00,74.75,12.33,0.0449,4.78,1753.0
2025-01-03 15:38:00,74.46,12.24,0.0444,4.79,1768.0
2025-01-03 15:39:00,74.66,12.01,0.047,4.72,1734.0
2025-01-03 15:40:00,75.06,12.14,0.0448,4.85,1730.0
2025-01-03 15:41:00,74.38,11.91,0.0467,4.84,1732.0
2025-01-03 15:42:00,74.9,12.14,0.0484,4.83,1753.0
2025-01-03 15:43:00,74.91,12.3,0.0486,4.86,1752.0
2025-01-03 15:44:00,74.95,11.92,0.0473,4.73,1759.0
2025-01-03 15:45:00,75.34,12.08,0.0463,4.91,1750.0
2025-01-03 15:46:00,75.35,12.37,0.0471,4.78,1717.0
2025-01-03 15:47:00,75.13,12.32,0.0453,4.79,1729.0
2025-01-03 15:48:00,75.21,11.74,0.045,4.89,1769.0
2025-01-03 15:49:00,74.88,11.92,0.0472,4.89,1724.0
2025-01-03 15:50:00,74.67,12.01,0.042,4.78,1735.0
2025-01-03 15:51:00,74.7,11.57,0.0421,4.8,1741.0
2025-01-03 15:52:00,74.65,12.21,0.0429,4.74,1753.0
2025-01-03 15:53:00,75.04,11.94,0.0421,4.82,1787.0
2025-01-03 15:54:00,75.07,11.96,0.0492,4.86,1755.0
2025-01-03 15:55:00,74.99,12.18,0.0469,4.8,1748.0
2025-01-03 15:56:00,75.34,11.7,0.0459,4.85,1743.0
2025-01-03 15:57:00,74.88,12.11,0.0492,4.8,1752.0
2025-01-03 15:58:00,75.67,11.97,0.0513,4.82,1716.0
2025-01-03 15:59:00,75.08,11.95,0.0443,4.83,1762.0
2025-01-03 16:00:00,75.0,11.92,0.0439,4.84,1761.0
2025-01-03 16:01:00,74.86,12.37,0.0424,4.86,1764.0
2025-01-03 16:02:00,74.7,11.99,0.0409,4.82,1754.0
2025-01-03 16:03:00,75.4,12.35,0.0397,4.72,1749.0
2025-01-03 16:04:00,74.89,12.01,0.047,4.81,1725.0
2025-01-03 16:05:00,75.18,11.97,0.0455,4.84,1740.0
2025-01-03 16:06:00,74.88,11.89,0.047,4.85,1760.0
2025-01-03 16:07:00,74.53,12.02,0.0486,4.75,1760.0
2025-01-03 16:08:00,75.07,11.96,0.0435,4.71,1742.0
2025-01-03 16:09:00,75.22,12.17,0.0404,4.82,1756.0
2025-01-03 16:10:00,89.95,15.0,0.2476,4.76,1741.0
2025-01-03 16:11:00,74.84,11.86,0.0472,4.78,1785.0
2025-01-03 16:12:00,75.05,11.88,0.0447,4.82,1754.0
2025-01-03 16:13:00,75.53,12.16,0.0436,4.79,1750.0
2025-01-03 16:14:00,80.18,12.11,0.3446,4.81,1748.0
2025-01-03 16:15:00,74.82,12.18,0.0475,4.85,1757.0
2025-01-03 16:16:00,74.68,11.65,0.0406,4.9,1741.0
2025-01-03 16:17:00,75.33,12.19,0.0439,4.76,1755.0
2025-01-03 16:18:00,75.27,12.14,0.0437,4.76,1725.0
2025-01-03 16:19:00,75.37,11.95,0.0421,4.8,1723.0
2025-01-03 16:20:00,75.12,12.2,0.0431,4.76,1752.0
2025-01-03 16:21:00,75.0,12.11,0.0424,4.82,1751.0
2025-01-03 16:22:00,75.15,12.31,0.0468,4.83,1726.0
2025-01-03 16:23:00,75.61,12.26,0.0397,4.71,1748.0
2025-01-03 16:24:00,74.58,12.17,0.0426,4.88,1770.0
2025-01-03 16:25:00,74.62,11.77,0.0457,4.79,1751.0
2025-01-03 16:26:00,75.17,12.1,0.0441,4.78,1763.0
2025-01-03 16:27:00,74.9,11.95,0.0411,4.84,1755.0
2025-01-03 16:28:00,75.09,11.77,0.0471,4.88,1763.0
2025-01-03 16:29:00,74.65,12.33,0.0455,4.8,1702.0
2025-01-03 16:30:00,74.95,12.05,0.0479,4.8,1766.0
2025-01-03 16:31:00,75.2,12.0,0.0433,4.82,1758.0
2025-01-03 16:32:00,74.72,12.17,0.0437,4.78,1760.0
2025-01-03 16:33:00,75.3,12.24,0.0509,4.73,1741.0
2025-01-03 16:34:00,75.45,11.62,0.045,4.82,1745.0
2025-01-03 16:35:00,74.83,12.17,0.0464,4.74,1749.0
2025-01-03 16:36:00,74.89,11.9,0.0455,4.83,1754.0
2025-01-03 16:37:00,75.1,12.47,0.0479,4.8,1761.0
2025-01-03 16:38:00,75.66,12.22,0.0455,4.8,1744.0
2025-01-03 16:39:00,74.85,11.98,0.0442,4.82,1786.0
2025-01-03 16:40:00,74.67,11.97,0.0468,4.83,1727.0
2025-01-03 16:41:00,74.76,11.99,0.0462,4.83,1728.0
2025-01-03 16:42:00,74.89,11.72,0.0472,4.81,1739.0
2025-01-03 16:43:00,75.44,11.8,0.0433,4.77,1721.0
2025-01-03 16:44:00,75.09,12.24,0.0431,4.84,1743.0
2025-01-03 16:45:00,74.49,11.96,0.0466,4.85,1765.0
2025-01-03 16:46:00,74.9,11.97,0.0484,4.79,1744.0
2025-01-03 16:47:00,74.9,12.34,0.0417,4.77,1751.0
2025-01-03 16:48:00,75.58,12.13,0.0462,4.86,1740.0
2025-01-03 16:49:00,74.87,12.11,0.0445,4.79,1789.0
2025-01-03 16:50:00,75.46,12.2,0.0449,4.79,1738.0
2025-01-03 16:51:00,75.32,12.04,0.0478,4.81,1742.0
2025-01-03 16:52:00,75.18,11.88,0.0444,4.78,1762.0
2025-01-03 16:53:00,74.79,12.48,0.0478,4.82,1759.0
2025-01-03 16:54:00,75.42,11.54,0.0456,4.75,1705.0
2025-01-03 16:55:00,74.68,12.16,0.0473,4.84,1748.0
2025-01-03 16:56:00,75.49,12.25,0.0424,4.83,1727.0
2025-01-03 16:57:00,75.03,11.89,0.043,4.85,1757.0
2025-01-03 16:58:00,75.18,12.31,0.0436,4.89,1730.0
2025-01-03 16:59:00,75.4,12.0,0.0393,4.85,1739.0
2025-01-03 17:00:00,74.37,12.28,0.0496,4.74,1775.0
2025-01-03 17:01:00,75.21,11.97,0.0458,4.83,1739.0
2025-01-03 17:02:00,75.33,12.33,0.0401,4.88,1741.0
2025-01-03 17:03:00,75.18,12.03,0.0414,4.79,1770.0
2025-01-03 17:04:00,74.49,12.34,0.0462,4.74,1761.0
2025-01-03 17:05:00,74.96,12.04,0.0438,4.88,1758.0
2025-01-03 17:06:00,74.79,12.24,0.047,4.83,1759.0
2025-01-03 17:07:00,74.83,12.17,0.0448,4.8,1733.0
2025-01-03 17:08:00,75.05,11.82,0.0445,4.85,1765.0
2025-01-03 17:09:00,75.26,12.22,0.0426,4.84,1749.0
2025-01-03 17:10:00,75.25,12.12,0.0414,4.76,1746.0
2025-01-03 17:11:00,74.41,11.95,0.0452,4.78,1760.0
2025-01-03 17:12:00,74.86,11.62,0.0444,4.74,1726.0
2025-01-03 17:13:00,75.07,12.01,0.0459,4.81,1772.0
2025-01-03 17:14:00,74.64,11.88,0.0424,4.84,1725.0
2025-01-03 17:15:00,74.83,11.79,0.0439,4.9,1746.0
2025-01-03 17:16:00,74.75,11.98,0.0415,4.94,1724.0
2025-01-03 17:17:00,75.2,12.0,0.0465,4.85,1762.0
2025-01-03 17:18:00,75.53,12.19,0.0424,4.79,1756.0
2025-01-03 17:19:00,75.21,12.17,0.0452,4.83,1729.0
2025-01-03 17:20:00,75.41,12.06,0.0498,4.79,1779.0
2025-01-03 17:21:00,74.76,12.05,0.0468,4.76,1749.0
2025-01-03 17:22:00,74.58,12.15,0.043,4.8,1754.0
2025-01-03 17:23:00,74.79,11.94,0.0495,4.77,1773.0
2025-01-03 17:24:00,74.62,12.06,0.0401,4.69,1742.0
2025-01-03 17:25:00,75.11,11.75,0.0523,4.74,1752.0
2025-01-03 17:26:00,74.93,12.08,0.0496,4.76,1772.0
2025-01-03 17:27:00,74.57,11.87,0.0438,4.88,1741.0
2025-01-03 17:28:00,75.38,11.75,0.0473,4.67,1747.0
2025-01-03 17:29:00,75.06,12.34,0.0439,4.79,1726.0
2025-01-03 17:30:00,74.63,11.78,0.0426,4.8,1773.0
2025-01-03 17:31:00,75.45,12.04,0.0431,4.78,1755.0
2025-01-03 17:32:00,74.97,12.09,0.0426,4.65,1753.0
2025-01-03 17:33:00,75.12,12.16,0.0385,4.77,1750.0
2025-01-03 17:34:00,74.93,11.87,0.0433,4.76,1747.0
2025-01-03 17:35:00,75.44,12.08,0.0446,4.77,1732.0
2025-01-03 17:36:00,75.05,12.2,0.0515,4.77,1717.0
2025-01-03 17:37:00,75.28,12.01,0.0453,4.82,1751.0
2025-01-03 17:38:00,75.49,12.0,0.0454,4.74,1747.0
2025-01-03 17:39:00,74.86,12.16,0.0429,4.78,1732.0
2025-01-03 17:40:00,74.88,12.19,0.0468,4.71,1751.0
2025-01-03 17:41:00,74.82,11.82,0.0451,4.81,1737.0
2025-01-03 17:42:00,75.02,11.7,0.0454,4.83,1749.0
2025-01-03 17:43:00,75.53,11.91,0.0493,4.86,1755.0
2025-01-03 17:44:00,75.0,11.72,0.0487,4.79,1742.0
2025-01-03 17:45:00,75.31,11.88,0.045,4.79,1717.0
2025-01-03 17:46:00,75.02,12.13,0.0476,4.81,1749.0
2025-01-03 17:47:00,75.26,11.83,0.0483,4.82,1724.0
2025-01-03 17:48:00,75.37,11.73,0.0469,4.83,1739.0
2025-01-03 17:49:00,75.06,11.7,0.0471,4.84,1777.0
2025-01-03 17:50:00,74.5,11.77,0.0462,4.76,1741.0
2025-01-03 17:51:00,75.04,12.19,0.0421,4.82,1738.0
2025-01-03 17:52:00,75.05,11.95,0.0425,4.83,1750.0
2025-01-03 17:53:00,74.89,12.36,0.0429,4.84,1718.0
2025-01-03 17:54:00,74.91,11.99,0.0464,4.8,1747.0
2025-01-03 17:55:00,74.73,12.17,0.0482,4.81,1758.0
2025-01-03 17:56:00,75.08,12.25,0.0463,4.82,1746.0
2025-01-03 17:57:00,74.57,11.84,0.0416,4.83,1750.0
2025-01-03 17:58:00,74.65,12.07,0.0472,4.79,1757.0
2025-01-03 17:59:00,74.65,11.87,0.0461,4.78,1732.0
2025-01-03 18:00:00,70.1,10.16,0.0217,4.5,1508.0
2025-01-03 18:01:00,69.9,9.54,0.028,4.57,1522.0
2025-01-03 18:02:00,69.89,9.66,0.0246,4.41,1500.0
2025-01-03 18:03:00,69.79,9.85,0.0248,4.53,1528.0
2025-01-03 18:04:00,70.39,9.63,0.0223,4.6,1501.0
2025-01-03 18:05:00,69.53,9.76,0.0241,4.45,1514.0
2025-01-03 18:06:00,69.66,10.31,0.0281,4.51,1494.0
2025-01-03 18:07:00,69.92,9.97,0.0272,4.51,1494.0
2025-01-03 18:08:00,70.42,10.03,0.026,4.53,1512.0
2025-01-03 18:09:00,69.95,10.01,0.0278,4.49,1460.0
2025-01-03 18:10:00,69.72,9.82,0.0291,4.39,1523.0
2025-01-03 18:11:00,70.41,10.02,0.0289,4.48,1508.0
2025-01-03 18:12:00,69.45,9.98,0.0252,4.52,1493.0
2025-01-03 18:13:00,70.13,10.1,0.0241,4.5,1507.0
2025-01-03 18:14:00,70.02,9.94,0.0287,4.55,1497.0
2025-01-03 18:15:00,70.12,10.07,0.0258,4.5,1509.0
2025-01-03 18:16:00,70.23,9.96,0.0267,4.54,1477.0
2025-01-03 18:17:00,70.26,10.31,0.0235,4.47,1526.0
2025-01-03 18:18:00,69.94,9.94,0.0184,4.5,1499.0
2025-01-03 18:19:00,69.68,10.03,0.027,4.65,1503.0
2025-01-03 18:20:00,70.22,10.02,0.0249,4.54,1504.0
2025-01-03 18:21:00,70.13,10.06,0.0254,4.56,1513.0
2025-01-03 18:22:00,69.73,10.13,0.0243,4.5,1495.0
2025-01-03 18:23:00,69.89,9.75,0.0266,4.51,1486.0
2025-01-03 18:24:00,70.54,10.06,0.0196,4.5,1512.0
2025-01-03 18:25:00,69.62,10.22,0.0239,4.49,1478.0
2025-01-03 18:26:00,69.84,10.3,0.0245,4.5,1486.0
2025-01-03 18:27:00,70.1,9.97,0.026,4.41,1497.0
2025-01-03 18:28:00,69.68,10.11,0.0233,4.43,1498.0
2025-01-03 18:29:00,69.72,10.02,0.0231,4.59,1476.0
2025-01-03 18:30:00,70.69,10.12,0.0198,4.62,1477.0
2025-01-03 18:31:00,69.78,9.8,0.0268,4.48,1512.0
2025-01-03 18:32:00,69.82,10.13,0.0265,4.42,1518.0
2025-01-03 18:33:00,69.67,9.87,0.0252,4.55,1514.0
2025-01-03 18:34:00,69.9,9.79,0.0226,4.55,1516.0
2025-01-03 18:35:00,69.32,10.16,0.0232,4.48,1478.0
2025-01-03 18:36:00,70.31,10.34,0.0263,4.5,1495.0
2025-01-03 18:37:00,70.24,10.35,0.0211,4.57,1493.0
2025-01-03 18:38:00,70.15,10.14,0.0227,4.52,1506.0
2025-01-03 18:39:00,70.02,9.95,0.0216,4.5,1504.0
2025-01-03 18:40:00,69.76,9.89,0.0243,4.47,1501.0
2025-01-03 18:41:00,70.58,9.92,0.02,4.45,1517.0
2025-01-03 18:42:00,70.25,9.83,0.0209,4.56,1506.0
2025-01-03 18:43:00,70.31,10.25,0.0224,4.53,1502.0
2025-01-03 18:44:00,70.18,10.04,0.0237,4.48,1478.0
2025-01-03 18:45:00,69.72,9.5,0.0252,4.54,1502.0
2025-01-03 18:46:00,69.87,10.35,0.0268,4.53,1496.0
2025-01-03 18:47:00,70.16,9.93,0.0268,4.53,1485.0
2025-01-03 18:48:00,70.26,9.71,0.0272,4.4,1510.0
2025-01-03 18:49:00,69.75,9.77,0.0268,4.56,1495.0
2025-01-03 18:50:00,69.99,10.2,0.0282,4.6,1468.0
2025-01-03 18:51:00,70.1,10.25,0.0279,4.46,1528.0
2025-01-03 18:52:00,70.1,9.99,0.022,4.46,1495.0
2025-01-03 18:53:00,85.1,12.83,0.2278,4.53,1485.0
2025-01-03 18:54:00,69.98,9.66,0.0261,4.49,1483.0
2025-01-03 18:55:00,70.18,10.01,0.0235,4.51,1492.0
2025-01-03 18:56:00,70.08,10.19,0.023,4.45,1476.0
2025-01-03 18:57:00,69.25,9.92,0.0284,4.45,1466.0
2025-01-03 18:58:00,69.56,9.82,0.0237,4.48,1504.0
2025-01-03 18:59:00,70.1,10.04,0.0239,4.55,1491.0
2025-01-03 19:00:00,69.86,10.12,0.0241,4.52,1500.0
2025-01-03 19:01:00,70.2,9.76,0.0261,4.56,1493.0
2025-01-03 19:02:00,70.05,9.89,0.024,4.51,1505.0
2025-01-03 19:03:00,70.47,9.73,0.0223,4.5,1520.0
2025-01-03 19:04:00,70.11,10.21,0.0257,4.49,1491.0
2025-01-03 19:05:00,69.68,9.73,0.0222,4.46,1532.0
2025-01-03 19:06:00,70.33,10.17,0.0223,4.46,1505.0
2025-01-03 19:07:00,70.09,9.72,0.024,4.46,1517.0
2025-01-03 19:08:00,69.84,9.85,0.0253,4.68,1490.0
2025-01-03 19:09:00,70.66,9.79,0.019,4.49,1477.0
2025-01-03 19:10:00,69.53,10.11,0.0227,4.48,1494.0
2025-01-03 19:11:00,69.94,10.12,0.0222,4.52,1503.0
2025-01-03 19:12:00,69.98,9.8,0.028,4.5,1509.0
2025-01-03 19:13:00,70.07,10.09,0.0262,4.53,1470.0
2025-01-03 19:14:00,70.22,9.74,0.0238,4.5,1516.0
2025-01-03 19:15:00,69.87,10.13,0.0223,4.56,1486.0
2025-01-03 19:16:00,70.75,9.96,0.0243,4.49,1502.0
2025-01-03 19:17:00,70.28,10.27,0.0231,4.52,1481.0
2025-01-03 19:18:00,69.88,9.39,0.0258,4.52,1498.0
2025-01-03 19:19:00,70.26,9.98,0.0293,4.54,1500.0
2025-01-03 19:20:00,69.96,10.33,0.0223,4.46,1497.0
2025-01-03 19:21:00,70.08,9.62,0.0212,4.53,1483.0
2025-01-03 19:22:00,70.02,10.05,0.0248,4.5,1465.0
2025-01-03 19:23:00,70.46,10.17,0.0296,4.53,1485.0
2025-01-03 19:24:00,70.61,10.38,0.0259,4.44,1496.0
2025-01-03 19:25:00,69.68,10.09,0.0271,4.56,1512.0
2025-01-03 19:26:00,69.56,10.0,0.0252,4.44,1513.0
2025-01-03 19:27:00,69.5,9.96,0.0306,4.45,1500.0
2025-01-03 19:28:00,69.88,9.87,0.022,4.53,1523.0
2025-01-03 19:29:00,69.76,10.06,0.0172,4.54,1509.0
2025-01-03 19:30:00,70.22,10.18,0.0285,4.55,1518.0
2025-01-03 19:31:00,69.92,10.05,0.0241,4.5,1511.0
2025-01-03 19:32:00,70.25,10.2,0.0232,4.42,1500.0
2025-01-03 19:33:00,70.11,9.97,0.0262,4.44,1489.0
2025-01-03 19:34:00,69.81,10.25,0.0235,4.47,1500.0
2025-01-03 19:35:00,69.94,9.52,0.025,4.5,1497.0
2025-01-03 19:36:00,70.5,9.88,0.027,4.41,1484.0
2025-01-03 19:37:00,70.12,10.24,0.0267,4.45,1496.0
2025-01-03 19:38:00,69.54,9.93,0.0293,4.53,1479.0
2025-01-03 19:39:00,70.2,9.86,0.023,4.48,1520.0
2025-01-03 19:40:00,69.49,10.22,0.0233,4.47,1497.0
2025-01-03 19:41:00,70.11,10.06,0.0253,4.52,1501.0
2025-01-03 19:42:00,69.68,10.11,0.0238,4.51,1517.0
2025-01-03 19:43:00,69.6,10.11,0.0237,4.51,1514.0
2025-01-03 19:44:00,69.97,10.13,0.0262,4.52,1493.0
2025-01-03 19:45:00,69.81,10.38,0.022,4.51,1503.0
2025-01-03 19:46:00,69.95,10.01,0.0273,4.54,1480.0
2025-01-03 19:47:00,69.58,9.77,0.0192,4.51,1520.0
2025-01-03 19:48:00,69.95,10.08,0.02,4.49,1510.0
2025-01-03 19:49:00,70.33,10.0,0.0241,4.48,1512.0
2025-01-03 19:50:00,69.74,10.05,0.0227,4.52,1480.0
2025-01-03 19:51:00,69.49,10.24,0.0277,4.55,1501.0
2025-01-03 19:52:00,70.24,9.79,0.0264,4.6,1492.0
2025-01-03 19:53:00,69.99,10.06,0.0305,4.55,1508.0
2025-01-03 19:54:00,70.24,10.03,0.0307,4.49,1512.0
2025-01-03 19:55:00,70.32,9.74,0.0238,4.48,1478.0
2025-01-03 19:56:00,70.27,9.85,0.0295,4.4,1499.0
2025-01-03 19:57:00,69.72,10.19,0.0292,4.5,1484.0
2025-01-03 19:58:00,69.67,9.86,0.0294,4.46,1496.0
2025-01-03 19:59:00,69.94,9.98,0.0215,4.42,1485.0
2025-01-03 20:00:00,70.26,10.13,0.0247,4.43,1483.0
2025-01-03 20:01:00,70.56,10.07,0.0257,4.6,1527.0
2025-01-03 20:02:00,70.26,10.11,0.0295,4.58,1508.0
2025-01-03 20:03:00,69.92,9.99,0.0249,4.47,1514.0
2025-01-03 20:04:00,69.79,9.87,0.0223,4.48,1516.0
2025-01-03 20:05:00,70.17,9.88,0.0219,4.5,1487.0
2025-01-03 20:06:00,70.08,10.17,0.0263,4.52,1506.0
2025-01-03 20:07:00,70.09,9.85,0.0277,4.48,1475.0
2025-01-03 20:08:00,70.11,9.77,0.0188,4.51,1496.0
2025-01-03 20:09:00,70.06,9.99,0.0234,4.41,1493.0
2025-01-03 20:10:00,70.41,10.1,0.0311,4.6,1489.0
2025-01-03 20:11:00,70.47,10.02,0.0279,4.54,1486.0
2025-01-03 20:12:00,70.38,9.66,0.0249,4.53,1511.0
2025-01-03 20:13:00,70.29,10.18,0.0246,4.48,1519.0
2025-01-03 20:14:00,69.88,9.82,0.0199,4.53,1502.0
2025-01-03 20:15:00,69.92,9.92,0.0208,4.52,1481.0
2025-01-03 20:16:00,69.93,10.05,0.0246,4.51,1515.0
2025-01-03 20:17:00,70.57,10.09,0.0235,4.55,1513.0
2025-01-03 20:18:00,69.89,9.81,0.0215,4.48,1499.0
2025-01-03 20:19:00,70.28,9.86,0.0303,4.5,1493.0
2025-01-03 20:20:00,70.12,9.85,0.0219,4.5,1508.0
2025-01-03 20:21:00,70.26,10.27,0.0261,4.43,1496.0
2025-01-03 20:22:00,70.26,9.84,0.0211,4.52,1506.0
2025-01-03 20:23:00,70.34,10.05,0.0238,4.45,1491.0
2025-01-03 20:24:00,69.85,9.79,0.0284,4.53,1516.0
2025-01-03 20:25:00,70.01,10.35,0.0308,4.58,1499.0
2025-01-03 20:26:00,69.66,10.09,0.0198,4.49,1493.0
2025-01-03 20:27:00,70.14,9.92,0.0279,4.53,1521.0
2025-01-03 20:28:00,69.75,10.12,0.0226,4.47,1480.0
2025-01-03 20:29:00,69.89,10.03,0.0248,4.54,1504.0
2025-01-03 20:30:00,70.11,10.14,0.0224,4.47,1486.0
2025-01-03 20:31:00,70.12,10.07,0.0244,4.57,1483.0
2025-01-03 20:32:00,70.09,9.74,0.0179,4.47,1522.0
2025-01-03 20:33:00,70.06,9.84,0.0282,4.5,1512.0
2025-01-03 20:34:00,70.29,10.05,0.0234,4.52,1492.0
2025-01-03 20:35:00,70.16,9.69,0.0262,4.51,1502.0
2025-01-03 20:36:00,69.66,10.05,0.0258,4.5,1518.0
2025-01-03 20:37:00,70.46,10.32,0.0288,4.49,1505.0
2025-01-03 20:38:00,70.2,10.26,0.0246,4.5,1480.0
2025-01-03 20:39:00,70.2,9.98,0.0285,4.52,1482.0
2025-01-03 20:40:00,70.18,9.87,0.0223,4.46,1493.0
2025-01-03 20:41:00,70.41,9.87,0.0203,4.51,1507.0
2025-01-03 20:42:00,70.09,10.27,0.0233,4.54,1502.0
2025-01-03 20:43:00,70.18,10.05,0.0261,4.36,1499.0
2025-01-03 20:44:00,70.15,9.97,0.0222,4.4,1509.0
2025-01-03 20:45:00,69.62,10.31,0.0271,4.45,1492.0
2025-01-03 20:46:00,69.69,9.96,0.0245,4.6,1508.0
2025-01-03 20:47:00,70.19,10.0,0.0246,4.43,1480.0
2025-01-03 20:48:00,69.94,9.77,0.0229,4.52,1496.0
2025-01-03 20:49:00,70.55,9.72,0.0197,4.41,1525.0
2025-01-03 20:50:00,70.05,9.86,0.0237,4.5,1490.0
2025-01-03 20:51:00,69.77,9.94,0.024,4.44,1519.0
2025-01-03 20:52:00,70.13,9.74,0.0252,4.56,1496.0
2025-01-03 20:53:00,69.91,9.94,0.0298,4.41,1486.0
2025-01-03 20:54:00,70.25,10.06,0.0238,4.56,1511.0
2025-01-03 20:55:00,70.37,10.16,0.0226,4.49,1503.0
2025-01-03 20:56:00,70.09,9.97,0.0273,4.49,1472.0
2025-01-03 20:57:00,70.09,10.02,0.019,4.54,1526.0
2025-01-03 20:58:00,70.01,9.79,0.0294,4.5,1504.0
2025-01-03 20:59:00,70.15,9.66,0.025,4.52,1507.0
2025-01-03 21:00:00,69.51,9.86,0.0235,4.52,1480.0
2025-01-03 21:01:00,70.41,10.08,0.0278,4.49,1487.0
2025-01-03 21:02:00,69.6,10.1,0.0236,4.52,1494.0
2025-01-03 21:03:00,69.77,9.77,0.0228,4.54,1504.0
2025-01-03 21:04:00,69.58,9.81,0.0272,4.47,1495.0
2025-01-03 21:05:00,69.77,9.82,0.0288,4.43,1501.0
2025-01-03 21:06:00,70.07,10.08,0.021,4.53,1511.0
2025-01-03 21:07:00,70.19,10.05,0.0276,4.44,1526.0
2025-01-03 21:08:00,70.49,9.87,0.0228,4.43,1497.0
2025-01-03 21:09:00,69.4,9.97,0.026,4.39,1491.0
2025-01-03 21:10:00,70.28,10.35,0.0275,4.56,1513.0
2025-01-03 21:11:00,70.28,9.87,0.0204,4.48,1465.0
2025-01-03 21:12:00,70.45,10.17,0.0211,4.57,1496.0
2025-01-03 21:13:00,69.88,9.74,0.0277,4.5,1515.0
2025-01-03 21:14:00,70.12,9.72,0.0241,4.43,1510.0
2025-01-03 21:15:00,70.07,9.6,0.0254,4.56,1524.0
2025-01-03 21:16:00,70.46,10.23,0.0273,4.38,1510.0
2025-01-03 21:17:00,70.13,10.13,0.0275,4.46,1488.0
2025-01-03 21:18:00,70.11,9.87,0.0251,4.52,1475.0
2025-01-03 21:19:00,69.81,9.78,0.0216,4.46,1495.0
2025-01-03 21:20:00,70.46,10.15,0.0259,4.54,1512.0
2025-01-03 21:21:00,69.34,10.08,0.0214,4.48,1489.0
2025-01-03 21:22:00,69.89,9.94,0.0277,4.47,1529.0
2025-01-03 21:23:00,69.55,9.83,0.0236,4.51,1508.0
2025-01-03 21:24:00,69.72,10.0,0.0204,4.47,1517.0
2025-01-03 21:25:00,69.83,9.8,0.019,4.52,1498.0
2025-01-03 21:26:00,70.64,9.92,0.0264,4.56,1503.0
2025-01-03 21:27:00,69.63,10.07,0.0219,4.61,1497.0
2025-01-03 21:28:00,69.9,9.93,0.03,4.47,1519.0
2025-01-03 21:29:00,70.01,10.37,0.0192,4.47,1504.0
2025-01-03 21:30:00,70.22,9.92,0.0202,4.51,1498.0
2025-01-03 21:31:00,70.22,9.96,0.0285,4.58,1470.0
2025-01-03 21:32:00,70.22,9.61,0.0266,4.42,1501.0
2025-01-03 21:33:00,69.95,9.64,0.0273,4.54,1494.0
2025-01-03 21:34:00,69.54,10.46,0.0198,4.49,1515.0
2025-01-03 21:35:00,70.16,9.94,0.0251,4.43,1504.0
2025-01-03 21:36:00,70.15,10.18,0.0263,4.52,1479.0
2025-01-03 21:37:00,70.16,9.98,0.0262,4.57,1537.0
2025-01-03 21:38:00,70.09,10.14,0.023,4.51,1506.0
2025-01-03 21:39:00,69.85,9.97,0.0203,4.56,1504.0
2025-01-03 21:40:00,70.32,10.13,0.0206,4.48,1490.0
2025-01-03 21:41:00,70.05,10.06,0.0219,4.51,1507.0
2025-01-03 21:42:00,70.04,10.12,0.0218,4.46,1496.0
2025-01-03 21:43:00,70.2,9.99,0.0253,4.6,1513.0
2025-01-03 21:44:00,69.83,10.3,0.0249,4.43,1490.0
2025-01-03 21:45:00,69.74,10.17,0.0252,4.51,1527.0
2025-01-03 21:46:00,70.64,10.12,0.0205,4.53,1463.0
2025-01-03 21:47:00,70.04,10.2,0.0226,4.45,1491.0
2025-01-03 21:48:00,69.78,10.0,0.0219,4.53,1514.0
2025-01-03 21:49:00,70.11,9.79,0.0278,4.42,1477.0
2025-01-03 21:50:00,69.86,9.85,0.027,4.48,1487.0
2025-01-03 21:51:00,70.14,9.99,0.0217,4.49,1500.0
2025-01-03 21:52:00,69.37,9.9,0.0285,4.43,1494.0
2025-01-03 21:53:00,69.79,10.0,0.0254,4.52,1493.0
2025-01-03 21:54:00,69.91,9.84,0.023,4.55,1505.0
2025-01-03 21:55:00,69.85,10.01,0.0177,4.56,1483.0
2025-01-03 21:56:00,69.87,10.05,0.0291,4.45,1530.0
2025-01-03 21:57:00,70.3,10.11,0.0252,4.5,1514.0
2025-01-03 21:58:00,69.64,10.12,0.0233,4.48,1489.0
2025-01-03 21:59:00,70.02,9.92,0.0269,4.43,1503.0
2025-01-03 22:00:00,70.47,10.02,0.0237,4.54,1503.0
2025-01-03 22:01:00,70.5,9.92,0.0266,4.46,1503.0
2025-01-03 22:02:00,69.93,9.69,0.0283,4.5,1488.0
2025-01-03 22:03:00,69.62,9.8,0.0228,4.59,1507.0
2025-01-03 22:04:00,69.56,10.21,0.0253,4.57,1486.0
2025-01-03 22:05:00,69.72,10.04,0.03,4.44,1517.0
2025-01-03 22:06:00,70.65,10.0,0.0251,4.61,1490.0
2025-01-03 22:07:00,69.92,9.91,0.0166,4.41,1503.0
2025-01-03 22:08:00,70.02,10.13,0.0237,4.53,1516.0
2025-01-03 22:09:00,70.14,10.09,0.0261,4.42,1488.0
2025-01-03 22:10:00,69.81,10.24,0.0225,4.41,1535.0
2025-01-03 22:11:00,70.03,10.33,0.0257,4.47,1467.0
2025-01-03 22:12:00,70.18,10.14,0.0244,4.5,1498.0
2025-01-03 22:13:00,70.2,9.95,0.0258,4.61,1479.0
2025-01-03 22:14:00,70.1,9.63,0.0327,4.55,1496.0
2025-01-03 22:15:00,70.2,10.27,0.0246,4.54,1484.0
2025-01-03 22:16:00,70.26,9.98,0.0217,4.53,1502.0
2025-01-03 22:17:00,69.95,10.01,0.0235,4.45,1478.0
2025-01-03 22:18:00,69.96,9.5,0.0217,4.46,1509.0
2025-01-03 22:19:00,69.81,9.73,0.0244,4.53,1500.0
2025-01-03 22:20:00,70.22,9.9,0.0283,4.42,1515.0
2025-01-03 22:21:00,70.15,10.04,0.0277,4.5,1506.0
2025-01-03 22:22:00,69.77,10.0,0.0221,4.44,1520.0
2025-01-03 22:23:00,69.94,9.84,0.0218,4.5,1491.0
2025-01-03 22:24:00,70.14,10.05,0.0249,4.49,1498.0
2025-01-03 22:25:00,69.78,9.88,0.0217,4.47,1481.0
2025-01-03 22:26:00,70.12,10.29,0.0289,4.5,1501.0
2025-01-03 22:27:00,69.99,10.17,0.0247,4.51,1523.0
2025-01-03 22:28:00,69.92,10.06,0.0187,4.48,1461.0
2025-01-03 22:29:00,69.76,9.73,0.0264,4.47,1507.0
2025-01-03 22:30:00,70.3,9.81,0.0303,4.51,1475.0
2025-01-03 22:31:00,69.76,9.9,0.0192,4.48,1525.0
2025-01-03 22:32:00,69.82,10.53,0.0245,4.39,1505.0
2025-01-03 22:33:00,69.81,9.88,0.0225,4.5,1513.0
2025-01-03 22:34:00,69.97,10.14,0.0196,4.51,1503.0
2025-01-03 22:35:00,70.19,10.03,0.0182,4.42,1515.0
2025-01-03 22:36:00,70.16,9.85,0.0302,4.47,1481.0
2025-01-03 22:37:00,69.82,10.11,0.0312,4.52,1451.0
2025-01-03 22:38:00,69.64,10.05,0.0268,4.48,1514.0
2025-01-03 22:39:00,69.73,9.97,0.0236,4.46,1486.0
2025-01-03 22:40:00,69.69,10.17,0.0226,4.46,1494.0
2025-01-03 22:41:00,69.94,10.2,0.0263,4.51,1507.0
2025-01-03 22:42:00,69.92,10.16,0.0244,4.6,1470.0
2025-01-03 22:43:00,70.18,10.07,0.0277,4.48,1499.0
2025-01-03 22:44:00,70.55,9.84,0.0213,4.48,1529.0
2025-01-03 22:45:00,70.17,10.17,0.0286,4.5,1508.0
2025-01-03 22:46:00,70.07,10.16,0.023,4.38,1504.0
2025-01-03 22:47:00,69.96,10.17,0.0283,4.5,1495.0
2025-01-03 22:48:00,69.83,9.97,0.0305,4.52,1497.0
2025-01-03 22:49:00,69.54,10.1,0.0262,4.43,1503.0
2025-01-03 22:50:00,70.01,10.31,0.0256,4.54,1486.0
2025-01-03 22:51:00,70.01,10.07,0.0279,4.52,1478.0
2025-01-03 22:52:00,70.5,9.92,0.0285,4.54,1494.0
2025-01-03 22:53:00,69.92,10.08,0.0237,4.5,1474.0
2025-01-03 22:54:00,70.02,9.67,0.0232,4.51,1496.0
2025-01-03 22:55:00,69.41,10.34,0.0248,4.55,1502.0
2025-01-03 22:56:00,70.1,10.11,0.0239,4.59,1485.0
2025-01-03 22:57:00,69.79,9.87,0.028,4.51,1491.0
2025-01-03 22:58:00,70.01,10.05,0.0257,4.48,1494.0
2025-01-03 22:59:00,69.44,10.18,0.02,4.48,1479.0
2025-01-03 23:00:00,70.23,10.15,0.0248,4.44,1473.0
2025-01-03 23:01:00,69.36,9.89,0.0258,4.46,1506.0
2025-01-03 23:02:00,70.25,10.3,0.0258,4.54,1483.0
2025-01-03 23:03:00,70.18,10.03,0.024,4.49,1494.0
2025-01-03 23:04:00,70.18,9.98,0.0259,4.52,1535.0
2025-01-03 23:05:00,69.84,10.1,0.0281,4.5,1501.0
2025-01-03 23:06:00,70.12,10.14,0.0243,4.48,1483.0
2025-01-03 23:07:00,69.99,9.81,0.0274,4.5,1496.0
2025-01-03 23:08:00,70.02,9.77,0.0272,4.56,1496.0
2025-01-03 23:09:00,70.06,9.67,0.0269,4.47,1496.0
2025-01-03 23:10:00,70.31,9.93,0.0236,4.53,1504.0
2025-01-03 23:11:00,70.16,9.78,0.024,4.57,1533.0
2025-01-03 23:12:00,69.6,10.31,0.0257,4.46,1476.0
2025-01-03 23:13:00,70.24,9.88,0.0246,4.58,1495.0
2025-01-03 23:14:00,69.25,10.14,0.0303,4.53,1494.0
2025-01-03 23:15:00,69.69,9.79,0.0222,4.48,1514.0
2025-01-03 23:16:00,70.3,9.92,0.0289,4.55,1476.0
2025-01-03 23:17:00,70.03,9.95,0.022,4.61,1489.0
2025-01-03 23:18:00,70.02,10.29,0.0227,4.53,1491.0
2025-01-03 23:19:00,69.79,10.14,0.0307,4.54,1501.0
2025-01-03 23:20:00,69.57,10.14,0.0182,4.48,1517.0
2025-01-03 23:21:00,70.39,10.09,0.0238,4.55,1508.0
2025-01-03 23:22:00,70.01,10.05,0.0248,4.55,1500.0
2025-01-03 23:23:00,69.92,10.24,0.0269,4.56,1492.0
2025-01-03 23:24:00,70.15,9.94,0.0237,4.46,1505.0
2025-01-03 23:25:00,69.73,9.64,0.0262,4.5,1476.0
2025-01-03 23:26:00,70.1,9.68,0.0235,4.42,1500.0
2025-01-03 23:27:00,70.12,10.13,0.0304,4.51,1482.0
2025-01-03 23:28:00,70.47,9.77,0.0254,4.55,1487.0
2025-01-03 23:29:00,70.04,10.03,0.0206,4.49,1498.0
2025-01-03 23:30:00,70.1,10.03,0.0258,4.43,1487.0
2025-01-03 23:31:00,69.43,10.37,0.026,4.47,1504.0
2025-01-03 23:32:00,70.03,9.7,0.0184,4.53,1492.0
2025-01-03 23:33:00,69.91,9.76,0.0168,4.47,1496.0
2025-01-03 23:34:00,70.74,9.73,0.0233,4.52,1488.0
2025-01-03 23:35:00,69.8,10.03,0.0336,4.52,1491.0
2025-01-03 23:36:00,70.01,10.07,0.0249,4.53,1512.0
2025-01-03 23:37:00,69.88,9.86,0.0252,4.51,1500.0
2025-01-03 23:38:00,85.22,12.94,0.222,4.49,1494.0
2025-01-03 23:39:00,69.8,10.31,0.0285,4.49,1460.0
2025-01-03 23:40:00,70.31,9.82,0.0209,4.56,1500.0
2025-01-03 23:41:00,69.88,9.8,0.0252,4.53,1503.0
2025-01-03 23:42:00,70.29,9.67,0.0233,4.48,1523.0
2025-01-03 23:43:00,70.06,10.17,0.0223,4.59,1512.0
2025-01-03 23:44:00,69.77,10.34,0.0224,4.38,1493.0
2025-01-03 23:45:00,70.28,9.82,0.0236,4.54,1467.0
2025-01-03 23:46:00,69.8,9.76,0.0255,4.46,1513.0
2025-01-03 23:47:00,70.0,10.05,0.0234,4.48,1518.0
2025-01-03 23:48:00,70.02,9.61,0.026,4.46,1483.0
2025-01-03 23:49:00,70.14,9.65,0.0258,4.51,1511.0
2025-01-03 23:50:00,70.54,10.03,0.025,4.56,1523.0
2025-01-03 23:51:00,69.83,9.74,0.0265,4.52,1482.0
2025-01-03 23:52:00,70.29,9.9,0.0261,4.56,1499.0
2025-01-03 23:53:00,69.73,10.15,0.025,4.56,1509.0
2025-01-03 23:54:00,70.0,10.02,0.0295,4.49,1491.0
2025-01-03 23:55:00,70.0,10.2,0.0236,4.49,1486.0
2025-01-03 23:56:00,69.84,9.87,0.0233,4.53,1495.0
2025-01-03 23:57:00,70.3,9.98,0.0211,4.45,1527.0
2025-01-03 23:58:00,70.17,9.88,0.0259,4.54,1509.0
2025-01-03 23:59:00,70.1,10.1,0.0269,4.44,1515.0
2025-01-04 00:00:00,69.74,8.0,0.0137,3.22,1200.0
2025-01-04 00:01:00,70.38,8.0,0.0187,3.14,1200.0
2025-01-04 00:02:00,69.8,8.0,0.0149,3.21,1200.0
2025-01-04 00:03:00,69.8,8.0,0.0183,3.09,1200.0
2025-01-04 00:04:00,69.79,8.0,0.0192,3.13,1200.0
2025-01-04 00:05:00,69.89,8.0,0.0164,3.11,1200.0
2025-01-04 00:06:00,70.02,8.0,0.0205,3.19,1200.0
2025-01-04 00:07:00,69.72,8.0,0.0191,3.18,1200.0
2025-01-04 00:08:00,70.02,8.0,0.0184,3.14,1200.0
2025-01-04 00:09:00,69.42,8.0,0.0169,3.17,1200.0
2025-01-04 00:10:00,69.87,8.0,0.0161,3.19,1200.0
2025-01-04 00:11:00,70.37,8.0,0.0147,3.1,1200.0
2025-01-04 00:12:00,70.02,8.0,0.0173,3.11,1200.0
2025-01-04 00:13:00,69.73,8.0,0.0198,3.19,1200.0
2025-01-04 00:14:00,70.43,8.0,0.0149,3.13,1200.0
2025-01-04 00:15:00,69.83,8.0,0.0163,3.16,1200.0
2025-01-04 00:16:00,70.1,8.0,0.0198,3.19,1200.0
2025-01-04 00:17:00,69.82,8.0,0.0126,3.06,1200.0
2025-01-04 00:18:00,69.81,8.0,0.0127,3.14,1200.0
2025-01-04 00:19:00,69.81,8.0,0.0183,3.13,1200.0
2025-01-04 00:20:00,69.63,8.0,0.0187,3.25,1200.0
2025-01-04 00:21:00,70.2,8.0,0.0205,3.16,1200.0
2025-01-04 00:22:00,70.36,8.0,0.015,3.16,1200.0
2025-01-04 00:23:00,70.37,8.0,0.0175,3.16,1200.0
2025-01-04 00:24:00,70.35,8.0,0.017,3.2,1200.0
2025-01-04 00:25:00,70.17,8.0,0.0147,3.13,1200.0
2025-01-04 00:26:00,69.72,8.0,0.0105,3.12,1200.0
2025-01-04 00:27:00,69.83,8.0,0.0183,3.07,1200.0
2025-01-04 00:28:00,70.09,8.0,0.0131,3.22,1200.0
2025-01-04 00:29:00,69.55,8.0,0.0212,3.2,1200.0
2025-01-04 00:30:00,69.82,8.0,0.0123,3.22,1200.0
2025-01-04 00:31:00,70.03,8.0,0.0196,3.2,1200.0
2025-01-04 00:32:00,69.81,8.0,0.02,3.14,1200.0
2025-01-04 00:33:00,70.24,8.0,0.0218,3.17,1200.0
2025-01-04 00:34:00,70.33,8.0,0.0137,3.12,1200.0
2025-01-04 00:35:00,70.37,8.0,0.0189,3.08,1200.0
2025-01-04 00:36:00,69.8,8.0,0.021,3.16,1200.0
2025-01-04 00:37:00,70.26,8.0,0.0131,3.19,1200.0
2025-01-04 00:38:00,70.0,8.0,0.0194,3.22,1200.0
2025-01-04 00:39:00,69.53,8.0,0.0218,3.26,1200.0
2025-01-04 00:40:00,70.3,8.0,0.0157,3.19,1200.0
2025-01-04 00:41:00,69.57,8.0,0.0169,3.09,1200.0
2025-01-04 00:42:00,69.86,8.0,0.0176,3.13,1200.0
2025-01-04 00:43:00,70.14,8.0,0.0178,3.27,1200.0
2025-01-04 00:44:00,70.24,8.0,0.0173,3.11,1200.0
2025-01-04 00:45:00,69.68,8.0,0.021,3.12,1200.0
2025-01-04 00:46:00,69.49,8.0,0.0173,3.15,1200.0
2025-01-04 00:47:00,69.84,8.0,0.0156,3.2,1200.0
2025-01-04 00:48:00,69.98,8.0,0.0157,3.07,1200.0
2025-01-04 00:49:00,70.04,8.0,0.0169,3.11,1200.0
2025-01-04 00:50:00,69.98,8.0,0.0207,3.07,1200.0
2025-01-04 00:51:00,69.9,8.0,0.0196,3.14,1200.0
2025-01-04 00:52:00,70.22,8.0,0.0212,3.17,1200.0
2025-01-04 00:53:00,69.84,8.0,0.0184,3.24,1200.0
2025-01-04 00:54:00,70.11,8.0,0.0217,3.11,1200.0
2025-01-04 00:55:00,69.9,8.0,0.019,3.2,1200.0
2025-01-04 00:56:00,69.74,8.0,0.019,3.24,1200.0
2025-01-04 00:57:00,69.78,8.0,0.0219,3.2,1200.0
2025-01-04 00:58:00,69.82,8.0,0.0152,3.12,1200.0
2025-01-04 00:59:00,70.36,8.0,0.0177,3.18,1200.0
2025-01-04 01:00:00,69.83,8.0,0.0188,3.28,1200.0
2025-01-04 01:01:00,70.13,8.0,0.0199,3.13,1200.0
2025-01-04 01:02:00,70.41,8.0,0.0194,3.17,1200.0
2025-01-04 01:03:00,70.03,8.0,0.0204,3.12,1200.0
2025-01-04 01:04:00,69.58,8.0,0.0169,3.13,1200.0
2025-01-04 01:05:00,70.18,8.0,0.0196,3.09,1200.0
2025-01-04 01:06:00,70.28,8.0,0.0128,3.19,1200.0
2025-01-04 01:07:00,70.43,8.0,0.0129,3.13,1200.0
2025-01-04 01:08:00,70.01,8.0,0.0162,3.14,1200.0
2025-01-04 01:09:00,70.08,8.0,0.0167,3.14,1200.0
2025-01-04 01:10:00,70.14,8.0,0.0151,3.17,1200.0
2025-01-04 01:11:00,69.8,8.0,0.0131,3.16,1200.0
2025-01-04 01:12:00,69.32,8.0,0.0183,3.18,1200.0
2025-01-04 01:13:00,69.59,8.0,0.0157,3.15,1200.0
2025-01-04 01:14:00,70.4,8.0,0.0178,3.05,1200.0
2025-01-04 01:15:00,69.91,8.0,0.0186,3.22,1200.0
2025-01-04 01:16:00,70.28,8.0,0.0124,3.06,1200.0
2025-01-04 01:17:00,69.99,8.0,0.0139,3.23,1200.0
2025-01-04 01:18:00,69.51,8.0,0.0168,3.12,1200.0
2025-01-04 01:19:00,70.17,8.0,0.0104,3.07,1200.0
2025-01-04 01:20:00,69.93,8.0,0.0145,3.17,1200.0
2025-01-04 01:21:00,70.07,8.0,0.0177,3.12,1200.0
2025-01-04 01:22:00,70.25,8.0,0.0217,3.23,1200.0
2025-01-04 01:23:00,69.99,8.0,0.0227,3.0,1200.0
2025-01-04 01:24:00,70.17,8.0,0.0193,3.25,1200.0
2025-01-04 01:25:00,69.83,8.0,0.0156,3.24,1200.0
2025-01-04 01:26:00,70.06,8.0,0.0173,3.23,1200.0
2025-01-04 01:27:00,70.15,8.0,0.0139,3.11,1200.0
2025-01-04 01:28:00,70.71,8.0,0.0196,3.22,1200.0
2025-01-04 01:29:00,69.68,8.0,0.0147,3.13,1200.0
2025-01-04 01:30:00,70.02,8.0,0.0136,3.05,1200.0
2025-01-04 01:31:00,69.86,8.0,0.0179,3.05,1200.0
2025-01-04 01:32:00,69.76,8.0,0.0217,3.12,1200.0
2025-01-04 01:33:00,69.78,8.0,0.0151,3.14,1200.0
2025-01-04 01:34:00,69.98,8.0,0.017,3.12,1200.0
2025-01-04 01:35:00,69.37,8.0,0.0135,3.19,1200.0
2025-01-04 01:36:00,70.16,8.0,0.0198,3.15,1200.0
2025-01-04 01:37:00,69.93,8.0,0.0204,3.12,1200.0
2025-01-04 01:38:00,69.9,8.0,0.0204,3.16,1200.0
2025-01-04 01:39:00,70.56,8.0,0.0208,3.18,1200.0
2025-01-04 01:40:00,69.85,8.0,0.0147,3.15,1200.0
2025-01-04 01:41:00,70.0,8.0,0.0151,3.14,1200.0
2025-01-04 01:42:00,70.22,8.0,0.0147,3.17,1200.0
2025-01-04 01:43:00,70.11,8.0,0.0223,3.19,1200.0
2025-01-04 01:44:00,69.95,8.0,0.019,3.19,1200.0
2025-01-04 01:45:00,70.0,8.0,0.0178,3.11,1200.0
2025-01-04 01:46:00,70.14,8.0,0.0222,3.25,1200.0
2025-01-04 01:47:00,69.36,8.0,0.0138,3.2,1200.0
2025-01-04 01:48:00,69.94,8.0,0.018,3.19,1200.0
2025-01-04 01:49:00,70.4,8.0,0.0139,3.09,1200.0
2025-01-04 01:50:00,70.12,8.0,0.0219,3.12,1200.0
2025-01-04 01:51:00,69.96,8.0,0.021,3.26,1200.0
2025-01-04 01:52:00,69.82,8.0,0.0187,3.25,1200.0
2025-01-04 01:53:00,69.71,8.0,0.0149,3.14,1200.0
2025-01-04 01:54:00,70.28,8.0,0.0139,3.15,1200.0
2025-01-04 01:55:00,69.91,8.0,0.0181,3.18,1200.0
2025-01-04 01:56:00,69.98,8.0,0.0119,3.17,1200.0
2025-01-04 01:57:00,70.27,8.0,0.0086,3.12,1200.0
2025-01-04 01:58:00,70.26,8.0,0.0214,3.17,1200.0
2025-01-04 01:59:00,69.8,8.0,0.0164,3.3,1200.0
2025-01-04 02:00:00,69.83,8.0,0.0118,3.08,1200.0
2025-01-04 02:01:00,70.17,8.0,0.0188,3.19,1200.0
2025-01-04 02:02:00,70.19,8.0,0.018,3.18,1200.0
2025-01-04 02:03:00,69.85,8.0,0.0152,3.21,1200.0
2025-01-04 02:04:00,69.66,8.0,0.016,3.17,1200.0
2025-01-04 02:05:00,69.87,8.0,0.0231,3.23,1200.0
2025-01-04 02:06:00,70.16,8.0,0.0174,3.14,1200.0
2025-01-04 02:07:00,69.63,8.0,0.0177,3.16,1200.0
2025-01-04 02:08:00,70.07,8.0,0.0261,3.04,1200.0
2025-01-04 02:09:00,70.45,8.0,0.0177,3.15,1200.0
2025-01-04 02:10:00,69.85,8.0,0.0206,3.15,1200.0
2025-01-04 02:11:00,70.21,8.0,0.0182,3.12,1200.0
2025-01-04 02:12:00,70.15,8.0,0.0211,3.11,1200.0
2025-01-04 02:13:00,69.76,8.0,0.0188,3.2,1200.0
2025-01-04 02:14:00,69.97,8.0,0.0178,3.1,1200.0
2025-01-04 02:15:00,69.39,8.0,0.0193,3.16,1200.0
2025-01-04 02:16:00,70.09,8.0,0.0191,3.0,1200.0
2025-01-04 02:17:00,69.75,8.0,0.0159,3.19,1200.0
2025-01-04 02:18:00,69.87,8.0,0.0164,3.16,1200.0
2025-01-04 02:19:00,70.41,8.0,0.02,3.14,1200.0
2025-01-04 02:20:00,70.57,8.0,0.016,3.18,1200.0
2025-01-04 02:21:00,69.55,8.0,0.0183,3.17,1200.0
2025-01-04 02:22:00,69.51,8.0,0.0195,3.14,1200.0
2025-01-04 02:23:00,69.61,8.0,0.0137,3.18,1200.0
2025-01-04 02:24:00,70.25,8.0,0.0146,3.23,1200.0
2025-01-04 02:25:00,70.22,8.0,0.0177,3.17,1200.0
2025-01-04 02:26:00,70.31,8.0,0.0196,3.11,1200.0
2025-01-04 02:27:00,70.17,8.0,0.0212,3.22,1200.0
2025-01-04 02:28:00,69.86,8.0,0.0241,3.15,1200.0
2025-01-04 02:29:00,70.27,8.0,0.0139,3.19,1200.0
2025-01-04 02:30:00,69.77,8.0,0.015,3.02,1200.0
2025-01-04 02:31:00,69.78,8.0,0.0231,3.15,1200.0
2025-01-04 02:32:00,70.08,8.0,0.0187,3.19,1200.0
2025-01-04 02:33:00,69.94,8.0,0.0203,3.2,1200.0
2025-01-04 02:34:00,69.88,8.0,0.0155,3.2,1200.0
2025-01-04 02:35:00,70.42,8.0,0.0183,3.09,1200.0
2025-01-04 02:36:00,69.44,8.0,0.0223,3.16,1200.0
2025-01-04 02:37:00,70.01,8.0,0.0167,3.17,1200.0
2025-01-04 02:38:00,69.81,8.0,0.0141,3.13,1200.0
2025-01-04 02:39:00,69.77,8.0,0.0182,3.12,1200.0
2025-01-04 02:40:00,70.23,8.0,0.0207,3.11,1200.0
2025-01-04 02:41:00,70.05,8.0,0.0236,3.2,1200.0
2025-01-04 02:42:00,70.23,8.0,0.0152,3.18,1200.0
2025-01-04 02:43:00,69.86,8.0,0.0166,3.18,1200.0
2025-01-04 02:44:00,69.77,8.0,0.0119,3.1,1200.0
2025-01-04 02:45:00,70.19,8.0,0.0177,3.08,1200.0
2025-01-04 02:46:00,70.02,8.0,0.0191,3.18,1200.0
2025-01-04 02:47:00,70.14,8.0,0.0182,3.18,1200.0
2025-01-04 02:48:00,84.45,9.99,0.2184,3.15,1200.0
2025-01-04 02:49:00,70.04,8.0,0.0153,3.12,1200.0
2025-01-04 02:50:00,69.89,8.0,0.0217,3.13,1200.0
2025-01-04 02:51:00,70.17,8.0,0.0146,3.21,1200.0
2025-01-04 02:52:00,70.08,8.0,0.013,3.16,1200.0
2025-01-04 02:53:00,69.83,8.0,0.0158,3.14,1200.0
2025-01-04 02:54:00,69.89,8.0,0.0207,3.21,1200.0
2025-01-04 02:55:00,69.94,8.0,0.0161,3.13,1200.0
2025-01-04 02:56:00,70.3,8.0,0.0209,3.23,1200.0
2025-01-04 02:57:00,70.58,8.0,0.021,3.13,1200.0
2025-01-04 02:58:00,70.41,8.0,0.0148,3.1,1200.0
2025-01-04 02:59:00,69.72,8.0,0.0177,3.23,1200.0
2025-01-04 03:00:00,69.66,8.0,0.0197,3.15,1200.0
2025-01-04 03:01:00,69.76,8.0,0.0175,3.14,1200.0
2025-01-04 03:02:00,69.93,8.0,0.0178,3.12,1200.0
2025-01-04 03:03:00,69.61,8.0,0.0134,3.17,1200.0
2025-01-04 03:04:00,69.56,8.0,0.0162,3.18,1200.0
2025-01-04 03:05:00,69.66,8.0,0.022,3.06,1200.0
2025-01-04 03:06:00,70.03,8.0,0.0208,3.15,1200.0
2025-01-04 03:07:00,70.14,8.0,0.0185,3.22,1200.0
2025-01-04 03:08:00,69.4,8.0,0.0175,3.17,1200.0
2025-01-04 03:09:00,70.0,8.0,0.0163,3.0,1200.0
2025-01-04 03:10:00,69.74,8.0,0.0135,3.08,1200.0
2025-01-04 03:11:00,69.84,8.0,0.016,3.18,1200.0
2025-01-04 03:12:00,69.67,8.0,0.0153,3.24,1200.0
2025-01-04 03:13:00,70.14,8.0,0.016,3.14,1200.0
2025-01-04 03:14:00,69.9,8.0,0.0159,3.28,1200.0
2025-01-04 03:15:00,70.38,8.0,0.0198,3.21,1200.0
2025-01-04 03:16:00,69.91,8.0,0.0192,3.06,1200.0
2025-01-04 03:17:00,70.51,8.0,0.0145,3.22,1200.0
2025-01-04 03:18:00,70.1,8.0,0.0104,3.12,1200.0
2025-01-04 03:19:00,70.43,8.0,0.0175,3.14,1200.0
2025-01-04 03:20:00,69.8,8.0,0.0118,3.16,1200.0
2025-01-04 03:21:00,70.09,8.0,0.0119,3.12,1200.0
2025-01-04 03:22:00,70.21,8.0,0.0195,3.07,1200.0
2025-01-04 03:23:00,69.78,8.0,0.0183,3.18,1200.0
2025-01-04 03:24:00,69.7,8.0,0.0179,3.01,1200.0
2025-01-04 03:25:00,70.5,8.0,0.0181,3.19,1200.0
2025-01-04 03:26:00,69.54,8.0,0.0167,3.22,1200.0
2025-01-04 03:27:00,69.57,8.0,0.0157,3.03,1200.0
2025-01-04 03:28:00,69.69,8.0,0.0162,3.07,1200.0
2025-01-04 03:29:00,70.04,8.0,0.0106,3.02,1200.0
2025-01-04 03:30:00,69.64,8.0,0.0188,3.21,1200.0
2025-01-04 03:31:00,70.13,8.0,0.0239,3.1,1200.0
2025-01-04 03:32:00,69.59,8.0,0.0144,3.17,1200.0
2025-01-04 03:33:00,70.05,8.0,0.0224,3.18,1200.0
2025-01-04 03:34:00,69.67,8.0,0.0161,3.18,1200.0
2025-01-04 03:35:00,69.84,8.0,0.0161,3.18,1200.0
2025-01-04 03:36:00,69.85,8.0,0.0188,3.17,1200.0
2025-01-04 03:37:00,69.83,8.0,0.0206,3.2,1200.0
2025-01-04 03:38:00,69.78,8.0,0.0173,3.13,1200.0
2025-01-04 03:39:00,70.01,8.0,0.0146,3.06,1200.0
2025-01-04 03:40:00,69.69,8.0,0.0173,3.23,1200.0
2025-01-04 03:41:00,69.85,8.0,0.021,3.15,1200.0
2025-01-04 03:42:00,69.69,8.0,0.0161,3.16,1200.0
2025-01-04 03:43:00,69.79,8.0,0.0188,3.17,1200.0
2025-01-04 03:44:00,70.02,8.0,0.0152,3.23,1200.0
2025-01-04 03:45:00,70.17,8.0,0.0168,3.27,1200.0
2025-01-04 03:46:00,69.63,8.0,0.0199,3.2,1200.0
2025-01-04 03:47:00,69.89,8.0,0.0139,3.18,1200.0
2025-01-04 03:48:00,70.02,8.0,0.0162,3.17,1200.0
2025-01-04 03:49:00,69.91,8.0,0.0192,3.17,1200.0
2025-01-04 03:50:00,70.25,8.0,0.0189,3.12,1200.0
2025-01-04 03:51:00,69.4,8.0,0.0179,3.14,1200.0
2025-01-04 03:52:00,69.31,8.0,0.0232,3.2,1200.0
2025-01-04 03:53:00,69.86,8.0,0.0161,3.18,1200.0
2025-01-04 03:54:00,70.11,8.0,0.0141,3.13,1200.0
2025-01-04 03:55:00,70.13,8.0,0.0231,3.17,1200.0
2025-01-04 03:56:00,70.48,8.0,0.0146,3.13,1200.0
2025-01-04 03:57:00,69.83,8.0,0.0237,3.16,1200.0
2025-01-04 03:58:00,70.17,8.0,0.0148,3.21,1200.0
2025-01-04 03:59:00,69.51,8.0,0.0148,3.15,1200.0
2025-01-04 04:00:00,70.32,8.0,0.0137,3.16,1200.0
2025-01-04 04:01:00,69.75,8.0,0.0156,3.11,1200.0
2025-01-04 04:02:00,70.08,8.0,0.0179,3.11,1200.0
2025-01-04 04:03:00,69.8,8.0,0.0144,3.17,1200.0
2025-01-04 04:04:00,70.03,8.0,0.0203,3.15,1200.0
2025-01-04 04:05:00,69.97,8.0,0.0148,3.17,1200.0
2025-01-04 04:06:00,69.8,8.0,0.0165,3.09,1200.0
2025-01-04 04:07:00,70.03,8.0,0.0157,3.1,1200.0
2025-01-04 04:08:00,70.12,8.0,0.0182,3.1,1200.0
2025-01-04 04:09:00,69.98,8.0,0.0133,3.05,1200.0
2025-01-04 04:10:00,70.45,8.0,0.0195,3.15,1200.0
2025-01-04 04:11:00,70.14,8.0,0.0131,3.1,1200.0
2025-01-04 04:12:00,70.19,8.0,0.015,3.16,1200.0
2025-01-04 04:13:00,69.97,8.0,0.0165,3.17,1200.0
2025-01-04 04:14:00,69.72,8.0,0.0226,3.13,1200.0
2025-01-04 04:15:00,70.41,8.0,0.0164,3.14,1200.0
2025-01-04 04:16:00,70.03,8.0,0.0189,3.08,1200.0
2025-01-04 04:17:00,69.56,8.0,0.016,3.15,1200.0
2025-01-04 04:18:00,70.48,8.0,0.021,3.05,1200.0
2025-01-04 04:19:00,69.89,8.0,0.0197,3.13,1200.0
2025-01-04 04:20:00,69.96,8.0,0.0188,3.07,1200.0
2025-01-04 04:21:00,70.64,8.0,0.0179,3.17,1200.0
2025-01-04 04:22:00,70.51,8.0,0.0172,3.06,1200.0
2025-01-04 04:23:00,70.21,8.0,0.0174,3.15,1200.0
2025-01-04 04:24:00,70.01,8.0,0.0194,3.12,1200.0
2025-01-04 04:25:00,70.23,8.0,0.0167,3.2,1200.0
2025-01-04 04:26:00,70.22,8.0,0.012,3.16,1200.0
2025-01-04 04:27:00,70.0,8.0,0.019,3.16,1200.0
2025-01-04 04:28:00,70.46,8.0,0.0225,3.22,1200.0
2025-01-04 04:29:00,69.42,8.0,0.0188,3.12,1200.0
2025-01-04 04:30:00,70.12,8.0,0.0183,3.14,1200.0
2025-01-04 04:31:00,69.83,8.0,0.019,3.17,1200.0
2025-01-04 04:32:00,70.41,8.0,0.0163,3.1,1200.0
2025-01-04 04:33:00,70.21,8.0,0.0193,3.17,1200.0
2025-01-04 04:34:00,69.82,8.0,0.0163,3.19,1200.0
2025-01-04 04:35:00,69.73,8.0,0.0222,3.11,1200.0
2025-01-04 04:36:00,70.29,8.0,0.0127,3.06,1200.0
2025-01-04 04:37:00,69.79,8.0,0.0184,3.18,1200.0
2025-01-04 04:38:00,69.63,8.0,0.0219,3.22,1200.0
2025-01-04 04:39:00,69.88,8.0,0.0155,3.15,1200.0
2025-01-04 04:40:00,69.58,8.0,0.0183,3.22,1200.0
2025-01-04 04:41:00,70.4,8.0,0.0169,3.11,1200.0
2025-01-04 04:42:00,70.04,8.0,0.0171,3.14,1200.0
2025-01-04 04:43:00,69.52,8.0,0.0259,3.21,1200.0
2025-01-04 04:44:00,70.37,8.0,0.0153,3.23,1200.0
2025-01-04 04:45:00,70.94,8.0,0.0213,3.19,1200.0
2025-01-04 04:46:00,69.86,8.0,0.0165,3.13,1200.0
2025-01-04 04:47:00,70.1,8.0,0.0165,3.15,1200.0
2025-01-04 04:48:00,70.16,8.0,0.0231,3.13,1200.0
2025-01-04 04:49:00,69.83,8.0,0.0226,3.2,1200.0
2025-01-04 04:50:00,69.66,8.0,0.0198,3.21,1200.0
2025-01-04 04:51:00,70.54,8.0,0.015,3.14,1200.0
2025-01-04 04:52:00,70.14,8.0,0.0183,3.18,1200.0
2025-01-04 04:53:00,70.11,8.0,0.0169,3.15,1200.0
2025-01-04 04:54:00,69.85,8.0,0.0171,3.13,1200.0
2025-01-04 04:55:00,69.69,8.0,0.0218,3.15,1200.0
2025-01-04 04:56:00,69.58,8.0,0.0115,3.19,1200.0
2025-01-04 04:57:00,70.15,8.0,0.0201,3.15,1200.0
2025-01-04 04:58:00,70.21,8.0,0.0162,3.18,1200.0
2025-01-04 04:59:00,70.13,8.0,0.0171,3.15,1200.0
2025-01-04 05:00:00,70.28,8.0,0.0136,3.16,1200.0
2025-01-04 05:01:00,69.91,8.0,0.018,3.19,1200.0
2025-01-04 05:02:00,69.65,8.0,0.0142,3.12,1200.0
2025-01-04 05:03:00,70.41,8.0,0.0111,3.16,1200.0
2025-01-04 05:04:00,70.08,8.0,0.0173,3.22,1200.0
2025-01-04 05:05:00,69.32,8.0,0.0218,3.09,1200.0
2025-01-04 05:06:00,69.94,8.0,0.0151,3.23,1200.0
2025-01-04 05:07:00,70.05,8.0,0.016,3.18,1200.0
2025-01-04 05:08:00,70.29,8.0,0.0226,3.15,1200.0
2025-01-04 05:09:00,70.08,8.0,0.0203,3.14,1200.0
2025-01-04 05:10:00,70.26,8.0,0.0118,3.24,1200.0
2025-01-04 05:11:00,70.11,8.0,0.0218,3.16,1200.0
2025-01-04 05:12:00,69.92,8.0,0.0211,3.17,1200.0
2025-01-04 05:13:00,69.89,8.0,0.0217,3.19,1200.0
2025-01-04 05:14:00,70.08,8.0,0.0185,3.05,1200.0
2025-01-04 05:15:00,69.83,8.0,0.0191,3.13,1200.0
2025-01-04 05:16:00,69.93,8.0,0.0145,3.2,1200.0
2025-01-04 05:17:00,70.12,8.0,0.017,3.17,1200.0
2025-01-04 05:18:00,70.18,8.0,0.0217,3.08,1200.0
2025-01-04 05:19:00,70.16,8.0,0.0175,3.18,1200.0
2025-01-04 05:20:00,70.03,8.0,0.0155,3.18,1200.0
2025-01-04 05:21:00,69.96,8.0,0.02,3.11,1200.0
2025-01-04 05:22:00,69.66,8.0,0.0164,3.1,1200.0
2025-01-04 05:23:00,69.98,8.0,0.0152,3.07,1200.0
2025-01-04 05:24:00,69.73,8.0,0.0202,3.18,1200.0
2025-01-04 05:25:00,69.96,8.0,0.0183,3.16,1200.0
2025-01-04 05:26:00,70.14,8.0,0.0146,3.18,1200.0
2025-01-04 05:27:00,70.06,8.0,0.018,3.11,1200.0
2025-01-04 05:28:00,70.1,8.0,0.0224,3.2,1200.0
2025-01-04 05:29:00,69.81,8.0,0.0191,3.17,1200.0
2025-01-04 05:30:00,70.15,8.0,0.0201,3.19,1200.0
2025-01-04 05:31:00,69.82,8.0,0.0207,3.2,1200.0
2025-01-04 05:32:00,69.89,8.0,0.0192,3.18,1200.0
2025-01-04 05:33:00,69.86,8.0,0.0155,3.1,1200.0
2025-01-04 05:34:00,70.21,8.0,0.0167,3.2,1200.0
2025-01-04 05:35:00,70.31,8.0,0.0152,3.15,1200.0
2025-01-04 05:36:00,69.77,8.0,0.0106,3.13,1200.0
2025-01-04 05:37:00,69.9,8.0,0.0225,3.18,1200.0
2025-01-04 05:38:00,69.87,8.0,0.0189,3.19,1200.0
2025-01-04 05:39:00,70.35,8.0,0.0187,3.18,1200.0
2025-01-04 05:40:00,70.12,8.0,0.0163,3.23,1200.0
2025-01-04 05:41:00,70.14,8.0,0.0213,3.15,1200.0
2025-01-04 05:42:00,69.68,8.0,0.0163,3.12,1200.0
2025-01-04 05:43:00,69.47,8.0,0.0182,3.17,1200.0
2025-01-04 05:44:00,69.75,8.0,0.0216,3.16,1200.0
2025-01-04 05:45:00,70.46,8.0,0.0174,3.18,1200.0
2025-01-04 05:46:00,70.01,8.0,0.0212,3.24,1200.0
2025-01-04 05:47:00,69.92,8.0,0.0236,3.02,1200.0
2025-01-04 05:48:00,69.95,8.0,0.0146,3.14,1200.0
2025-01-04 05:49:00,69.95,8.0,0.0237,3.13,1200.0
2025-01-04 05:50:00,70.02,8.0,0.0191,3.18,1200.0
2025-01-04 05:51:00,70.22,8.0,0.0201,3.22,1200.0
2025-01-04 05:52:00,69.82,8.0,0.0112,3.11,1200.0
2025-01-04 05:53:00,69.62,8.0,0.0193,3.12,1200.0
2025-01-04 05:54:00,69.89,8.0,0.0184,3.21,1200.0
2025-01-04 05:55:00,70.33,8.0,0.02,3.19,1200.0
2025-01-04 05:56:00,70.0,8.0,0.0201,3.18,1200.0
2025-01-04 05:57:00,69.88,8.0,0.0147,3.18,1200.0
2025-01-04 05:58:00,69.92,8.0,0.0198,3.21,1200.0
2025-01-04 05:59:00,70.17,8.0,0.0143,3.17,1200.0
2025-01-04 06:00:00,74.6,8.44,0.0335,3.36,1242.0
2025-01-04 06:01:00,75.2,8.28,0.0289,3.34,1225.0
2025-01-04 06:02:00,75.1,8.36,0.0309,3.35,1205.0
2025-01-04 06:03:00,75.41,8.48,0.0286,3.37,1230.0
2025-01-04 06:04:00,74.6,8.52,0.034,3.37,1231.0
2025-01-04 06:05:00,74.63,8.06,0.0309,3.32,1247.0
2025-01-04 06:06:00,75.3,8.33,0.0317,3.37,1236.0
2025-01-04 06:07:00,80.34,8.11,0.3304,3.36,1241.0
2025-01-04 06:08:00,74.78,8.4,0.0293,3.38,1245.0
2025-01-04 06:09:00,75.19,8.34,0.0318,3.37,1226.0
2025-01-04 06:10:00,75.08,8.36,0.04,3.45,1216.0
2025-01-04 06:11:00,74.86,8.37,0.0322,3.35,1243.0
2025-01-04 06:12:00,75.24,8.23,0.03,3.4,1243.0
2025-01-04 06:13:00,74.45,8.33,0.028,3.33,1244.0
2025-01-04 06:14:00,75.09,8.03,0.0363,3.29,1245.0
2025-01-04 06:15:00,75.26,8.39,0.0353,3.34,1212.0
2025-01-04 06:16:00,75.06,8.29,0.0326,3.34,1215.0
2025-01-04 06:17:00,75.24,8.46,0.033,3.36,1243.0
2025-01-04 06:18:00,74.95,8.56,0.0317,3.4,1226.0
2025-01-04 06:19:00,75.02,8.57,0.029,3.4,1227.0
2025-01-04 06:20:00,74.6,8.55,0.0326,3.43,1210.0
2025-01-04 06:21:00,75.02,8.56,0.0321,3.34,1217.0
2025-01-04 06:22:00,75.0,8.18,0.0323,3.31,1230.0
2025-01-04 06:23:00,74.55,8.28,0.0311,3.31,1225.0
2025-01-04 06:24:00,74.57,8.35,0.0301,3.46,1220.0
2025-01-04 06:25:00,75.3,8.56,0.0298,3.37,1211.0
2025-01-04 06:26:00,74.99,8.38,0.0313,3.27,1240.0
2025-01-04 06:27:00,75.21,8.13,0.0329,3.36,1215.0
2025-01-04 06:28:00,75.34,8.63,0.0279,3.41,1210.0
2025-01-04 06:29:00,74.46,8.35,0.03,3.32,1238.0
2025-01-04 06:30:00,75.3,8.31,0.0361,3.39,1213.0
2025-01-04 06:31:00,74.62,8.06,0.0355,3.4,1250.0
2025-01-04 06:32:00,74.96,8.34,0.032,3.33,1211.0
2025-01-04 06:33:00,74.76,8.0,0.0279,3.42,1214.0
2025-01-04 06:34:00,74.96,8.28,0.0339,3.42,1202.0
2025-01-04 06:35:00,74.89,8.08,0.0318,3.28,1210.0
2025-01-04 06:36:00,74.8,8.65,0.0325,3.36,1239.0
2025-01-04 06:37:00,75.2,8.36,0.0361,3.36,1237.0
2025-01-04 06:38:00,75.1,8.23,0.0354,3.31,1225.0
2025-01-04 06:39:00,74.9,8.83,0.0284,3.31,1217.0
2025-01-04 06:40:00,75.07,8.52,0.0305,3.36,1214.0
2025-01-04 06:41:00,75.19,8.59,0.0371,3.29,1226.0
2025-01-04 06:42:00,74.7,8.5,0.0295,3.39,1217.0
2025-01-04 06:43:00,74.83,8.37,0.0314,3.36,1214.0
2025-01-04 06:44:00,74.89,8.37,0.0277,3.4,1230.0
2025-01-04 06:45:00,75.09,8.29,0.0354,3.31,1213.0
2025-01-04 06:46:00,75.41,8.28,0.0334,3.38,1246.0
2025-01-04 06:47:00,75.02,8.49,0.0284,3.28,1215.0
2025-01-04 06:48:00,74.96,8.56,0.0302,3.4,1212.0
2025-01-04 06:49:00,75.1,8.37,0.0327,3.41,1235.0
2025-01-04 06:50:00,75.12,8.18,0.0343,3.36,1206.0
2025-01-04 06:51:00,75.18,8.34,0.034,3.42,1231.0
2025-01-04 06:52:00,75.45,8.43,0.0395,3.42,1218.0
2025-01-04 06:53:00,75.0,8.49,0.0293,3.3,1224.0
2025-01-04 06:54:00,75.3,8.54,0.0362,3.32,1214.0
2025-01-04 06:55:00,75.19,8.11,0.0271,3.32,1229.0
2025-01-04 06:56:00,75.55,8.2,0.0353,3.33,1237.0
2025-01-04 06:57:00,75.2,8.41,0.0328,3.43,1231.0
2025-01-04 06:58:00,75.13,8.46,0.0323,3.42,1224.0
2025-01-04 06:59:00,75.27,8.37,0.033,3.39,1227.0
2025-01-04 07:00:00,74.19,8.73,0.0265,3.39,1235.0
2025-01-04 07:01:00,74.77,8.53,0.034,3.34,1227.0
2025-01-04 07:02:00,75.18,8.6,0.03,3.27,1209.0
2025-01-04 07:03:00,74.94,8.58,0.0341,3.38,1239.0
2025-01-04 07:04:00,74.9,8.11,0.0359,3.28,1211.0
2025-01-04 07:05:00,74.98,8.4,0.0323,3.35,1241.0
2025-01-04 07:06:00,75.09,8.42,0.0273,3.38,1220.0
2025-01-04 07:07:00,74.91,8.63,0.029,3.49,1205.0
2025-01-04 07:08:00,74.87,8.39,0.0294,3.44,1242.0
2025-01-04 07:09:00,75.23,8.46,0.032,3.38,1247.0
2025-01-04 07:10:00,74.47,8.37,0.0284,3.35,1224.0
2025-01-04 07:11:00,74.58,8.36,0.0364,3.45,1224.0
2025-01-04 07:12:00,75.26,8.41,0.0332,3.41,1230.0
2025-01-04 07:13:00,75.72,8.69,0.0306,3.0,1200.0
2025-01-04 07:14:00,75.28,8.34,0.0309,3.35,1234.0
2025-01-04 07:15:00,75.35,8.53,0.0261,3.37,1222.0
2025-01-04 07:16:00,75.02,8.61,0.0289,3.37,1209.0
2025-01-04 07:17:00,74.72,8.56,0.0297,3.5,1224.0
2025-01-04 07:18:00,75.07,8.6,0.0291,3.3,1221.0
2025-01-04 07:19:00,75.0,8.4,0.0287,3.37,1216.0
2025-01-04 07:20:00,74.75,8.46,0.0302,3.35,1223.0
2025-01-04 07:21:00,75.06,8.36,0.026,3.35,1237.0
2025-01-04 07:22:00,75.45,8.41,0.0343,3.32,1243.0
2025-01-04 07:23:00,75.62,8.19,0.0355,3.32,1226.0
2025-01-04 07:24:00,74.64,8.75,0.0271,3.36,1249.0
2025-01-04 07:25:00,74.75,8.38,0.0352,3.42,1204.0
2025-01-04 07:26:00,74.33,8.67,0.0313,3.31,1222.0
2025-01-04 07:27:00,75.14,8.42,0.0325,3.29,1256.0
2025-01-04 07:28:00,75.17,8.71,0.0298,3.39,1223.0
2025-01-04 07:29:00,74.9,8.13,0.0339,3.31,1228.0
2025-01-04 07:30:00,74.94,8.24,0.0311,3.39,1213.0
2025-01-04 07:31:00,75.52,8.0,0.0297,3.27,1230.0
2025-01-04 07:32:00,75.23,8.91,0.0345,3.27,1242.0
2025-01-04 07:33:00,74.98,8.2,0.0289,3.26,1225.0
2025-01-04 07:34:00,75.09,8.3,0.0271,3.41,1220.0
2025-01-04 07:35:00,74.82,8.32,0.0292,3.31,1235.0
2025-01-04 07:36:00,75.51,8.3,0.0329,3.25,1228.0
2025-01-04 07:37:00,74.81,8.2,0.0314,3.42,1219.0
2025-01-04 07:38:00,75.07,8.55,0.0341,3.48,1209.0
2025-01-04 07:39:00,74.69,8.24,0.0267,3.49,1239.0
2025-01-04 07:40:00,75.05,8.37,0.032,3.37,1234.0
2025-01-04 07:41:00,75.1,8.86,0.0308,3.22,1238.0
2025-01-04 07:42:00,75.33,8.49,0.0323,3.34,1201.0
2025-01-04 07:43:00,74.79,8.11,0.0331,3.31,1243.0
2025-01-04 07:44:00,74.98,8.49,0.0297,3.45,1204.0
2025-01-04 07:45:00,74.8,8.35,0.0323,3.38,1204.0
2025-01-04 07:46:00,74.85,8.4,0.0287,3.52,1226.0
2025-01-04 07:47:00,75.29,8.27,0.0369,3.34,1214.0
2025-01-04 07:48:00,75.24,8.35,0.027,3.34,1200.0
2025-01-04 07:49:00,75.24,8.41,0.0318,3.34,1200.0
2025-01-04 07:50:00,74.96,8.54,0.0353,3.44,1200.0
2025-01-04 07:51:00,74.86,8.34,0.0314,3.35,1208.0
2025-01-04 07:52:00,75.05,8.61,0.0309,3.33,1212.0
2025-01-04 07:53:00,74.77,8.7,0.0298,3.4,1238.0
2025-01-04 07:54:00,74.99,8.14,0.0311,3.4,1200.0
2025-01-04 07:55:00,74.94,8.4,0.0281,3.39,1222.0
2025-01-04 07:56:00,74.64,8.5,0.0279,3.34,1229.0
2025-01-04 07:57:00,75.21,8.33,0.0329,3.39,1223.0
2025-01-04 07:58:00,74.77,8.52,0.0259,3.4,1219.0
2025-01-04 07:59:00,74.75,8.39,0.028,3.3,1215.0
2025-01-04 08:00:00,74.85,8.47,0.0312,3.4,1232.0
2025-01-04 08:01:00,75.59,8.57,0.0308,3.4,1248.0
2025-01-04 08:02:00,75.0,8.15,0.0322,3.38,1232.0
2025-01-04 08:03:00,74.6,8.23,0.031,3.33,1214.0
2025-01-04 08:04:00,75.02,8.3,0.0333,3.37,1246.0
2025-01-04 08:05:00,74.82,8.44,0.0365,3.29,1207.0
2025-01-04 08:06:00,75.3,8.37,0.0275,3.37,1206.0
2025-01-04 08:07:00,75.62,8.16,0.031,3.42,1213.0
2025-01-04 08:08:00,75.14,8.59,0.0323,3.36,1204.0
2025-01-04 08:09:00,74.42,8.69,0.0303,3.31,1223.0
2025-01-04 08:10:00,75.32,8.54,0.0288,3.38,1227.0
2025-01-04 08:11:00,74.81,8.26,0.0313,3.33,1231.0
2025-01-04 08:12:00,75.57,8.63,0.0319,3.32,1219.0
2025-01-04 08:13:00,74.31,8.14,0.0288,3.49,1230.0
2025-01-04 08:14:00,75.07,8.1,0.0348,3.36,1242.0
2025-01-04 08:15:00,74.69,8.48,0.0317,3.4,1228.0
2025-01-04 08:16:00,75.0,8.38,0.0308,3.35,1245.0
2025-01-04 08:17:00,74.81,8.34,0.0309,3.36,1211.0
2025-01-04 08:18:00,74.35,8.99,0.0363,3.34,1232.0
2025-01-04 08:19:00,74.89,8.56,0.0376,3.38,1237.0
2025-01-04 08:20:00,75.18,8.34,0.0287,3.38,1218.0
2025-01-04 08:21:00,75.66,8.38,0.0335,3.24,1238.0
2025-01-04 08:22:00,74.93,8.42,0.0326,3.45,1216.0
2025-01-04 08:23:00,75.16,8.53,0.031,3.49,1230.0
2025-01-04 08:24:00,75.75,8.47,0.0285,3.37,1212.0
2025-01-04 08:25:00,75.26,8.27,0.0323,3.32,1238.0
2025-01-04 08:26:00,75.3,8.26,0.0313,3.37,1224.0
2025-01-04 08:27:00,74.74,8.37,0.0304,3.39,1248.0
2025-01-04 08:28:00,75.18,8.57,0.0303,3.36,1233.0
2025-01-04 08:29:00,75.46,8.27,0.0281,3.38,1239.0
2025-01-04 08:30:00,75.31,8.14,0.0334,3.43,1241.0
2025-01-04 08:31:00,75.36,8.38,0.0272,3.37,1249.0
2025-01-04 08:32:00,74.7,8.22,0.0335,3.39,1212.0
2025-01-04 08:33:00,75.42,8.07,0.0256,3.35,1226.0
2025-01-04 08:34:00,74.99,8.26,0.0357,3.35,1223.0
2025-01-04 08:35:00,75.09,8.2,0.0276,3.31,1224.0
2025-01-04 08:36:00,75.07,8.17,0.0309,3.45,1200.0
2025-01-04 08:37:00,74.96,8.23,0.0291,3.37,1218.0
2025-01-04 08:38:00,74.93,8.2,0.0299,3.4,1210.0
2025-01-04 08:39:00,75.44,8.04,0.0352,3.37,1231.0
2025-01-04 08:40:00,75.04,8.11,0.0356,3.33,1211.0
2025-01-04 08:41:00,74.48,8.64,0.0339,3.21,1210.0
2025-01-04 08:42:00,74.85,8.27,0.0352,3.42,1226.0
2025-01-04 08:43:00,75.23,8.63,0.0331,3.32,1212.0
2025-01-04 08:44:00,74.67,8.6,0.0334,3.25,1230.0
2025-01-04 08:45:00,75.82,8.45,0.0348,3.38,1226.0
2025-01-04 08:46:00,74.7,8.36,0.0311,3.35,1228.0
2025-01-04 08:47:00,74.83,8.31,0.0306,3.38,1216.0
2025-01-04 08:48:00,75.76,8.19,0.0338,3.29,1213.0
2025-01-04 08:49:00,75.33,8.24,0.0273,3.43,1232.0
2025-01-04 08:50:00,74.86,8.42,0.0294,3.34,1227.0
2025-01-04 08:51:00,75.04,8.43,0.0395,3.36,1200.0
2025-01-04 08:52:00,75.64,8.23,0.0311,3.36,1228.0
2025-01-04 08:53:00,74.83,8.66,0.0329,3.3,1226.0
2025-01-04 08:54:00,75.17,8.43,0.0303,3.31,1216.0
2025-01-04 08:55:00,75.0,8.31,0.0237,3.31,1229.0
2025-01-04 08:56:00,74.94,8.54,0.0296,3.36,1270.0
2025-01-04 08:57:00,74.63,8.23,0.0253,3.43,1216.0
2025-01-04 08:58:00,74.82,8.72,0.029,3.44,1239.0
2025-01-04 08:59:00,74.65,8.28,0.0297,3.27,1209.0
2025-01-04 09:00:00,74.91,8.04,0.0338,3.34,1243.0
2025-01-04 09:01:00,75.28,8.49,0.0328,3.27,1214.0
2025-01-04 09:02:00,74.8,8.18,0.0363,3.36,1212.0
2025-01-04 09:03:00,74.82,8.27,0.0335,3.39,1214.0
2025-01-04 09:04:00,74.91,8.33,0.0278,3.27,1208.0
2025-01-04 09:05:00,74.47,8.34,0.0313,3.43,1228.0
2025-01-04 09:06:00,74.96,8.39,0.0338,3.37,1207.0
2025-01-04 09:07:00,74.91,8.46,0.0337,3.32,1206.0
2025-01-04 09:08:00,75.14,8.17,0.0362,3.39,1227.0
2025-01-04 09:09:00,75.06,8.44,0.0339,3.32,1237.0
2025-01-04 09:10:00,75.28,8.33,0.029,3.36,1218.0
2025-01-04 09:11:00,75.16,8.61,0.0295,3.38,1208.0
2025-01-04 09:12:00,75.04,8.34,0.0326,3.39,1225.0
2025-01-04 09:13:00,74.87,8.56,0.0305,3.43,1206.0
2025-01-04 09:14:00,75.1,8.2,0.0298,3.42,1220.0
2025-01-04 09:15:00,75.0,8.14,0.0345,3.37,1229.0
2025-01-04 09:16:00,75.25,8.21,0.0336,3.29,1210.0
2025-01-04 09:17:00,74.93,8.71,0.0385,3.31,1221.0
2025-01-04 09:18:00,74.71,8.21,0.0261,3.39,1234.0
2025-01-04 09:19:00,74.76,8.07,0.0263,3.28,1249.0
2025-01-04 09:20:00,74.93,8.44,0.036,3.33,1231.0
2025-01-04 09:21:00,75.02,8.24,0.0288,3.29,1229.0
2025-01-04 09:22:00,75.17,8.23,0.0339,3.32,1213.0
2025-01-04 09:23:00,74.83,8.54,0.0296,3.41,1236.0
2025-01-04 09:24:00,74.83,8.36,0.0363,3.41,1227.0
2025-01-04 09:25:00,74.76,8.43,0.0293,3.33,1226.0
2025-01-04 09:26:00,75.36,8.17,0.0314,3.42,1223.0
2025-01-04 09:27:00,75.15,8.42,0.0291,3.35,1239.0
2025-01-04 09:28:00,74.77,8.31,0.0333,3.32,1219.0
2025-01-04 09:29:00,74.73,8.48,0.0295,3.32,1200.0
2025-01-04 09:30:00,75.54,8.32,0.0297,3.29,1231.0
2025-01-04 09:31:00,75.13,8.23,0.0284,3.28,1206.0
2025-01-04 09:32:00,75.08,8.4,0.0356,3.43,1211.0
2025-01-04 09:33:00,75.18,8.61,0.0268,3.42,1229.0
2025-01-04 09:34:00,74.34,8.37,0.0337,3.25,1239.0
2025-01-04 09:35:00,74.43,8.46,0.0322,3.35,1239.0
2025-01-04 09:36:00,75.24,8.4,0.0287,3.37,1207.0
2025-01-04 09:37:00,74.96,8.57,0.03,3.3,1203.0
2025-01-04 09:38:00,75.53,8.42,0.0303,3.4,1256.0
2025-01-04 09:39:00,75.08,8.45,0.0346,3.37,1211.0
2025-01-04 09:40:00,74.76,8.73,0.0312,3.4,1232.0
2025-01-04 09:41:00,75.25,8.39,0.0252,3.28,1222.0
2025-01-04 09:42:00,74.69,8.62,0.0274,3.33,1226.0
2025-01-04 09:43:00,74.45,8.87,0.0339,3.33,1213.0
2025-01-04 09:44:00,74.48,8.29,0.0385,3.39,1224.0
2025-01-04 09:45:00,74.76,8.41,0.0334,3.36,1200.0
2025-01-04 09:46:00,75.2,8.0,0.0314,3.39,1248.0
2025-01-04 09:47:00,75.03,8.36,0.0346,3.31,1229.0
2025-01-04 09:48:00,74.93,8.33,0.0315,3.41,1202.0
2025-01-04 09:49:00,74.69,8.65,0.037,3.43,1233.0
2025-01-04 09:50:00,75.14,8.49,0.0331,3.32,1212.0
2025-01-04 09:51:00,75.25,8.71,0.0283,3.39,1254.0
2025-01-04 09:52:00,75.42,8.09,0.0359,3.37,1222.0
2025-01-04 09:53:00,75.35,8.32,0.0307,3.33,1232.0
2025-01-04 09:54:00,74.97,8.27,0.0299,3.34,1220.0
2025-01-04 09:55:00,74.89,8.57,0.0294,3.32,1220.0
2025-01-04 09:56:00,74.93,8.5,0.0304,3.29,1248.0
2025-01-04 09:57:00,75.13,8.33,0.0343,3.35,1217.0
2025-01-04 09:58:00,75.05,8.68,0.0351,3.34,1239.0
2025-01-04 09:59:00,75.54,8.51,0.0245,3.38,1243.0
2025-01-04 10:00:00,74.41,8.55,0.033,3.32,1232.0
2025-01-04 10:01:00,74.78,8.48,0.0357,3.43,1228.0
2025-01-04 10:02:00,74.93,8.19,0.0292,3.31,1221.0
2025-01-04 10:03:00,75.17,8.28,0.0294,3.32,1205.0
2025-01-04 10:04:00,75.48,8.37,0.0311,3.37,1216.0
2025-01-04 10:05:00,75.06,8.51,0.0329,3.38,1224.0
2025-01-04 10:06:00,75.24,8.43,0.0353,3.39,1221.0
2025-01-04 10:07:00,75.0,8.4,0.0367,3.38,1208.0
2025-01-04 10:08:00,75.16,8.72,0.0352,3.32,1230.0
2025-01-04 10:09:00,74.62,8.31,0.0272,3.29,1240.0
2025-01-04 10:10:00,74.94,8.41,0.0347,3.39,1200.0
2025-01-04 10:11:00,74.81,8.4,0.0301,3.34,1217.0
2025-01-04 10:12:00,75.07,8.43,0.0318,3.0,1200.0
2025-01-04 10:13:00,74.11,8.02,0.0335,3.42,1238.0
2025-01-04 10:14:00,74.83,8.69,0.0337,3.34,1233.0
2025-01-04 10:15:00,75.31,8.3,0.0285,3.3,1229.0
2025-01-04 10:16:00,74.95,8.32,0.0276,3.36,1213.0
2025-01-04 10:17:00,75.12,8.67,0.0253,3.41,1223.0
2025-01-04 10:18:00,74.99,8.32,0.0298,3.32,1245.0
2025-01-04 10:19:00,75.11,8.6,0.03,3.38,1235.0
2025-01-04 10:20:00,75.62,8.27,0.0292,3.34,1229.0
2025-01-04 10:21:00,74.95,8.57,0.031,3.31,1200.0
2025-01-04 10:22:00,74.7,8.64,0.03,3.29,1215.0
2025-01-04 10:23:00,75.09,8.48,0.0247,3.32,1207.0
2025-01-04 10:24:00,74.91,8.43,0.025,3.36,1249.0
2025-01-04 10:25:00,74.99,8.82,0.0281,3.34,1240.0
2025-01-04 10:26:00,75.4,8.14,0.0267,3.44,1223.0
2025-01-04 10:27:00,74.78,8.42,0.0287,3.39,1243.0
2025-01-04 10:28:00,74.89,8.05,0.0314,3.34,1202.0
2025-01-04 10:29:00,74.89,8.35,0.0338,3.38,1237.0
2025-01-04 10:30:00,75.03,8.39,0.0323,3.47,1242.0
2025-01-04 10:31:00,74.71,8.31,0.0318,3.36,1233.0
2025-01-04 10:32:00,75.31,8.03,0.0303,3.39,1200.0
2025-01-04 10:33:00,74.52,8.39,0.0278,3.32,1228.0
2025-01-04 10:34:00,74.71,8.34,0.0307,3.37,1234.0
2025-01-04 10:35:00,75.32,8.44,0.0293,3.39,1215.0
2025-01-04 10:36:00,74.82,8.18,0.0307,3.31,1243.0
2025-01-04 10:37:00,75.47,8.64,0.0324,3.3,1230.0
2025-01-04 10:38:00,75.46,8.44,0.0342,3.39,1227.0
2025-01-04 10:39:00,74.48,8.56,0.032,3.29,1219.0
2025-01-04 10:40:00,75.35,8.49,0.0331,3.34,1260.0
2025-01-04 10:41:00,74.95,8.34,0.0287,3.35,1202.0
2025-01-04 10:42:00,75.08,8.05,0.0309,3.31,1246.0
2025-01-04 10:43:00,75.06,8.32,0.0322,3.33,1212.0
2025-01-04 10:44:00,74.67,8.1,0.0292,3.39,1259.0
2025-01-04 10:45:00,75.26,8.47,0.0287,3.24,1210.0
2025-01-04 10:46:00,75.42,8.23,0.0295,3.44,1228.0
2025-01-04 10:47:00,75.28,8.54,0.0319,3.25,1205.0
2025-01-04 10:48:00,75.61,8.21,0.0287,3.34,1245.0
2025-01-04 10:49:00,75.08,8.19,0.0291,3.39,1219.0
2025-01-04 10:50:00,75.3,8.09,0.0332,3.26,1221.0
2025-01-04 10:51:00,74.81,8.25,0.027,3.46,1218.0
2025-01-04 10:52:00,75.45,8.64,0.033,3.39,1200.0
2025-01-04 10:53:00,74.68,8.26,0.0245,3.25,1215.0
2025-01-04 10:54:00,75.37,8.22,0.0291,3.41,1234.0
2025-01-04 10:55:00,74.93,8.29,0.0326,3.32,1246.0
2025-01-04 10:56:00,74.7,8.17,0.0264,3.4,1219.0
2025-01-04 10:57:00,74.75,8.44,0.0349,3.38,1231.0
2025-01-04 10:58:00,74.79,8.51,0.0351,3.41,1227.0
2025-01-04 10:59:00,75.19,8.37,0.0292,3.39,1229.0
2025-01-04 11:00:00,74.55,8.27,0.0333,3.36,1203.0
2025-01-04 11:01:00,75.22,8.13,0.0314,3.41,1223.0
2025-01-04 11:02:00,74.9,8.36,0.0338,3.32,1246.0
2025-01-04 11:03:00,74.65,8.04,0.0331,3.41,1225.0
2025-01-04 11:04:00,75.39,8.09,0.034,3.37,1248.0
2025-01-04 11:05:00,74.82,8.22,0.0318,3.38,1241.0
2025-01-04 11:06:00,75.27,8.49,0.0286,3.26,1232.0
2025-01-04 11:07:00,74.88,8.48,0.0305,3.29,1239.0
2025-01-04 11:08:00,75.03,8.39,0.032,3.36,1224.0
2025-01-04 11:09:00,75.19,8.52,0.0348,3.35,1239.0
2025-01-04 11:10:00,74.66,8.35,0.0336,3.43,1221.0
2025-01-04 11:11:00,75.17,8.35,0.0264,3.44,1224.0
2025-01-04 11:12:00,75.01,8.52,0.0369,3.37,1228.0
2025-01-04 11:13:00,74.83,8.68,0.0331,3.38,1226.0
2025-01-04 11:14:00,75.32,8.45,0.0325,3.41,1202.0
2025-01-04 11:15:00,75.64,8.2,0.03,3.44,1223.0
2025-01-04 11:16:00,75.07,8.15,0.0276,3.39,1234.0
2025-01-04 11:17:00,74.58,8.68,0.0313,3.39,1234.0
2025-01-04 11:18:00,75.4,8.39,0.0259,3.37,1237.0
2025-01-04 11:19:00,75.12,8.54,0.0293,3.25,1233.0
2025-01-04 11:20:00,74.34,8.45,0.0287,3.33,1235.0
2025-01-04 11:21:00,75.03,8.3,0.0219,3.35,1242.0
2025-01-04 11:22:00,75.03,8.44,0.0314,3.33,1218.0
2025-01-04 11:23:00,74.92,8.22,0.0354,3.39,1229.0
2025-01-04 11:24:00,75.24,8.33,0.0264,3.32,1238.0
2025-01-04 11:25:00,75.13,8.52,0.0354,3.3,1214.0
2025-01-04 11:26:00,74.91,8.17,0.031,3.35,1232.0
2025-01-04 11:27:00,74.93,8.23,0.0314,3.43,1243.0
2025-01-04 11:28:00,74.73,8.64,0.0374,3.35,1235.0
2025-01-04 11:29:00,75.33,8.16,0.0379,3.29,1220.0
2025-01-04 11:30:00,74.93,8.12,0.0365,3.39,1202.0
2025-01-04 11:31:00,75.33,8.64,0.0306,3.35,1209.0
2025-01-04 11:32:00,74.9,8.62,0.0333,3.39,1211.0
2025-01-04 11:33:00,74.84,8.33,0.0331,3.27,1211.0
2025-01-04 11:34:00,74.97,8.18,0.0333,3.38,1208.0
2025-01-04 11:35:00,74.68,8.29,0.0357,3.29,1219.0
2025-01-04 11:36:00,74.93,8.68,0.028,3.32,1269.0
2025-01-04 11:37:00,74.78,8.35,0.031,3.3,1200.0
2025-01-04 11:38:00,74.67,8.32,0.0308,3.43,1232.0
2025-01-04 11:39:00,74.48,8.28,0.027,3.41,1233.0
2025-01-04 11:40:00,75.51,8.27,0.03,3.39,1231.0
2025-01-04 11:41:00,74.99,8.54,0.0335,3.46,1247.0
2025-01-04 11:42:00,74.98,8.14,0.0326,3.34,1208.0
2025-01-04 11:43:00,74.97,8.68,0.0286,3.33,1200.0
2025-01-04 11:44:00,75.07,8.39,0.0304,3.31,1221.0
2025-01-04 11:45:00,75.0,8.54,0.0301,3.4,1215.0
2025-01-04 11:46:00,75.53,8.0,0.0292,3.42,1200.0
2025-01-04 11:47:00,74.98,8.39,0.0321,3.34,1221.0
2025-01-04 11:48:00,74.95,8.2,0.0313,3.22,1213.0
2025-01-04 11:49:00,74.43,8.15,0.0341,3.44,1203.0
2025-01-04 11:50:00,74.78,8.41,0.0273,3.34,1204.0
2025-01-04 11:51:00,74.91,8.38,0.0347,3.36,1220.0
2025-01-04 11:52:00,74.85,8.27,0.0236,3.27,1200.0
2025-01-04 11:53:00,75.42,8.52,0.0276,3.29,1244.0
2025-01-04 11:54:00,74.93,8.76,0.032,3.38,1235.0
2025-01-04 11:55:00,75.57,8.27,0.0338,3.45,1214.0
2025-01-04 11:56:00,75.36,8.14,0.031,3.38,1226.0
2025-01-04 11:57:00,75.39,8.27,0.0279,3.39,1218.0
2025-01-04 11:58:00,74.76,8.59,0.0344,3.4,1261.0
2025-01-04 11:59:00,90.05,11.25,0.2342,3.41,1218.0
2025-01-04 12:00:00,75.24,8.22,0.0286,3.33,1233.0
2025-01-04 12:01:00,74.91,8.27,0.0327,3.4,1206.0
2025-01-04 12:02:00,74.95,8.48,0.0304,3.27,1233.0
2025-01-04 12:03:00,75.14,8.47,0.0326,3.32,1231.0
2025-01-04 12:04:00,75.41,8.4,0.031,3.44,1234.0
2025-01-04 12:05:00,74.86,8.37,0.03,3.35,1221.0
2025-01-04 12:06:00,74.96,8.33,0.0324,3.32,1252.0
2025-01-04 12:07:00,75.06,8.32,0.0299,3.31,1249.0
2025-01-04 12:08:00,74.76,8.24,0.0293,3.31,1219.0
2025-01-04 12:09:00,75.02,8.63,0.0285,3.33,1225.0
2025-01-04 12:10:00,75.24,8.52,0.0285,3.35,1223.0
2025-01-04 12:11:00,74.96,8.51,0.0329,3.38,1225.0
2025-01-04 12:12:00,74.87,8.7,0.0247,3.32,1250.0
2025-01-04 12:13:00,75.14,8.04,0.0326,3.37,1271.0
2025-01-04 12:14:00,75.05,8.55,0.0289,3.3,1234.0
2025-01-04 12:15:00,74.74,8.14,0.0321,3.38,1240.0
2025-01-04 12:16:00,74.74,8.53,0.0326,3.32,1247.0
2025-01-04 12:17:00,74.7,8.6,0.0309,3.33,1235.0
2025-01-04 12:18:00,74.86,8.55,0.0323,3.28,1237.0
2025-01-04 12:19:00,74.93,8.46,0.031,3.37,1235.0
2025-01-04 12:20:00,75.42,8.33,0.0256,3.47,1200.0
2025-01-04 12:21:00,75.01,8.24,0.0306,3.38,1230.0
2025-01-04 12:22:00,74.79,8.39,0.0275,3.29,1246.0
2025-01-04 12:23:00,75.27,8.38,0.0285,3.32,1202.0
2025-01-04 12:24:00,75.05,8.27,0.0288,3.44,1230.0
2025-01-04 12:25:00,74.74,8.18,0.031,3.37,1240.0
2025-01-04 12:26:00,74.83,8.4,0.0301,3.38,1284.0
2025-01-04 12:27:00,74.93,8.04,0.0309,3.41,1206.0
2025-01-04 12:28:00,74.89,8.52,0.0283,3.34,1239.0
2025-01-04 12:29:00,75.4,8.45,0.0311,3.37,1215.0
2025-01-04 12:30:00,89.62,11.57,0.2328,3.41,1221.0
2025-01-04 12:31:00,74.88,8.28,0.0313,3.29,1247.0
2025-01-04 12:32:00,75.3,8.39,0.0288,3.36,1219.0
2025-01-04 12:33:00,74.87,8.24,0.0271,3.45,1247.0
2025-01-04 12:34:00,75.05,8.58,0.0252,3.28,1225.0
2025-01-04 12:35:00,74.69,8.35,0.0316,3.35,1205.0
2025-01-04 12:36:00,75.04,8.24,0.0334,3.39,1205.0
2025-01-04 12:37:00,74.73,8.47,0.0325,3.32,1245.0
2025-01-04 12:38:00,74.38,8.08,0.0346,3.39,1206.0
2025-01-04 12:39:00,74.53,8.62,0.0358,3.39,1233.0
2025-01-04 12:40:00,74.77,8.18,0.0362,3.36,1231.0
2025-01-04 12:41:00,74.67,8.58,0.0292,3.35,1213.0
2025-01-04 12:42:00,75.24,8.25,0.0314,3.36,1237.0
2025-01-04 12:43:00,75.26,8.41,0.0323,3.35,1232.0
2025-01-04 12:44:00,75.08,8.5,0.0352,3.38,1219.0
2025-01-04 12:45:00,75.45,8.77,0.0336,3.26,1231.0
2025-01-04 12:46:00,74.63,8.54,0.033,3.37,1250.0
2025-01-04 12:47:00,75.05,8.64,0.0277,3.43,1237.0
2025-01-04 12:48:00,74.84,8.38,0.0301,3.46,1200.0
2025-01-04 12:49:00,74.92,8.47,0.0314,3.38,1232.0
2025-01-04 12:50:00,75.45,8.36,0.0307,3.36,1234.0
2025-01-04 12:51:00,75.0,8.05,0.0272,3.33,1226.0
2025-01-04 12:52:00,74.76,8.65,0.035,3.34,1259.0
2025-01-04 12:53:00,75.43,8.64,0.0322,3.41,1234.0
2025-01-04 12:54:00,75.52,8.23,0.0282,3.41,1203.0
2025-01-04 12:55:00,75.32,8.38,0.0311,3.41,1227.0
2025-01-04 12:56:00,75.38,8.59,0.0314,3.36,1247.0
2025-01-04 12:57:00,75.33,8.62,0.0305,3.34,1233.0
2025-01-04 12:58:00,75.26,8.45,0.0292,3.28,1243.0
2025-01-04 12:59:00,75.02,8.68,0.0362,3.36,1244.0
2025-01-04 13:00:00,74.61,8.11,0.0335,3.42,1228.0
2025-01-04 13:01:00,75.23,8.48,0.0351,3.34,1209.0
2025-01-04 13:02:00,74.94,8.43,0.0317,3.26,1238.0
2025-01-04 13:03:00,75.25,8.17,0.0306,3.38,1232.0
2025-01-04 13:04:00,74.25,8.24,0.0312,3.37,1207.0
2025-01-04 13:05:00,74.78,8.38,0.027,3.41,1218.0
2025-01-04 13:06:00,74.55,8.8,0.0322,3.36,1215.0
2025-01-04 13:07:00,74.44,8.25,0.035,3.29,1227.0
2025-01-04 13:08:00,75.11,8.2,0.0292,3.36,1222.0
2025-01-04 13:09:00,75.12,8.29,0.033,3.27,1218.0
2025-01-04 13:10:00,74.65,8.64,0.0318,3.35,1226.0
2025-01-04 13:11:00,74.82,8.44,0.0297,3.42,1235.0
2025-01-04 13:12:00,75.05,8.57,0.0348,3.32,1218.0
2025-01-04 13:13:00,74.93,8.15,0.029,3.38,1213.0
2025-01-04 13:14:00,75.8,8.08,0.0322,3.39,1241.0
2025-01-04 13:15:00,74.99,8.94,0.0308,3.34,1246.0
2025-01-04 13:16:00,75.02,8.03,0.0342,3.41,1208.0
2025-01-04 13:17:00,75.15,8.27,0.0322,3.32,1231.0
2025-01-04 13:18:00,75.09,8.07,0.0334,3.36,1216.0
2025-01-04 13:19:00,74.82,8.62,0.0309,3.35,1221.0
2025-01-04 13:20:00,75.52,8.51,0.0358,3.42,1217.0
2025-01-04 13:21:00,74.93,8.37,0.0293,3.33,1226.0
2025-01-04 13:22:00,75.5,8.06,0.0313,3.32,1200.0
2025-01-04 13:23:00,74.74,8.43,0.0274,3.31,1222.0
2025-01-04 13:24:00,75.29,8.6,0.0293,3.31,1209.0
2025-01-04 13:25:00,79.69,8.3,0.3329,3.36,1225.0
2025-01-04 13:26:00,75.15,8.26,0.0324,3.34,1214.0
2025-01-04 13:27:00,74.98,8.65,0.0307,3.36,1210.0
2025-01-04 13:28:00,75.08,8.52,0.0306,3.36,1225.0
2025-01-04 13:29:00,75.32,8.27,0.0337,3.35,1227.0
2025-01-04 13:30:00,75.13,8.02,0.0342,3.37,1274.0
2025-01-04 13:31:00,74.83,8.48,0.0326,3.38,1227.0
2025-01-04 13:32:00,74.38,8.07,0.0361,3.31,1206.0
2025-01-04 13:33:00,74.87,8.81,0.0379,3.31,1228.0
2025-01-04 13:34:00,74.87,9.13,0.0281,3.39,1245.0
2025-01-04 13:35:00,75.37,8.14,0.0311,3.32,1241.0
2025-01-04 13:36:00,74.72,8.19,0.0246,3.39,1230.0
2025-01-04 13:37:00,75.02,8.86,0.0311,3.41,1232.0
2025-01-04 13:38:00,75.11,8.68,0.034,3.39,1242.0
2025-01-04 13:39:00,75.14,8.19,0.0315,3.47,1228.0
2025-01-04 13:40:00,74.84,8.45,0.0325,3.36,1205.0
2025-01-04 13:41:00,75.17,8.36,0.0323,3.37,1200.0
2025-01-04 13:42:00,75.2,8.12,0.0314,3.29,1245.0
2025-01-04 13:43:00,75.04,8.38,0.0304,3.42,1222.0
2025-01-04 13:44:00,75.09,8.05,0.0291,3.44,1256.0
2025-01-04 13:45:00,74.51,8.4,0.0328,3.38,1216.0
2025-01-04 13:46:00,74.63,8.38,0.0352,3.44,1213.0
2025-01-04 13:47:00,75.26,8.29,0.0339,3.37,1271.0
2025-01-04 13:48:00,75.21,8.06,0.0301,3.4,1232.0
2025-01-04 13:49:00,74.99,8.52,0.0298,3.38,1242.0
2025-01-04 13:50:00,75.11,8.0,0.0302,3.41,1226.0
2025-01-04 13:51:00,74.82,8.29,0.0285,3.36,1233.0
2025-01-04 13:52:00,74.75,8.8,0.0346,3.34,1234.0
2025-01-04 13:53:00,74.88,8.14,0.0332,3.37,1224.0
2025-01-04 13:54:00,74.33,8.4,0.028,3.36,1228.0
2025-01-04 13:55:00,75.32,8.3,0.0347,3.34,1205.0
2025-01-04 13:56:00,74.68,8.28,0.028,3.38,1231.0
2025-01-04 13:57:00,75.46,8.36,0.0286,3.37,1227.0
2025-01-04 13:58:00,75.08,8.63,0.0347,3.44,1200.0
2025-01-04 13:59:00,75.2,8.42,0.0278,3.32,1247.0
2025-01-04 14:00:00,74.99,8.28,0.0325,3.47,1215.0
2025-01-04 14:01:00,75.16,8.25,0.0329,3.3,1242.0
2025-01-04 14:02:00,75.02,8.0,0.0353,3.39,1221.0
2025-01-04 14:03:00,75.12,8.64,0.0354,3.28,1210.0
2025-01-04 14:04:00,75.69,8.32,0.0277,3.31,1211.0
2025-01-04 14:05:00,74.43,8.62,0.0328,3.32,1228.0
2025-01-04 14:06:00,74.86,8.0,0.0257,3.36,1231.0
2025-01-04 14:07:00,75.17,8.27,0.0317,3.29,1211.0
2025-01-04 14:08:00,75.0,8.57,0.0314,3.37,1240.0
2025-01-04 14:09:00,75.14,8.46,0.0311,3.38,1229.0
2025-01-04 14:10:00,74.6,8.21,0.028,3.34,1230.0
2025-01-04 14:11:00,75.24,8.52,0.0349,3.37,1248.0
2025-01-04 14:12:00,75.05,8.39,0.0358,3.38,1211.0
2025-01-04 14:13:00,74.98,8.58,0.0384,3.39,1245.0
2025-01-04 14:14:00,74.94,8.24,0.0341,3.34,1246.0
2025-01-04 14:15:00,74.85,8.23,0.0288,3.38,1234.0
2025-01-04 14:16:00,75.02,8.47,0.0274,3.39,1223.0
2025-01-04 14:17:00,75.08,8.43,0.0336,3.33,1242.0
2025-01-04 14:18:00,75.06,8.39,0.0317,3.35,1235.0
2025-01-04 14:19:00,75.13,8.08,0.0343,3.35,1226.0
2025-01-04 14:20:00,75.49,8.72,0.0278,3.31,1211.0
2025-01-04 14:21:00,74.99,8.19,0.0373,3.4,1215.0
2025-01-04 14:22:00,74.68,8.48,0.0323,3.34,1212.0
2025-01-04 14:23:00,74.78,8.3,0.0262,3.33,1217.0
2025-01-04 14:24:00,74.74,8.39,0.0351,3.36,1214.0
2025-01-04 14:25:00,75.08,8.26,0.037,3.38,1212.0
2025-01-04 14:26:00,75.1,8.45,0.0337,3.4,1230.0
2025-01-04 14:27:00,75.43,8.41,0.036,3.23,1213.0
2025-01-04 14:28:00,75.11,8.42,0.0303,3.38,1225.0
2025-01-04 14:29:00,75.08,8.47,0.0369,3.35,1239.0
2025-01-04 14:30:00,75.33,8.24,0.0314,3.45,1236.0
2025-01-04 14:31:00,74.39,8.65,0.0304,3.26,1214.0
2025-01-04 14:32:00,75.47,8.38,0.0347,3.29,1200.0
2025-01-04 14:33:00,75.15,8.59,0.0284,3.34,1205.0
2025-01-04 14:34:00,75.4,8.0,0.0334,3.29,1211.0
2025-01-04 14:35:00,75.1,8.34,0.0374,3.32,1233.0
2025-01-04 14:36:00,75.24,8.43,0.0302,3.32,1220.0
2025-01-04 14:37:00,74.53,8.29,0.0352,3.4,1254.0
2025-01-04 14:38:00,75.03,8.28,0.0329,3.38,1229.0
2025-01-04 14:39:00,74.46,8.08,0.0291,3.33,1202.0
2025-01-04 14:40:00,75.65,8.54,0.0259,3.34,1238.0
2025-01-04 14:41:00,74.61,8.44,0.0309,3.32,1243.0
2025-01-04 14:42:00,75.15,8.0,0.0298,3.43,1236.0
2025-01-04 14:43:00,75.39,8.21,0.0309,3.24,1236.0
2025-01-04 14:44:00,74.8,8.25,0.0297,3.34,1225.0
2025-01-04 14:45:00,75.17,8.5,0.0308,3.36,1210.0
2025-01-04 14:46:00,74.66,8.5,0.0317,3.35,1213.0
2025-01-04 14:47:00,75.15,8.71,0.0328,3.32,1216.0
2025-01-04 14:48:00,74.79,8.51,0.0342,3.37,1238.0
2025-01-04 14:49:00,75.73,8.26,0.0274,3.32,1200.0
2025-01-04 14:50:00,75.53,8.33,0.0385,3.31,1232.0
2025-01-04 14:51:00,74.92,8.53,0.0268,3.31,1215.0
2025-01-04 14:52:00,74.44,8.89,0.0317,3.4,1213.0
2025-01-04 14:53:00,75.52,8.25,0.0313,3.39,1233.0
2025-01-04 14:54:00,74.93,8.68,0.0341,3.37,1233.0
2025-01-04 14:55:00,74.8,8.51,0.0315,3.32,1226.0
2025-01-04 14:56:00,74.99,8.49,0.0296,3.3,1200.0
2025-01-04 14:57:00,74.93,8.25,0.0286,3.45,1212.0
2025-01-04 14:58:00,74.9,8.54,0.0347,3.28,1224.0
2025-01-04 14:59:00,74.91,8.19,0.0261,3.45,1203.0
2025-01-04 15:00:00,75.37,8.5,0.0349,3.31,1200.0
2025-01-04 15:01:00,75.12,8.08,0.0302,3.39,1229.0
2025-01-04 15:02:00,74.87,8.48,0.0289,3.32,1220.0
2025-01-04 15:03:00,75.53,8.32,0.0331,3.46,1243.0
2025-01-04 15:04:00,75.05,8.36,0.0302,3.41,1217.0
2025-01-04 15:05:00,75.41,8.62,0.0333,3.27,1218.0
2025-01-04 15:06:00,74.8,8.08,0.0312,3.33,1236.0
2025-01-04 15:07:00,75.02,8.04,0.0299,3.32,1203.0
2025-01-04 15:08:00,74.35,8.05,0.031,3.4,1254.0
2025-01-04 15:09:00,75.03,8.18,0.032,3.43,1245.0
2025-01-04 15:10:00,75.29,8.61,0.0259,3.49,1227.0
2025-01-04 15:11:00,75.4,8.24,0.0336,3.34,1239.0
2025-01-04 15:12:00,75.12,8.59,0.0338,3.33,1221.0
2025-01-04 15:13:00,75.08,8.62,0.0297,3.39,1244.0
2025-01-04 15:14:00,75.28,8.61,0.0318,3.36,1205.0
2025-01-04 15:15:00,75.14,8.67,0.0324,3.51,1216.0
2025-01-04 15:16:00,75.38,8.43,0.0321,3.35,1239.0
2025-01-04 15:17:00,75.16,8.11,0.0302,3.42,1241.0
2025-01-04 15:18:00,75.23,8.76,0.0299,3.4,1256.0
2025-01-04 15:19:00,75.1,8.25,0.0281,3.35,1223.0
2025-01-04 15:20:00,74.87,8.48,0.0312,3.43,1247.0
2025-01-04 15:21:00,75.32,8.46,0.028,3.39,1234.0
2025-01-04 15:22:00,74.82,8.57,0.0297,3.35,1224.0
2025-01-04 15:23:00,74.73,8.33,0.0353,3.37,1205.0
2025-01-04 15:24:00,74.91,8.39,0.029,3.4,1242.0
2025-01-04 15:25:00,75.29,8.12,0.0284,3.39,1219.0
2025-01-04 15:26:00,75.1,8.53,0.0326,3.36,1203.0
2025-01-04 15:27:00,75.12,8.42,0.036,3.43,1216.0
2025-01-04 15:28:00,75.24,8.58,0.0301,3.34,1215.0
2025-01-04 15:29:00,75.15,8.58,0.037,3.42,1235.0
2025-01-04 15:30:00,74.8,8.66,0.0281,3.44,1225.0
2025-01-04 15:31:00,75.0,8.36,0.0318,3.39,1215.0
2025-01-04 15:32:00,74.76,8.44,0.0306,3.43,1206.0
2025-01-04 15:33:00,74.36,8.84,0.0283,3.35,1221.0
2025-01-04 15:34:00,74.64,8.33,0.0271,3.41,1233.0
2025-01-04 15:35:00,74.33,8.36,0.0318,3.32,1207.0
2025-01-04 15:36:00,75.07,8.29,0.0306,3.48,1243.0
2025-01-04 15:37:00,74.71,8.18,0.0328,3.39,1248.0
2025-01-04 15:38:00,74.72,8.44,0.0332,3.33,1211.0
2025-01-04 15:39:00,75.35,8.35,0.0307,3.31,1232.0
2025-01-04 15:40:00,74.65,8.31,0.0371,3.39,1220.0
2025-01-04 15:41:00,75.54,8.72,0.0334,3.32,1232.0
2025-01-04 15:42:00,75.21,8.37,0.0286,3.38,1236.0
2025-01-04 15:43:00,74.37,8.79,0.0353,3.34,1227.0
2025-01-04 15:44:00,74.85,8.28,0.0303,3.31,1245.0
2025-01-04 15:45:00,74.89,8.41,0.03,3.33,1215.0
2025-01-04 15:46:00,75.18,8.14,0.0271,3.31,1222.0
2025-01-04 15:47:00,75.09,8.75,0.0292,3.34,1214.0
2025-01-04 15:48:00,74.54,8.45,0.0286,3.4,1217.0
2025-01-04 15:49:00,75.16,8.56,0.0312,3.38,1220.0
2025-01-04 15:50:00,74.94,8.46,0.0268,3.36,1235.0
2025-01-04 15:51:00,74.59,8.35,0.0297,3.4,1235.0
2025-01-04 15:52:00,74.91,8.64,0.0307,3.39,1215.0
2025-01-04 15:53:00,75.01,8.76,0.0321,3.42,1229.0
2025-01-04 15:54:00,74.79,8.48,0.0298,3.44,1230.0
2025-01-04 15:55:00,75.76,8.26,0.0332,3.21,1221.0
2025-01-04 15:56:00,75.1,8.27,0.0307,3.29,1241.0
2025-01-04 15:57:00,75.4,8.24,0.0247,3.4,1217.0
2025-01-04 15:58:00,74.99,8.65,0.0274,3.41,1220.0
2025-01-04 15:59:00,75.03,8.37,0.0297,3.4,1222.0
2025-01-04 16:00:00,74.91,8.41,0.0312,3.36,1247.0
2025-01-04 16:01:00,74.97,8.65,0.0318,3.38,1236.0
2025-01-04 16:02:00,75.3,8.55,0.0302,3.36,1244.0
2025-01-04 16:03:00,75.32,8.13,0.0268,3.37,1246.0
2025-01-04 16:04:00,75.38,8.31,0.0289,3.26,1223.0
2025-01-04 16:05:00,75.06,8.09,0.0331,3.4,1213.0
2025-01-04 16:06:00,75.13,8.35,0.0323,3.35,1237.0
2025-01-04 16:07:00,74.74,8.55,0.0325,3.31,1214.0
2025-01-04 16:08:00,75.15,8.88,0.032,3.35,1214.0
2025-01-04 16:09:00,74.68,8.51,0.0383,3.37,1207.0
2025-01-04 16:10:00,75.39,8.24,0.0245,3.4,1234.0
2025-01-04 16:11:00,74.97,8.75,0.0299,3.43,1215.0
2025-01-04 16:12:00,74.53,8.05,0.0337,3.36,1209.0
2025-01-04 16:13:00,74.77,8.42,0.0271,3.26,1227.0
2025-01-04 16:14:00,74.89,8.27,0.0341,3.48,1240.0
2025-01-04 16:15:00,74.8,8.41,0.0304,3.35,1244.0
2025-01-04 16:16:00,75.59,8.4,0.0287,3.41,1204.0
2025-01-04 16:17:00,74.56,8.42,0.0303,3.31,1248.0
2025-01-04 16:18:00,74.81,8.32,0.0341,3.39,1245.0
2025-01-04 16:19:00,75.03,8.44,0.03,3.36,1228.0
2025-01-04 16:20:00,75.1,8.17,0.0331,3.41,1216.0
2025-01-04 16:21:00,74.86,8.46,0.0297,3.41,1202.0
2025-01-04 16:22:00,75.09,8.35,0.0327,3.44,1229.0
2025-01-04 16:23:00,74.83,8.48,0.0313,3.38,1210.0
2025-01-04 16:24:00,74.8,8.28,0.0351,3.35,1200.0
2025-01-04 16:25:00,74.86,8.58,0.0287,3.3,1245.0
2025-01-04 16:26:00,75.25,8.51,0.0376,3.31,1237.0
2025-01-04 16:27:00,75.45,8.48,0.0333,3.29,1257.0
2025-01-04 16:28:00,74.8,8.09,0.0341,3.33,1221.0
2025-01-04 16:29:00,74.6,8.22,0.0298,3.35,1219.0
2025-01-04 16:30:00,74.72,8.48,0.0315,3.27,1223.0
2025-01-04 16:31:00,75.42,8.46,0.0339,3.34,1231.0
2025-01-04 16:32:00,75.27,8.24,0.0367,3.36,1237.0
2025-01-04 16:33:00,74.68,8.38,0.0326,3.43,1225.0
2025-01-04 16:34:00,74.57,8.39,0.0292,3.35,1200.0
2025-01-04 16:35:00,74.7,8.71,0.0321,3.37,1213.0
2025-01-04 16:36:00,74.76,8.16,0.0371,3.32,1225.0
2025-01-04 16:37:00,74.54,8.38,0.0311,3.25,1206.0
2025-01-04 16:38:00,74.66,8.41,0.0332,3.36,1245.0
2025-01-04 16:39:00,75.1,8.45,0.0298,3.26,1220.0
2025-01-04 16:40:00,75.14,8.27,0.0342,3.46,1214.0
2025-01-04 16:41:00,74.94,8.46,0.0306,3.25,1216.0
2025-01-04 16:42:00,75.32,8.36,0.0321,3.45,1223.0
2025-01-04 16:43:00,74.58,8.47,0.0347,3.39,1204.0
2025-01-04 16:44:00,74.63,8.55,0.0337,3.38,1235.0
2025-01-04 16:45:00,75.46,8.66,0.0303,3.4,1219.0
2025-01-04 16:46:00,75.03,8.32,0.0349,3.36,1233.0
2025-01-04 16:47:00,74.57,8.35,0.0291,3.34,1232.0
2025-01-04 16:48:00,75.11,8.04,0.0265,3.4,1212.0
2025-01-04 16:49:00,74.51,8.2,0.0375,3.37,1225.0
2025-01-04 16:50:00,75.5,8.37,0.0281,3.4,1236.0
2025-01-04 16:51:00,75.57,8.68,0.0272,3.39,1230.0
2025-01-04 16:52:00,75.29,8.59,0.031,3.37,1219.0
2025-01-04 16:53:00,74.89,8.56,0.0283,3.35,1214.0
2025-01-04 16:54:00,75.26,8.0,0.0268,3.33,1225.0
2025-01-04 16:55:00,75.02,8.11,0.0354,3.37,1239.0
2025-01-04 16:56:00,75.11,8.22,0.0325,3.35,1219.0
2025-01-04 16:57:00,75.08,8.38,0.0292,3.35,1210.0
2025-01-04 16:58:00,74.64,8.6,0.0308,3.42,1229.0
2025-01-04 16:59:00,74.87,8.51,0.0306,3.36,1228.0
2025-01-04 17:00:00,75.26,8.47,0.0306,3.4,1229.0
2025-01-04 17:01:00,74.9,8.47,0.0267,3.41,1222.0
2025-01-04 17:02:00,74.5,8.28,0.0293,3.34,1222.0
2025-01-04 17:03:00,74.87,8.67,0.0247,3.34,1231.0
2025-01-04 17:04:00,75.42,8.35,0.0333,3.31,1238.0
2025-01-04 17:05:00,75.34,8.56,0.0289,3.38,1244.0
2025-01-04 17:06:00,75.24,8.21,0.0359,3.4,1228.0
2025-01-04 17:07:00,75.32,8.44,0.0277,3.34,1239.0
2025-01-04 17:08:00,75.22,8.11,0.0341,3.44,1257.0
2025-01-04 17:09:00,74.65,8.38,0.0319,3.37,1231.0
2025-01-04 17:10:00,75.53,8.28,0.0278,3.43,1227.0
2025-01-04 17:11:00,74.81,8.66,0.0385,3.4,1254.0
2025-01-04 17:12:00,74.85,8.47,0.0312,3.39,1225.0
2025-01-04 17:13:00,75.01,8.21,0.0322,3.37,1231.0
2025-01-04 17:14:00,74.95,8.39,0.035,3.27,1219.0
2025-01-04 17:15:00,74.6,8.49,0.0284,3.38,1225.0
2025-01-04 17:16:00,75.17,8.49,0.0355,3.4,1212.0
2025-01-04 17:17:00,74.26,8.34,0.0321,3.37,1239.0
2025-01-04 17:18:00,75.18,8.54,0.0325,3.31,1220.0
2025-01-04 17:19:00,74.7,8.23,0.0375,3.3,1211.0
2025-01-04 17:20:00,75.62,8.56,0.0273,3.36,1221.0
2025-01-04 17:21:00,74.85,8.54,0.0283,3.34,1223.0
2025-01-04 17:22:00,75.54,8.54,0.0317,3.3,1222.0
2025-01-04 17:23:00,75.14,8.52,0.0258,3.39,1243.0
2025-01-04 17:24:00,74.73,8.16,0.0335,3.34,1241.0
2025-01-04 17:25:00,75.43,8.45,0.0353,3.38,1244.0
2025-01-04 17:26:00,74.9,8.57,0.029,3.33,1235.0
2025-01-04 17:27:00,75.23,8.57,0.0351,3.33,1239.0
2025-01-04 17:28:00,74.81,8.68,0.0311,3.31,1200.0
2025-01-04 17:29:00,75.23,8.46,0.0325,3.35,1219.0
2025-01-04 17:30:00,74.83,8.39,0.0301,3.36,1244.0
2025-01-04 17:31:00,74.85,8.63,0.0324,3.41,1222.0
2025-01-04 17:32:00,75.03,8.43,0.0351,3.41,1218.0
2025-01-04 17:33:00,74.83,8.52,0.0323,3.42,1243.0
2025-01-04 17:34:00,74.65,8.44,0.0271,3.39,1237.0
2025-01-04 17:35:00,75.4,8.35,0.032,3.34,1216.0
2025-01-04 17:36:00,75.17,8.52,0.0325,3.34,1200.0
2025-01-04 17:37:00,74.97,8.04,0.0357,3.0,1200.0
2025-01-04 17:38:00,75.62,8.38,0.0336,3.38,1229.0
2025-01-04 17:39:00,74.93,8.24,0.0263,3.39,1239.0
2025-01-04 17:40:00,74.82,8.17,0.032,3.34,1200.0
2025-01-04 17:41:00,75.16,8.6,0.0303,3.44,1204.0
2025-01-04 17:42:00,74.99,8.88,0.0286,3.42,1230.0
2025-01-04 17:43:00,75.22,8.38,0.033,3.39,1221.0
2025-01-04 17:44:00,74.56,8.52,0.0278,3.41,1209.0
2025-01-04 17:45:00,75.18,8.66,0.033,3.34,1234.0
2025-01-04 17:46:00,74.86,8.45,0.0309,3.39,1235.0
2025-01-04 17:47:00,75.15,8.44,0.0313,3.33,1236.0
2025-01-04 17:48:00,75.15,8.49,0.0326,3.33,1231.0
2025-01-04 17:49:00,75.5,8.43,0.0321,3.43,1207.0
2025-01-04 17:50:00,75.02,8.12,0.0296,3.32,1231.0
2025-01-04 17:51:00,75.13,8.61,0.0321,3.31,1244.0
2025-01-04 17:52:00,75.29,8.32,0.0343,3.36,1230.0
2025-01-04 17:53:00,74.86,8.55,0.0328,3.3,1214.0
2025-01-04 17:54:00,75.41,8.48,0.0306,3.4,1225.0
2025-01-04 17:55:00,74.94,8.25,0.033,3.32,1212.0
2025-01-04 17:56:00,74.89,8.61,0.0319,3.37,1238.0
2025-01-04 17:57:00,75.08,8.01,0.0296,3.35,1210.0
2025-01-04 17:58:00,74.8,8.13,0.0342,3.38,1232.0
2025-01-04 17:59:00,75.14,8.03,0.0335,3.43,1217.0
2025-01-04 18:00:00,69.61,8.0,0.0109,3.11,1200.0
2025-01-04 18:01:00,70.17,8.0,0.0105,3.2,1200.0
2025-01-04 18:02:00,70.2,8.0,0.0139,3.1,1200.0
2025-01-04 18:03:00,70.38,8.0,0.0166,3.18,1200.0
2025-01-04 18:04:00,69.92,8.0,0.0181,3.18,1200.0
2025-01-04 18:05:00,70.17,8.0,0.0166,3.12,1200.0
2025-01-04 18:06:00,70.2,8.0,0.0171,3.24,1200.0
2025-01-04 18:07:00,70.13,8.0,0.0103,3.31,1200.0
2025-01-04 18:08:00,69.85,8.0,0.0156,3.05,1200.0
2025-01-04 18:09:00,70.14,8.0,0.0131,3.15,1200.0
2025-01-04 18:10:00,69.48,8.0,0.0146,3.18,1200.0
2025-01-04 18:11:00,69.64,8.0,0.0162,3.09,1200.0
2025-01-04 18:12:00,70.12,8.0,0.0093,3.06,1200.0
2025-01-04 18:13:00,70.37,8.0,0.0172,3.17,1200.0
2025-01-04 18:14:00,69.83,8.0,0.0194,3.2,1200.0
2025-01-04 18:15:00,70.1,8.0,0.0156,3.17,1200.0
2025-01-04 18:16:00,69.99,8.0,0.0182,3.16,1200.0
2025-01-04 18:17:00,69.87,8.0,0.0137,3.16,1200.0
2025-01-04 18:18:00,70.15,8.0,0.0176,3.13,1200.0
2025-01-04 18:19:00,69.8,8.0,0.0194,3.11,1200.0
2025-01-04 18:20:00,69.93,8.0,0.0169,3.13,1200.0
2025-01-04 18:21:00,69.77,8.0,0.0168,3.14,1200.0
2025-01-04 18:22:00,70.11,8.0,0.0152,3.17,1200.0
2025-01-04 18:23:00,70.04,8.0,0.0156,3.15,1200.0
2025-01-04 18:24:00,70.79,8.0,0.0234,3.16,1200.0
2025-01-04 18:25:00,69.54,8.0,0.0173,3.18,1200.0
2025-01-04 18:26:00,70.13,8.0,0.016,3.16,1200.0
2025-01-04 18:27:00,70.54,8.0,0.0159,3.19,1200.0
2025-01-04 18:28:00,70.48,8.0,0.0161,3.18,1200.0
2025-01-04 18:29:00,69.97,8.0,0.0149,3.06,1200.0
2025-01-04 18:30:00,70.28,8.0,0.0218,3.13,1200.0
2025-01-04 18:31:00,69.77,8.0,0.0202,3.18,1200.0
2025-01-04 18:32:00,69.93,8.0,0.0088,3.11,1200.0
2025-01-04 18:33:00,70.2,8.0,0.0221,3.1,1200.0
2025-01-04 18:34:00,69.46,8.0,0.0159,3.22,1200.0
2025-01-04 18:35:00,69.63,8.0,0.0188,3.11,1200.0
2025-01-04 18:36:00,70.31,8.0,0.0183,3.24,1200.0
2025-01-04 18:37:00,70.32,8.0,0.0155,3.16,1200.0
2025-01-04 18:38:00,70.13,8.0,0.0157,3.16,1200.0
2025-01-04 18:39:00,70.15,8.0,0.0183,3.06,1200.0
2025-01-04 18:40:00,69.57,8.0,0.023,3.12,1200.0
2025-01-04 18:41:00,70.14,8.0,0.0161,3.21,1200.0
2025-01-04 18:42:00,69.98,8.0,0.0183,3.2,1200.0
2025-01-04 18:43:00,69.94,8.0,0.0187,3.08,1200.0
2025-01-04 18:44:00,69.79,8.0,0.0126,3.13,1200.0
2025-01-04 18:45:00,70.61,8.0,0.0128,3.16,1200.0
2025-01-04 18:46:00,70.13,8.0,0.0116,3.1,1200.0
2025-01-04 18:47:00,69.54,8.0,0.0144,3.11,1200.0
2025-01-04 18:48:00,69.94,8.0,0.0178,3.17,1200.0
2025-01-04 18:49:00,69.91,8.0,0.016,3.23,1200.0
2025-01-04 18:50:00,69.64,8.0,0.0202,3.16,1200.0
2025-01-04 18:51:00,69.79,8.0,0.0189,3.14,1200.0
2025-01-04 18:52:00,70.39,8.0,0.0171,3.13,1200.0
2025-01-04 18:53:00,70.16,8.0,0.0196,3.09,1200.0
2025-01-04 18:54:00,70.16,8.0,0.0203,3.1,1200.0
2025-01-04 18:55:00,70.68,8.0,0.0172,3.15,1200.0
2025-01-04 18:56:00,70.14,8.0,0.0214,3.09,1200.0
2025-01-04 18:57:00,85.05,10.08,0.2236,3.14,1200.0
2025-01-04 18:58:00,69.64,8.0,0.0194,3.14,1200.0
2025-01-04 18:59:00,70.51,8.0,0.0211,3.11,1200.0
2025-01-04 19:00:00,70.25,8.0,0.0193,3.14,1200.0
2025-01-04 19:01:00,69.88,8.0,0.0131,3.09,1200.0
2025-01-04 19:02:00,70.0,8.0,0.0139,3.1,1200.0
2025-01-04 19:03:00,69.93,8.0,0.0159,3.07,1200.0
2025-01-04 19:04:00,69.45,8.0,0.0205,3.13,1200.0
2025-01-04 19:05:00,70.04,8.0,0.0198,3.15,1200.0
2025-01-04 19:06:00,70.06,8.0,0.0178,3.1,1200.0
2025-01-04 19:07:00,70.05,8.0,0.0185,3.16,1200.0
2025-01-04 19:08:00,70.15,8.0,0.013,3.14,1200.0
2025-01-04 19:09:00,70.54,8.0,0.0138,3.14,1200.0
2025-01-04 19:10:00,69.61,8.0,0.0169,3.18,1200.0
2025-01-04 19:11:00,69.59,8.0,0.0161,3.16,1200.0
2025-01-04 19:12:00,70.11,8.0,0.0196,3.24,1200.0
2025-01-04 19:13:00,70.84,8.0,0.0144,3.16,1200.0
2025-01-04 19:14:00,69.67,8.0,0.0153,3.17,1200.0
2025-01-04 19:15:00,69.56,8.0,0.0166,3.18,1200.0
2025-01-04 19:16:00,69.63,8.0,0.0205,3.19,1200.0
2025-01-04 19:17:00,70.37,8.0,0.0225,3.06,1200.0
2025-01-04 19:18:00,69.84,8.0,0.0185,3.06,1200.0
2025-01-04 19:19:00,70.02,8.0,0.0196,3.13,1200.0
2025-01-04 19:20:00,70.14,8.0,0.021,3.12,1200.0
2025-01-04 19:21:00,69.88,8.0,0.0196,3.08,1200.0
2025-01-04 19:22:00,69.68,8.0,0.0142,3.12,1200.0
2025-01-04 19:23:00,69.86,8.0,0.0259,3.16,1200.0
2025-01-04 19:24:00,70.14,8.0,0.0164,3.17,1200.0
2025-01-04 19:25:00,69.98,8.0,0.0182,3.23,1200.0
2025-01-04 19:26:00,69.96,8.0,0.0164,3.22,1200.0
2025-01-04 19:27:00,70.09,8.0,0.0177,3.24,1200.0
2025-01-04 19:28:00,70.2,8.0,0.0174,3.2,1200.0
2025-01-04 19:29:00,84.48,9.85,0.2175,3.18,1200.0
2025-01-04 19:30:00,70.5,8.0,0.0184,3.15,1200.0
2025-01-04 19:31:00,70.05,8.0,0.0202,3.1,1200.0
2025-01-04 19:32:00,69.9,8.0,0.0136,3.15,1200.0
2025-01-04 19:33:00,70.07,8.0,0.0112,3.14,1200.0
2025-01-04 19:34:00,70.4,8.0,0.0131,3.08,1200.0
2025-01-04 19:35:00,70.19,8.0,0.0158,3.15,1200.0
2025-01-04 19:36:00,69.64,8.0,0.0167,3.13,1200.0
2025-01-04 19:37:00,69.94,8.0,0.0135,3.2,1200.0
2025-01-04 19:38:00,70.41,8.0,0.0173,3.23,1200.0
2025-01-04 19:39:00,70.62,8.0,0.0166,3.16,1200.0
2025-01-04 19:40:00,70.13,8.0,0.0191,3.2,1200.0
2025-01-04 19:41:00,70.04,8.0,0.0146,3.18,1200.0
2025-01-04 19:42:00,69.86,8.0,0.0167,3.18,1200.0
2025-01-04 19:43:00,69.93,8.0,0.0167,3.17,1200.0
2025-01-04 19:44:00,70.06,8.0,0.0168,3.14,1200.0
2025-01-04 19:45:00,70.01,8.0,0.0147,3.14,1200.0
2025-01-04 19:46:00,70.14,8.0,0.0166,3.12,1200.0
2025-01-04 19:47:00,70.66,8.0,0.0149,3.27,1200.0
2025-01-04 19:48:00,70.15,8.0,0.0152,3.13,1200.0
2025-01-04 19:49:00,69.99,8.0,0.0146,3.15,1200.0
2025-01-04 19:50:00,70.08,8.0,0.0176,3.07,1200.0
2025-01-04 19:51:00,70.47,8.0,0.0173,3.15,1200.0
2025-01-04 19:52:00,70.09,8.0,0.0228,3.09,1200.0
2025-01-04 19:53:00,69.91,8.0,0.0222,3.08,1200.0
2025-01-04 19:54:00,69.19,8.0,0.0195,3.18,1200.0
2025-01-04 19:55:00,70.13,8.0,0.0189,3.06,1200.0
2025-01-04 19:56:00,70.31,8.0,0.0162,3.16,1200.0
2025-01-04 19:57:00,70.14,8.0,0.0225,3.18,1200.0
2025-01-04 19:58:00,69.29,8.0,0.0163,3.17,1200.0
2025-01-04 19:59:00,69.87,8.0,0.0151,3.11,1200.0
2025-01-04 20:00:00,69.62,8.0,0.0169,3.24,1200.0
2025-01-04 20:01:00,69.86,8.0,0.0138,3.18,1200.0
2025-01-04 20:02:00,69.35,8.0,0.0223,3.21,1200.0
2025-01-04 20:03:00,70.19,8.0,0.0157,3.1,1200.0
2025-01-04 20:04:00,69.8,8.0,0.0225,3.19,1200.0
2025-01-04 20:05:00,70.07,8.0,0.0077,3.13,1200.0
2025-01-04 20:06:00,69.84,8.0,0.0176,3.21,1200.0
2025-01-04 20:07:00,70.25,8.0,0.0235,3.18,1200.0
2025-01-04 20:08:00,69.99,8.0,0.0168,3.2,1200.0
2025-01-04 20:09:00,69.79,8.0,0.0236,3.12,1200.0
2025-01-04 20:10:00,69.87,8.0,0.0163,3.17,1200.0
2025-01-04 20:11:00,69.86,8.0,0.0152,3.25,1200.0
2025-01-04 20:12:00,69.77,8.0,0.0186,3.13,1200.0
2025-01-04 20:13:00,69.8,8.0,0.0188,3.12,1200.0
2025-01-04 20:14:00,69.64,8.0,0.0207,3.16,1200.0
2025-01-04 20:15:00,75.04,8.0,0.3186,3.23,1200.0
2025-01-04 20:16:00,69.99,8.0,0.0087,3.14,1200.0
2025-01-04 20:17:00,70.08,8.0,0.0162,3.14,1200.0
2025-01-04 20:18:00,70.05,8.0,0.0125,3.15,1200.0
2025-01-04 20:19:00,70.09,8.0,0.0185,3.2,1200.0
2025-01-04 20:20:00,70.69,8.0,0.0142,3.15,1200.0
2025-01-04 20:21:00,70.35,8.0,0.02,3.16,1200.0
2025-01-04 20:22:00,69.79,8.0,0.0181,3.07,1200.0
2025-01-04 20:23:00,69.68,8.0,0.0151,3.1,1200.0
2025-01-04 20:24:00,70.31,8.0,0.0168,3.05,1200.0
2025-01-04 20:25:00,69.65,8.0,0.0156,3.11,1200.0
2025-01-04 20:26:00,70.28,8.0,0.0217,3.16,1200.0
2025-01-04 20:27:00,69.73,8.0,0.0155,3.06,1200.0
2025-01-04 20:28:00,70.19,8.0,0.0198,3.14,1200.0
2025-01-04 20:29:00,70.14,8.0,0.0168,3.21,1200.0
2025-01-04 20:30:00,69.85,8.0,0.0216,3.19,1200.0
2025-01-04 20:31:00,69.63,8.0,0.0194,3.22,1200.0
2025-01-04 20:32:00,69.61,8.0,0.0193,3.12,1200.0
2025-01-04 20:33:00,70.47,8.0,0.0182,3.2,1200.0
2025-01-04 20:34:00,69.99,8.0,0.0211,3.15,1200.0
2025-01-04 20:35:00,70.16,8.0,0.023,3.14,1200.0
2025-01-04 20:36:00,70.05,8.0,0.0131,3.22,1200.0
2025-01-04 20:37:00,69.85,8.0,0.0169,3.16,1200.0
2025-01-04 20:38:00,69.7,8.0,0.0162,3.16,1200.0
2025-01-04 20:39:00,70.9,8.0,0.0184,3.23,1200.0
2025-01-04 20:40:00,70.13,8.0,0.0157,3.18,1200.0
2025-01-04 20:41:00,70.04,8.0,0.017,3.19,1200.0
2025-01-04 20:42:00,69.66,8.0,0.0187,3.01,1200.0
2025-01-04 20:43:00,70.09,8.0,0.0216,3.24,1200.0
2025-01-04 20:44:00,69.82,8.0,0.0133,3.16,1200.0
2025-01-04 20:45:00,69.86,8.0,0.0174,3.21,1200.0
2025-01-04 20:46:00,70.14,8.0,0.0219,3.12,1200.0
2025-01-04 20:47:00,69.87,8.0,0.0181,3.14,1200.0
2025-01-04 20:48:00,69.47,8.0,0.0183,3.16,1200.0
2025-01-04 20:49:00,70.1,8.0,0.0167,3.12,1200.0
2025-01-04 20:50:00,70.31,8.0,0.0174,3.09,1200.0
2025-01-04 20:51:00,70.24,8.0,0.0222,3.03,1200.0
2025-01-04 20:52:00,70.11,8.0,0.014,3.21,1200.0
2025-01-04 20:53:00,70.12,8.0,0.0163,3.15,1200.0
2025-01-04 20:54:00,70.28,8.0,0.0191,3.19,1200.0
2025-01-04 20:55:00,69.79,8.0,0.0165,3.19,1200.0
2025-01-04 20:56:00,69.65,8.0,0.0165,3.18,1200.0
2025-01-04 20:57:00,69.86,8.0,0.0124,3.22,1200.0
2025-01-04 20:58:00,69.51,8.0,0.0234,3.12,1200.0
2025-01-04 20:59:00,69.87,8.0,0.0109,3.13,1200.0
2025-01-04 21:00:00,69.59,8.0,0.0165,3.2,1200.0
2025-01-04 21:01:00,69.77,8.0,0.016,3.2,1200.0
2025-01-04 21:02:00,69.73,8.0,0.0188,3.16,1200.0
2025-01-04 21:03:00,70.13,8.0,0.0173,3.09,1200.0
2025-01-04 21:04:00,70.15,8.0,0.0194,3.22,1200.0
2025-01-04 21:05:00,70.15,8.0,0.0148,3.14,1200.0
2025-01-04 21:06:00,70.0,8.0,0.0153,3.22,1200.0
2025-01-04 21:07:00,70.25,8.0,0.0118,3.03,1200.0
2025-01-04 21:08:00,70.26,8.0,0.0193,3.2,1200.0
2025-01-04 21:09:00,69.57,8.0,0.0144,3.19,1200.0
2025-01-04 21:10:00,69.89,8.0,0.0166,3.26,1200.0
2025-01-04 21:11:00,70.17,8.0,0.0235,3.21,1200.0
2025-01-04 21:12:00,70.08,8.0,0.0224,3.27,1200.0
2025-01-04 21:13:00,69.88,8.0,0.0208,3.14,1200.0
2025-01-04 21:14:00,69.75,8.0,0.017,3.1,1200.0
2025-01-04 21:15:00,70.06,8.0,0.0235,3.17,1200.0
2025-01-04 21:16:00,69.82,8.0,0.021,3.14,1200.0
2025-01-04 21:17:00,69.82,8.0,0.017,3.18,1200.0
2025-01-04 21:18:00,70.42,8.0,0.0152,3.14,1200.0
2025-01-04 21:19:00,69.78,8.0,0.0182,3.11,1200.0
2025-01-04 21:20:00,69.62,8.0,0.0204,3.12,1200.0
2025-01-04 21:21:00,69.79,8.0,0.0178,3.15,1200.0
2025-01-04 21:22:00,70.07,8.0,0.0217,3.13,1200.0
2025-01-04 21:23:00,69.87,8.0,0.0199,3.08,1200.0
2025-01-04 21:24:00,69.61,8.0,0.0228,3.15,1200.0
2025-01-04 21:25:00,70.12,8.0,0.0151,3.16,1200.0
2025-01-04 21:26:00,69.79,8.0,0.0191,3.09,1200.0
2025-01-04 21:27:00,70.15,8.0,0.0152,3.03,1200.0
2025-01-04 21:28:00,70.23,8.0,0.0172,3.19,1200.0
2025-01-04 21:29:00,70.15,8.0,0.017,3.25,1200.0
2025-01-04 21:30:00,69.72,8.0,0.0179,3.11,1200.0
2025-01-04 21:31:00,69.75,8.0,0.0193,3.18,1200.0
2025-01-04 21:32:00,70.44,8.0,0.0135,3.15,1200.0
2025-01-04 21:33:00,70.34,8.0,0.0218,3.12,1200.0
2025-01-04 21:34:00,70.18,8.0,0.0143,3.09,1200.0
2025-01-04 21:35:00,69.09,8.0,0.0259,3.13,1200.0
2025-01-04 21:36:00,70.03,8.0,0.0122,3.17,1200.0
2025-01-04 21:37:00,70.02,8.0,0.02,3.22,1200.0
2025-01-04 21:38:00,69.76,8.0,0.0152,3.15,1200.0
2025-01-04 21:39:00,69.44,8.0,0.0188,3.23,1200.0
2025-01-04 21:40:00,70.07,8.0,0.0145,3.17,1200.0
2025-01-04 21:41:00,69.81,8.0,0.0175,3.17,1200.0
2025-01-04 21:42:00,69.73,8.0,0.0146,3.11,1200.0
2025-01-04 21:43:00,69.99,8.0,0.02,3.18,1200.0
2025-01-04 21:44:00,70.26,8.0,0.0159,3.13,1200.0
2025-01-04 21:45:00,69.8,8.0,0.0169,3.11,1200.0
2025-01-04 21:46:00,69.71,8.0,0.013,3.17,1200.0
2025-01-04 21:47:00,69.54,8.0,0.02,3.14,1200.0
2025-01-04 21:48:00,70.14,8.0,0.0215,3.13,1200.0
2025-01-04 21:49:00,70.04,8.0,0.0156,3.22,1200.0
2025-01-04 21:50:00,69.44,8.0,0.0157,3.17,1200.0
2025-01-04 21:51:00,69.79,8.0,0.0212,3.19,1200.0
2025-01-04 21:52:00,69.89,8.0,0.0208,3.12,1200.0
2025-01-04 21:53:00,70.24,8.0,0.0186,3.18,1200.0
2025-01-04 21:54:00,69.84,8.0,0.0139,3.19,1200.0
2025-01-04 21:55:00,70.09,8.0,0.0166,3.12,1200.0
2025-01-04 21:56:00,70.29,8.0,0.0165,3.04,1200.0
2025-01-04 21:57:00,69.93,8.0,0.0153,3.09,1200.0
2025-01-04 21:58:00,70.06,8.0,0.0198,3.27,1200.0
2025-01-04 21:59:00,70.01,8.0,0.0155,3.07,1200.0
2025-01-04 22:00:00,70.3,8.0,0.0123,3.16,1200.0
2025-01-04 22:01:00,69.31,8.0,0.0196,3.29,1200.0
2025-01-04 22:02:00,69.66,8.0,0.0187,3.14,1200.0
2025-01-04 22:03:00,69.87,8.0,0.0153,3.2,1200.0
2025-01-04 22:04:00,69.82,8.0,0.0131,3.23,1200.0
2025-01-04 22:05:00,70.62,8.0,0.0165,3.16,1200.0
2025-01-04 22:06:00,69.48,8.0,0.0151,3.19,1200.0
2025-01-04 22:07:00,69.63,8.0,0.0171,3.18,1200.0
2025-01-04 22:08:00,70.36,8.0,0.0147,3.23,1200.0
2025-01-04 22:09:00,69.98,8.0,0.0189,3.17,1200.0
2025-01-04 22:10:00,69.83,8.0,0.0208,3.13,1200.0
2025-01-04 22:11:00,70.23,8.0,0.017,3.15,1200.0
2025-01-04 22:12:00,69.82,8.0,0.0109,3.1,1200.0
2025-01-04 22:13:00,70.33,8.0,0.021,3.09,1200.0
2025-01-04 22:14:00,69.81,8.0,0.0181,3.12,1200.0
2025-01-04 22:15:00,70.31,8.0,0.0191,3.14,1200.0
2025-01-04 22:16:00,69.87,8.0,0.0221,3.12,1200.0
2025-01-04 22:17:00,70.39,8.0,0.0156,3.14,1200.0
2025-01-04 22:18:00,69.92,8.0,0.0143,3.19,1200.0
2025-01-04 22:19:00,69.79,8.0,0.0169,3.12,1200.0
2025-01-04 22:20:00,70.09,8.0,0.0155,3.13,1200.0
2025-01-04 22:21:00,69.96,8.0,0.0168,3.14,1200.0
2025-01-04 22:22:00,70.06,8.0,0.0178,3.11,1200.0
2025-01-04 22:23:00,70.4,8.0,0.017,3.18,1200.0
2025-01-04 22:24:00,69.46,8.0,0.0155,3.13,1200.0
2025-01-04 22:25:00,69.31,8.0,0.0161,3.12,1200.0
2025-01-04 22:26:00,69.53,8.0,0.0194,3.12,1200.0
2025-01-04 22:27:00,69.81,8.0,0.0161,3.16,1200.0
2025-01-04 22:28:00,70.16,8.0,0.0172,3.06,1200.0
2025-01-04 22:29:00,70.01,8.0,0.0237,3.13,1200.0
2025-01-04 22:30:00,69.71,8.0,0.0193,3.14,1200.0
2025-01-04 22:31:00,69.75,8.0,0.0154,3.2,1200.0
2025-01-04 22:32:00,70.03,8.0,0.0201,3.16,1200.0
2025-01-04 22:33:00,70.05,8.0,0.0194,3.18,1200.0
2025-01-04 22:34:00,69.98,8.0,0.0147,3.13,1200.0
2025-01-04 22:35:00,70.63,8.0,0.0222,3.21,1200.0
2025-01-04 22:36:00,70.11,8.0,0.0205,3.07,1200.0
2025-01-04 22:37:00,70.3,8.0,0.0191,3.17,1200.0
2025-01-04 22:38:00,70.04,8.0,0.0177,3.19,1200.0
2025-01-04 22:39:00,69.65,8.0,0.0165,3.14,1200.0
2025-01-04 22:40:00,70.32,8.0,0.0171,3.09,1200.0
2025-01-04 22:41:00,69.77,8.0,0.0176,3.15,1200.0
2025-01-04 22:42:00,70.1,8.0,0.0187,3.16,1200.0
2025-01-04 22:43:00,70.11,8.0,0.0131,3.19,1200.0
2025-01-04 22:44:00,70.23,8.0,0.023,3.14,1200.0
2025-01-04 22:45:00,70.04,8.0,0.0137,3.16,1200.0
2025-01-04 22:46:00,70.12,8.0,0.0164,3.16,1200.0
2025-01-04 22:47:00,70.37,8.0,0.0179,3.16,1200.0
2025-01-04 22:48:00,69.33,8.0,0.017,3.06,1200.0
2025-01-04 22:49:00,70.07,8.0,0.0177,3.19,1200.0
2025-01-04 22:50:00,69.61,8.0,0.0176,3.15,1200.0
2025-01-04 22:51:00,69.85,8.0,0.0168,3.19,1200.0
2025-01-04 22:52:00,69.74,8.0,0.0142,3.19,1200.0
2025-01-04 22:53:00,69.91,8.0,0.0201,3.11,1200.0
2025-01-04 22:54:00,70.05,8.0,0.0196,3.15,1200.0
2025-01-04 22:55:00,69.92,8.0,0.0171,3.2,1200.0
2025-01-04 22:56:00,70.42,8.0,0.017,3.21,1200.0
2025-01-04 22:57:00,70.62,8.0,0.0164,3.15,1200.0
2025-01-04 22:58:00,69.78,8.0,0.0133,3.2,1200.0
2025-01-04 22:59:00,69.54,8.0,0.0208,3.15,1200.0
2025-01-04 23:00:00,69.69,8.0,0.0168,3.16,1200.0
2025-01-04 23:01:00,69.76,8.0,0.0143,3.21,1200.0
2025-01-04 23:02:00,69.92,8.0,0.0156,3.22,1200.0
2025-01-04 23:03:00,69.83,8.0,0.0153,3.12,1200.0
2025-01-04 23:04:00,69.94,8.0,0.017,3.12,1200.0
2025-01-04 23:05:00,70.04,8.0,0.0198,3.17,1200.0
2025-01-04 23:06:00,69.83,8.0,0.0161,3.16,1200.0
2025-01-04 23:07:00,70.44,8.0,0.0204,3.08,1200.0
2025-01-04 23:08:00,70.16,8.0,0.0193,3.09,1200.0
2025-01-04 23:09:00,69.79,8.0,0.0213,3.23,1200.0
2025-01-04 23:10:00,70.07,8.0,0.0169,3.12,1200.0
2025-01-04 23:11:00,70.18,8.0,0.0179,3.12,1200.0
2025-01-04 23:12:00,69.86,8.0,0.0188,3.2,1200.0
2025-01-04 23:13:00,70.16,8.0,0.017,3.22,1200.0
2025-01-04 23:14:00,69.86,8.0,0.0132,3.1,1200.0
2025-01-04 23:15:00,70.21,8.0,0.0188,3.13,1200.0
2025-01-04 23:16:00,70.07,8.0,0.0178,3.14,1200.0
2025-01-04 23:17:00,69.59,8.0,0.016,3.25,1200.0
2025-01-04 23:18:00,70.23,8.0,0.0195,3.13,1200.0
2025-01-04 23:19:00,69.91,8.0,0.0161,3.08,1200.0
2025-01-04 23:20:00,69.5,8.0,0.0194,3.08,1200.0
2025-01-04 23:21:00,70.22,8.0,0.0182,3.22,1200.0
2025-01-04 23:22:00,70.2,8.0,0.0148,3.16,1200.0
2025-01-04 23:23:00,70.03,8.0,0.0159,3.28,1200.0
2025-01-04 23:24:00,70.13,8.0,0.0169,3.19,1200.0
2025-01-04 23:25:00,69.63,8.0,0.0171,3.11,1200.0
2025-01-04 23:26:00,69.95,8.0,0.012,3.2,1200.0
2025-01-04 23:27:00,69.85,8.0,0.0194,3.13,1200.0
2025-01-04 23:28:00,70.13,8.0,0.0147,3.09,1200.0
2025-01-04 23:29:00,69.89,8.0,0.0181,3.16,1200.0
2025-01-04 23:30:00,70.29,8.0,0.013,3.13,1200.0
2025-01-04 23:31:00,69.78,8.0,0.0173,3.21,1200.0
2025-01-04 23:32:00,69.94,8.0,0.0191,3.21,1200.0
2025-01-04 23:33:00,69.67,8.0,0.018,3.21,1200.0
2025-01-04 23:34:00,69.79,8.0,0.0223,3.12,1200.0
2025-01-04 23:35:00,69.62,8.0,0.0115,3.17,1200.0
2025-01-04 23:36:00,69.78,8.0,0.0228,3.14,1200.0
2025-01-04 23:37:00,69.66,8.0,0.0187,3.09,1200.0
2025-01-04 23:38:00,70.05,8.0,0.0184,3.12,1200.0
2025-01-04 23:39:00,69.53,8.0,0.0185,3.12,1200.0
2025-01-04 23:40:00,69.76,8.0,0.0206,3.18,1200.0
2025-01-04 23:41:00,69.65,8.0,0.0153,3.2,1200.0
2025-01-04 23:42:00,85.37,10.23,0.2159,3.14,1200.0
2025-01-04 23:43:00,70.22,8.0,0.0098,3.14,1200.0
2025-01-04 23:44:00,69.64,8.0,0.021,3.23,1200.0
2025-01-04 23:45:00,70.8,8.0,0.0169,3.18,1200.0
2025-01-04 23:46:00,70.3,8.0,0.0178,3.18,1200.0
2025-01-04 23:47:00,70.2,8.0,0.0127,3.19,1200.0
2025-01-04 23:48:00,70.0,8.0,0.0182,3.15,1200.0
2025-01-04 23:49:00,70.0,8.0,0.0153,3.19,1200.0
2025-01-04 23:50:00,70.18,8.0,0.0134,3.11,1200.0
2025-01-04 23:51:00,70.09,8.0,0.0222,3.13,1200.0
2025-01-04 23:52:00,70.22,8.0,0.0184,3.2,1200.0
2025-01-04 23:53:00,70.63,8.0,0.0182,3.21,1200.0
2025-01-04 23:54:00,70.12,8.0,0.0203,3.06,1200.0
2025-01-04 23:55:00,70.12,8.0,0.0168,3.14,1200.0
2025-01-04 23:56:00,69.76,8.0,0.0194,3.15,1200.0
2025-01-04 23:57:00,69.91,8.0,0.0201,3.17,1200.0
2025-01-04 23:58:00,70.23,8.0,0.0138,3.11,1200.0
2025-01-04 23:59:00,69.9,8.0,0.0223,3.1,1200.0
2025-01-05 00:00:00,70.04,8.0,0.0199,3.23,1200.0
2025-01-05 00:01:00,69.83,8.0,0.0143,3.14,1200.0
2025-01-05 00:02:00,70.16,8.0,0.0177,3.11,1200.0
2025-01-05 00:03:00,70.08,8.0,0.0155,3.26,1200.0
2025-01-05 00:04:00,69.77,8.0,0.019,3.12,1200.0
2025-01-05 00:05:00,69.95,8.0,0.0169,3.17,1200.0
2025-01-05 00:06:00,69.88,8.0,0.0205,3.05,1200.0
2025-01-05 00:07:00,70.12,8.0,0.0247,3.2,1200.0
2025-01-05 00:08:00,69.82,8.0,0.017,3.11,1200.0
2025-01-05 00:09:00,70.19,8.0,0.018,3.03,1200.0
2025-01-05 00:10:00,69.87,8.0,0.0158,3.07,1200.0
2025-01-05 00:11:00,70.09,8.0,0.0155,3.24,1200.0
2025-01-05 00:12:00,70.42,8.0,0.0136,3.06,1200.0
2025-01-05 00:13:00,70.6,8.0,0.0141,3.22,1200.0
2025-01-05 00:14:00,70.12,8.0,0.0194,3.08,1200.0
2025-01-05 00:15:00,70.22,8.0,0.0142,3.1,1200.0
2025-01-05 00:16:00,70.28,8.0,0.0166,3.12,1200.0
2025-01-05 00:17:00,70.36,8.0,0.0121,3.16,1200.0
2025-01-05 00:18:00,70.21,8.0,0.0171,3.13,1200.0
2025-01-05 00:19:00,70.02,8.0,0.0171,3.15,1200.0
2025-01-05 00:20:00,69.73,8.0,0.0183,3.15,1200.0
2025-01-05 00:21:00,70.76,8.0,0.0154,3.19,1200.0
2025-01-05 00:22:00,70.05,8.0,0.0157,3.24,1200.0
2025-01-05 00:23:00,69.65,8.0,0.0184,3.16,1200.0
2025-01-05 00:24:00,69.5,8.0,0.0197,3.21,1200.0
2025-01-05 00:25:00,70.21,8.0,0.0189,3.11,1200.0
2025-01-05 00:26:00,69.92,8.0,0.0161,3.11,1200.0
2025-01-05 00:27:00,69.97,8.0,0.0135,3.19,1200.0
2025-01-05 00:28:00,70.35,8.0,0.0148,3.08,1200.0
2025-01-05 00:29:00,70.37,8.0,0.0139,3.21,1200.0
2025-01-05 00:30:00,69.66,8.0,0.0207,3.03,1200.0
2025-01-05 00:31:00,70.02,8.0,0.0154,3.19,1200.0
2025-01-05 00:32:00,69.68,8.0,0.0201,3.09,1200.0
2025-01-05 00:33:00,70.06,8.0,0.0148,3.1,1200.0
2025-01-05 00:34:00,75.11,8.0,0.3197,3.15,1200.0
2025-01-05 00:35:00,69.9,8.0,0.0179,3.19,1200.0
2025-01-05 00:36:00,70.13,8.0,0.0158,3.24,1200.0
2025-01-05 00:37:00,70.2,8.0,0.0159,3.04,1200.0
2025-01-05 00:38:00,70.25,8.0,0.014,3.15,1200.0
2025-01-05 00:39:00,69.97,8.0,0.0194,3.19,1200.0
2025-01-05 00:40:00,70.0,8.0,0.0148,3.15,1200.0
2025-01-05 00:41:00,69.85,8.0,0.0204,3.17,1200.0
2025-01-05 00:42:00,69.74,8.0,0.013,3.12,1200.0
2025-01-05 00:43:00,69.55,8.0,0.016,3.07,1200.0
2025-01-05 00:44:00,69.67,8.0,0.02,3.07,1200.0
2025-01-05 00:45:00,70.28,8.0,0.0163,3.19,1200.0
2025-01-05 00:46:00,69.65,8.0,0.0164,3.24,1200.0
2025-01-05 00:47:00,70.27,8.0,0.0169,3.16,1200.0
2025-01-05 00:48:00,69.54,8.0,0.0168,3.19,1200.0
2025-01-05 00:49:00,70.05,8.0,0.0158,3.09,1200.0
2025-01-05 00:50:00,70.02,8.0,0.0191,3.11,1200.0
2025-01-05 00:51:00,70.26,8.0,0.0138,3.13,1200.0
2025-01-05 00:52:00,70.09,8.0,0.0209,3.16,1200.0
2025-01-05 00:53:00,69.43,8.0,0.0148,3.06,1200.0
2025-01-05 00:54:00,70.4,8.0,0.0125,3.13,1200.0
2025-01-05 00:55:00,70.41,8.0,0.019,3.16,1200.0
2025-01-05 00:56:00,70.05,8.0,0.0137,3.12,1200.0
2025-01-05 00:57:00,69.47,8.0,0.0187,3.17,1200.0
2025-01-05 00:58:00,69.47,8.0,0.0137,3.15,1200.0
2025-01-05 00:59:00,70.2,8.0,0.0187,3.17,1200.0
2025-01-05 01:00:00,69.98,8.0,0.0204,3.1,1200.0
2025-01-05 01:01:00,69.74,8.0,0.0177,3.23,1200.0
2025-01-05 01:02:00,69.57,8.0,0.0172,3.12,1200.0
2025-01-05 01:03:00,70.06,8.0,0.0209,3.16,1200.0
2025-01-05 01:04:00,69.92,8.0,0.0161,3.11,1200.0
2025-01-05 01:05:00,70.23,8.0,0.015,3.17,1200.0
2025-01-05 01:06:00,69.88,8.0,0.0202,3.24,1200.0
2025-01-05 01:07:00,70.23,8.0,0.0133,3.07,1200.0
2025-01-05 01:08:00,70.21,8.0,0.0153,3.13,1200.0
2025-01-05 01:09:00,70.54,8.0,0.0146,3.19,1200.0
2025-01-05 01:10:00,69.78,8.0,0.012,3.15,1200.0
2025-01-05 01:11:00,70.48,8.0,0.0219,3.19,1200.0
2025-01-05 01:12:00,69.95,8.0,0.0143,3.15,1200.0
2025-01-05 01:13:00,69.61,8.0,0.016,3.11,1200.0
2025-01-05 01:14:00,69.76,8.0,0.0277,3.21,1200.0
2025-01-05 01:15:00,69.53,8.0,0.0155,3.13,1200.0
2025-01-05 01:16:00,69.97,8.0,0.0141,3.13,1200.0
2025-01-05 01:17:00,70.23,8.0,0.0156,3.21,1200.0
2025-01-05 01:18:00,69.74,8.0,0.0183,3.14,1200.0
2025-01-05 01:19:00,69.87,8.0,0.0158,3.18,1200.0
2025-01-05 01:20:00,69.82,8.0,0.0129,3.08,1200.0
2025-01-05 01:21:00,69.55,8.0,0.0137,3.15,1200.0
2025-01-05 01:22:00,69.65,8.0,0.02,3.11,1200.0
2025-01-05 01:23:00,70.34,8.0,0.0116,3.2,1200.0
2025-01-05 01:24:00,70.08,8.0,0.0169,3.18,1200.0
2025-01-05 01:25:00,70.29,8.0,0.016,3.19,1200.0
2025-01-05 01:26:00,70.56,8.0,0.0145,3.16,1200.0
2025-01-05 01:27:00,69.89,8.0,0.0194,3.08,1200.0
2025-01-05 01:28:00,69.83,8.0,0.0102,3.12,1200.0
2025-01-05 01:29:00,70.27,8.0,0.0192,3.12,1200.0
2025-01-05 01:30:00,69.94,8.0,0.0189,3.18,1200.0
2025-01-05 01:31:00,69.86,8.0,0.0145,3.17,1200.0
2025-01-05 01:32:00,70.46,8.0,0.0166,3.1,1200.0
2025-01-05 01:33:00,70.33,8.0,0.0203,3.07,1200.0
2025-01-05 01:34:00,70.19,8.0,0.0217,3.18,1200.0
2025-01-05 01:35:00,70.09,8.0,0.0087,3.19,1200.0
2025-01-05 01:36:00,70.21,8.0,0.0173,3.1,1200.0
2025-01-05 01:37:00,69.46,8.0,0.0108,3.12,1200.0
2025-01-05 01:38:00,70.01,8.0,0.0207,3.11,1200.0
2025-01-05 01:39:00,70.55,8.0,0.0149,3.18,1200.0
2025-01-05 01:40:00,70.07,8.0,0.0143,3.15,1200.0
2025-01-05 01:41:00,70.08,8.0,0.0165,3.13,1200.0
2025-01-05 01:42:00,70.1,8.0,0.0137,3.18,1200.0
2025-01-05 01:43:00,69.55,8.0,0.0143,3.1,1200.0
2025-01-05 01:44:00,70.01,8.0,0.0177,3.06,1200.0
2025-01-05 01:45:00,69.82,8.0,0.0116,3.12,1200.0
2025-01-05 01:46:00,69.73,8.0,0.0107,3.23,1200.0
2025-01-05 01:47:00,70.17,8.0,0.0158,3.2,1200.0
2025-01-05 01:48:00,69.77,8.0,0.0155,3.12,1200.0
2025-01-05 01:49:00,70.3,8.0,0.0203,3.21,1200.0
2025-01-05 01:50:00,70.31,8.0,0.0172,3.07,1200.0
2025-01-05 01:51:00,69.21,8.0,0.0187,3.25,1200.0
2025-01-05 01:52:00,70.07,8.0,0.0148,3.0,1200.0
2025-01-05 01:53:00,69.83,8.0,0.0143,3.13,1200.0
2025-01-05 01:54:00,69.77,8.0,0.0186,3.13,1200.0
2025-01-05 01:55:00,69.67,8.0,0.0171,3.21,1200.0
2025-01-05 01:56:00,69.97,8.0,0.0143,3.0,1200.0
2025-01-05 01:57:00,69.93,8.0,0.0247,3.11,1200.0
2025-01-05 01:58:00,69.86,8.0,0.0166,3.2,1200.0
2025-01-05 01:59:00,70.03,8.0,0.0161,3.18,1200.0
2025-01-05 02:00:00,69.2,8.0,0.0207,3.2,1200.0
2025-01-05 02:01:00,69.78,8.0,0.0186,3.14,1200.0
2025-01-05 02:02:00,70.09,8.0,0.0166,3.14,1200.0
2025-01-05 02:03:00,70.12,8.0,0.0185,3.07,1200.0
2025-01-05 02:04:00,70.27,8.0,0.014,3.16,1200.0
2025-01-05 02:05:00,69.81,8.0,0.0142,3.15,1200.0
2025-01-05 02:06:00,69.96,8.0,0.0176,3.14,1200.0
2025-01-05 02:07:00,70.17,8.0,0.0223,3.15,1200.0
2025-01-05 02:08:00,69.71,8.0,0.0241,3.16,1200.0
2025-01-05 02:09:00,69.98,8.0,0.0163,3.2,1200.0
2025-01-05 02:10:00,70.4,8.0,0.0174,3.09,1200.0
2025-01-05 02:11:00,69.98,8.0,0.0238,3.13,1200.0
2025-01-05 02:12:00,69.84,8.0,0.0168,3.15,1200.0
2025-01-05 02:13:00,69.62,8.0,0.0203,3.15,1200.0
2025-01-05 02:14:00,69.42,8.0,0.0167,3.17,1200.0
2025-01-05 02:15:00,69.67,8.0,0.0226,3.17,1200.0
2025-01-05 02:16:00,69.62,8.0,0.0145,3.14,1200.0
2025-01-05 02:17:00,70.38,8.0,0.0167,3.08,1200.0
2025-01-05 02:18:00,70.16,8.0,0.0144,3.15,1200.0
2025-01-05 02:19:00,69.56,8.0,0.0169,3.1,1200.0
2025-01-05 02:20:00,70.32,8.0,0.0187,3.08,1200.0
2025-01-05 02:21:00,70.32,8.0,0.0229,3.18,1200.0
2025-01-05 02:22:00,70.29,8.0,0.0147,3.14,1200.0
2025-01-05 02:23:00,69.77,8.0,0.0177,3.2,1200.0
2025-01-05 02:24:00,70.05,8.0,0.0183,3.05,1200.0
2025-01-05 02:25:00,69.79,8.0,0.0155,3.16,1200.0
2025-01-05 02:26:00,70.29,8.0,0.02,3.14,1200.0
2025-01-05 02:27:00,70.0,8.0,0.0208,3.17,1200.0
2025-01-05 02:28:00,69.57,8.0,0.0142,3.17,1200.0
2025-01-05 02:29:00,69.5,8.0,0.0123,3.15,1200.0
2025-01-05 02:30:00,70.0,8.0,0.0158,3.18,1200.0
2025-01-05 02:31:00,70.1,8.0,0.0164,3.23,1200.0
2025-01-05 02:32:00,70.24,8.0,0.0192,3.15,1200.0
2025-01-05 02:33:00,70.08,8.0,0.0234,3.15,1200.0
2025-01-05 02:34:00,70.28,8.0,0.0156,3.16,1200.0
2025-01-05 02:35:00,70.33,8.0,0.0197,3.23,1200.0
2025-01-05 02:36:00,69.8,8.0,0.0142,3.11,1200.0
2025-01-05 02:37:00,70.38,8.0,0.0218,3.2,1200.0
2025-01-05 02:38:00,69.76,8.0,0.0175,3.09,1200.0
2025-01-05 02:39:00,70.47,8.0,0.0134,3.19,1200.0
2025-01-05 02:40:00,70.36,8.0,0.016,3.18,1200.0
2025-01-05 02:41:00,69.97,8.0,0.0146,3.13,1200.0
2025-01-05 02:42:00,70.14,8.0,0.0169,3.12,1200.0
2025-01-05 02:43:00,70.29,8.0,0.0205,3.14,1200.0
2025-01-05 02:44:00,70.04,8.0,0.0189,3.14,1200.0
2025-01-05 02:45:00,70.38,8.0,0.0157,3.11,1200.0
2025-01-05 02:46:00,70.03,8.0,0.0163,3.07,1200.0
2025-01-05 02:47:00,69.95,8.0,0.0183,3.22,1200.0
2025-01-05 02:48:00,70.19,8.0,0.0193,3.12,1200.0
2025-01-05 02:49:00,69.9,8.0,0.0136,3.23,1200.0
2025-01-05 02:50:00,69.97,8.0,0.014,3.17,1200.0
2025-01-05 02:51:00,69.85,8.0,0.0167,3.11,1200.0
2025-01-05 02:52:00,70.14,8.0,0.0158,3.28,1200.0
2025-01-05 02:53:00,69.74,8.0,0.0218,3.15,1200.0
2025-01-05 02:54:00,69.95,8.0,0.02,3.2,1200.0
2025-01-05 02:55:00,69.41,8.0,0.0144,3.06,1200.0
2025-01-05 02:56:00,69.9,8.0,0.0199,3.13,1200.0
2025-01-05 02:57:00,69.84,8.0,0.0187,3.17,1200.0
2025-01-05 02:58:00,70.15,8.0,0.0188,3.1,1200.0
2025-01-05 02:59:00,70.02,8.0,0.0145,3.07,1200.0
2025-01-05 03:00:00,69.34,8.0,0.0179,3.12,1200.0
2025-01-05 03:01:00,70.23,8.0,0.0174,3.04,1200.0
2025-01-05 03:02:00,85.28,10.08,0.2179,3.15,1200.0
2025-01-05 03:03:00,69.74,8.0,0.0138,3.1,1200.0
2025-01-05 03:04:00,69.04,8.0,0.0198,3.06,1200.0
2025-01-05 03:05:00,70.16,8.0,0.0161,3.2,1200.0
2025-01-05 03:06:00,70.23,8.0,0.0205,3.1,1200.0
2025-01-05 03:07:00,69.93,8.0,0.0159,3.16,1200.0
2025-01-05 03:08:00,70.48,8.0,0.0172,3.18,1200.0
2025-01-05 03:09:00,70.36,8.0,0.0233,3.16,1200.0
2025-01-05 03:10:00,70.08,8.0,0.0148,3.2,1200.0
2025-01-05 03:11:00,70.16,8.0,0.0225,3.06,1200.0
2025-01-05 03:12:00,70.24,8.0,0.0213,3.19,1200.0
2025-01-05 03:13:00,70.55,8.0,0.0147,3.17,1200.0
2025-01-05 03:14:00,69.88,8.0,0.0108,3.1,1200.0
2025-01-05 03:15:00,69.71,8.0,0.0127,3.14,1200.0
2025-01-05 03:16:00,70.05,8.0,0.0182,3.17,1200.0
2025-01-05 03:17:00,69.95,8.0,0.0189,3.14,1200.0
2025-01-05 03:18:00,69.99,8.0,0.0137,3.02,1200.0
2025-01-05 03:19:00,69.88,8.0,0.0145,3.21,1200.0
2025-01-05 03:20:00,70.95,8.0,0.019,3.23,1200.0
2025-01-05 03:21:00,69.94,8.0,0.0174,3.18,1200.0
2025-01-05 03:22:00,69.84,8.0,0.0195,3.12,1200.0
2025-01-05 03:23:00,69.6,8.0,0.0126,3.11,1200.0
2025-01-05 03:24:00,70.26,8.0,0.0216,3.05,1200.0
2025-01-05 03:25:00,70.59,8.0,0.0148,3.18,1200.0
2025-01-05 03:26:00,70.24,8.0,0.0153,3.09,1200.0
2025-01-05 03:27:00,70.07,8.0,0.0148,3.05,1200.0
2025-01-05 03:28:00,70.06,8.0,0.0251,3.16,1200.0
2025-01-05 03:29:00,70.15,8.0,0.0123,3.08,1200.0
2025-01-05 03:30:00,70.26,8.0,0.0196,3.14,1200.0
2025-01-05 03:31:00,70.21,8.0,0.019,3.02,1200.0
2025-01-05 03:32:00,69.79,8.0,0.0205,3.19,1200.0
2025-01-05 03:33:00,69.84,8.0,0.0159,3.17,1200.0
2025-01-05 03:34:00,70.74,8.0,0.0183,3.26,1200.0
2025-01-05 03:35:00,70.15,8.0,0.0123,3.07,1200.0
2025-01-05 03:36:00,69.93,8.0,0.0222,3.04,1200.0
2025-01-05 03:37:00,69.81,8.0,0.0137,3.21,1200.0
2025-01-05 03:38:00,70.25,8.0,0.0155,3.18,1200.0
2025-01-05 03:39:00,69.85,8.0,0.0169,3.2,1200.0
2025-01-05 03:40:00,70.33,8.0,0.0174,3.13,1200.0
2025-01-05 03:41:00,70.01,8.0,0.0161,3.21,1200.0
2025-01-05 03:42:00,69.83,8.0,0.0172,3.19,1200.0
2025-01-05 03:43:00,69.69,8.0,0.0212,3.12,1200.0
2025-01-05 03:44:00,70.24,8.0,0.0227,3.15,1200.0
2025-01-05 03:45:00,70.32,8.0,0.0211,3.13,1200.0
2025-01-05 03:46:00,69.99,8.0,0.018,3.1,1200.0
2025-01-05 03:47:00,69.76,8.0,0.0123,3.15,1200.0
2025-01-05 03:48:00,69.45,8.0,0.0208,3.11,1200.0
2025-01-05 03:49:00,69.81,8.0,0.018,3.22,1200.0
2025-01-05 03:50:00,69.88,8.0,0.0184,3.14,1200.0
2025-01-05 03:51:00,70.06,8.0,0.0129,3.18,1200.0
2025-01-05 03:52:00,70.05,8.0,0.0178,3.11,1200.0
2025-01-05 03:53:00,69.86,8.0,0.0168,3.17,1200.0
2025-01-05 03:54:00,69.83,8.0,0.0201,3.16,1200.0
2025-01-05 03:55:00,70.43,8.0,0.0164,3.14,1200.0
2025-01-05 03:56:00,69.92,8.0,0.0189,3.2,1200.0
2025-01-05 03:57:00,70.21,8.0,0.0207,3.11,1200.0
2025-01-05 03:58:00,70.04,8.0,0.0212,3.21,1200.0
2025-01-05 03:59:00,70.38,8.0,0.0207,3.06,1200.0
2025-01-05 04:00:00,69.86,8.0,0.0198,3.17,1200.0
2025-01-05 04:01:00,70.18,8.0,0.0209,3.19,1200.0
2025-01-05 04:02:00,69.89,8.0,0.0207,3.19,1200.0
2025-01-05 04:03:00,69.45,8.0,0.0225,3.24,1200.0
2025-01-05 04:04:00,69.64,8.0,0.0182,3.12,1200.0
2025-01-05 04:05:00,69.75,8.0,0.0177,3.12,1200.0
2025-01-05 04:06:00,69.33,8.0,0.0216,3.18,1200.0
2025-01-05 04:07:00,69.84,8.0,0.0212,3.08,1200.0
2025-01-05 04:08:00,69.88,8.0,0.0159,3.17,1200.0
2025-01-05 04:09:00,69.97,8.0,0.0201,3.1,1200.0
2025-01-05 04:10:00,70.34,8.0,0.015,3.11,1200.0
2025-01-05 04:11:00,69.85,8.0,0.0128,3.11,1200.0
2025-01-05 04:12:00,69.62,8.0,0.0254,3.17,1200.0
2025-01-05 04:13:00,70.03,8.0,0.0166,3.19,1200.0
2025-01-05 04:14:00,70.13,8.0,0.0178,3.3,1200.0
2025-01-05 04:15:00,69.69,8.0,0.0155,3.12,1200.0
2025-01-05 04:16:00,69.67,8.0,0.0178,3.17,1200.0
2025-01-05 04:17:00,70.37,8.0,0.017,3.11,1200.0
2025-01-05 04:18:00,69.82,8.0,0.0163,3.17,1200.0
2025-01-05 04:19:00,70.27,8.0,0.0146,3.17,1200.0
2025-01-05 04:20:00,69.95,8.0,0.015,3.17,1200.0
2025-01-05 04:21:00,69.82,8.0,0.0211,3.16,1200.0
2025-01-05 04:22:00,69.77,8.0,0.0164,3.17,1200.0
2025-01-05 04:23:00,69.29,8.0,0.0136,3.18,1200.0
2025-01-05 04:24:00,69.81,8.0,0.0162,3.12,1200.0
2025-01-05 04:25:00,70.12,8.0,0.0135,3.21,1200.0
2025-01-05 04:26:00,69.68,8.0,0.0224,3.2,1200.0
2025-01-05 04:27:00,69.62,8.0,0.0155,3.12,1200.0
2025-01-05 04:28:00,69.61,8.0,0.0193,3.22,1200.0
2025-01-05 04:29:00,69.14,8.0,0.0146,3.17,1200.0
2025-01-05 04:30:00,69.92,8.0,0.0175,3.16,1200.0
2025-01-05 04:31:00,69.33,8.0,0.0169,3.18,1200.0
2025-01-05 04:32:00,69.99,8.0,0.0186,3.04,1200.0
2025-01-05 04:33:00,69.52,8.0,0.0173,3.14,1200.0
2025-01-05 04:34:00,69.42,8.0,0.0176,3.23,1200.0
2025-01-05 04:35:00,69.94,8.0,0.0209,3.06,1200.0
2025-01-05 04:36:00,70.17,8.0,0.0226,3.11,1200.0
2025-01-05 04:37:00,70.4,8.0,0.0146,3.1,1200.0
2025-01-05 04:38:00,69.65,8.0,0.0171,3.13,1200.0
2025-01-05 04:39:00,75.22,8.0,0.3188,3.15,1200.0
2025-01-05 04:40:00,70.07,8.0,0.0193,3.17,1200.0
2025-01-05 04:41:00,69.72,8.0,0.0189,3.17,1200.0
2025-01-05 04:42:00,70.16,8.0,0.0193,3.24,1200.0
2025-01-05 04:43:00,69.79,8.0,0.0148,3.21,1200.0
2025-01-05 04:44:00,70.25,8.0,0.0171,3.13,1200.0
2025-01-05 04:45:00,69.89,8.0,0.019,3.12,1200.0
2025-01-05 04:46:00,70.24,8.0,0.0226,3.19,1200.0
2025-01-05 04:47:00,70.18,8.0,0.0173,3.15,1200.0
2025-01-05 04:48:00,70.0,8.0,0.0196,3.17,1200.0
2025-01-05 04:49:00,70.13,8.0,0.0165,3.21,1200.0
2025-01-05 04:50:00,69.77,8.0,0.0141,3.12,1200.0
2025-01-05 04:51:00,69.77,8.0,0.0165,3.19,1200.0
2025-01-05 04:52:00,70.06,8.0,0.0182,3.13,1200.0
2025-01-05 04:53:00,69.25,8.0,0.0181,3.18,1200.0
2025-01-05 04:54:00,69.94,8.0,0.0184,3.08,1200.0
2025-01-05 04:55:00,69.97,8.0,0.0123,3.21,1200.0
2025-01-05 04:56:00,70.1,8.0,0.014,3.23,1200.0
2025-01-05 04:57:00,70.72,8.0,0.0199,3.04,1200.0
2025-01-05 04:58:00,70.28,8.0,0.0168,3.2,1200.0
2025-01-05 04:59:00,70.55,8.0,0.0193,3.0,1200.0
2025-01-05 05:00:00,69.89,8.0,0.0175,3.15,1200.0
2025-01-05 05:01:00,70.09,8.0,0.0173,3.16,1200.0
2025-01-05 05:02:00,70.16,8.0,0.0177,3.09,1200.0
2025-01-05 05:03:00,70.77,8.0,0.0193,3.13,1200.0
2025-01-05 05:04:00,69.77,8.0,0.0209,3.09,1200.0
2025-01-05 05:05:00,70.45,8.0,0.0171,3.28,1200.0
2025-01-05 05:06:00,69.97,8.0,0.02,3.17,1200.0
2025-01-05 05:07:00,70.21,8.0,0.0152,3.2,1200.0
2025-01-05 05:08:00,69.65,8.0,0.016,3.1,1200.0
2025-01-05 05:09:00,70.19,8.0,0.0134,3.13,1200.0
2025-01-05 05:10:00,69.71,8.0,0.0231,3.15,1200.0
2025-01-05 05:11:00,70.27,8.0,0.0165,3.12,1200.0
2025-01-05 05:12:00,70.48,8.0,0.0167,3.16,1200.0
2025-01-05 05:13:00,69.84,8.0,0.0165,3.07,1200.0
2025-01-05 05:14:00,69.74,8.0,0.014,3.1,1200.0
2025-01-05 05:15:00,69.53,8.0,0.0168,3.1,1200.0
2025-01-05 05:16:00,70.18,8.0,0.021,3.18,1200.0
2025-01-05 05:17:00,70.01,8.0,0.0159,3.06,1200.0
2025-01-05 05:18:00,70.21,8.0,0.0142,3.16,1200.0
2025-01-05 05:19:00,70.0,8.0,0.0107,3.1,1200.0
2025-01-05 05:20:00,70.03,8.0,0.0212,3.14,1200.0
2025-01-05 05:21:00,69.98,8.0,0.0171,3.08,1200.0
2025-01-05 05:22:00,69.58,8.0,0.0175,3.19,1200.0
2025-01-05 05:23:00,69.87,8.0,0.0158,3.05,1200.0
2025-01-05 05:24:00,69.25,8.0,0.0174,3.14,1200.0
2025-01-05 05:25:00,69.71,8.0,0.0215,3.15,1200.0
2025-01-05 05:26:00,70.51,8.0,0.0194,3.14,1200.0
2025-01-05 05:27:00,70.07,8.0,0.0193,3.2,1200.0
2025-01-05 05:28:00,69.11,8.0,0.0194,3.07,1200.0
2025-01-05 05:29:00,70.2,8.0,0.0167,3.19,1200.0
2025-01-05 05:30:00,69.42,8.0,0.0165,3.26,1200.0
2025-01-05 05:31:00,69.07,8.0,0.0159,3.2,1200.0
2025-01-05 05:32:00,69.92,8.0,0.0065,3.08,1200.0
2025-01-05 05:33:00,69.97,8.0,0.0157,3.2,1200.0
2025-01-05 05:34:00,69.77,8.0,0.0147,3.09,1200.0
2025-01-05 05:35:00,69.53,8.0,0.0179,3.2,1200.0
2025-01-05 05:36:00,70.36,8.0,0.0231,3.18,1200.0
2025-01-05 05:37:00,70.32,8.0,0.0214,3.14,1200.0
2025-01-05 05:38:00,69.62,8.0,0.0156,3.17,1200.0
2025-01-05 05:39:00,69.7,8.0,0.0114,3.09,1200.0
2025-01-05 05:40:00,70.09,8.0,0.0195,3.24,1200.0
2025-01-05 05:41:00,70.19,8.0,0.015,3.17,1200.0
2025-01-05 05:42:00,70.36,8.0,0.0176,3.24,1200.0
2025-01-05 05:43:00,69.64,8.0,0.0152,3.21,1200.0
2025-01-05 05:44:00,70.36,8.0,0.0177,3.15,1200.0
2025-01-05 05:45:00,70.0,8.0,0.0166,3.06,1200.0
2025-01-05 05:46:00,69.74,8.0,0.0172,3.18,1200.0
2025-01-05 05:47:00,70.85,8.0,0.0207,3.22,1200.0
2025-01-05 05:48:00,70.21,8.0,0.0198,3.09,1200.0
2025-01-05 05:49:00,69.96,8.0,0.0192,3.1,1200.0
2025-01-05 05:50:00,70.38,8.0,0.0165,3.15,1200.0
2025-01-05 05:51:00,69.42,8.0,0.0153,3.14,1200.0
2025-01-05 05:52:00,69.5,8.0,0.0163,3.09,1200.0
2025-01-05 05:53:00,69.32,8.0,0.0181,3.05,1200.0
2025-01-05 05:54:00,69.71,8.0,0.0185,3.09,1200.0
2025-01-05 05:55:00,70.28,8.0,0.0145,3.14,1200.0
2025-01-05 05:56:00,70.62,8.0,0.0198,3.03,1200.0
2025-01-05 05:57:00,70.11,8.0,0.0151,3.14,1200.0
2025-01-05 05:58:00,70.06,8.0,0.0147,3.11,1200.0
2025-01-05 05:59:00,70.28,8.0,0.019,3.14,1200.0
2025-01-05 06:00:00,75.02,8.0,0.0297,3.3,1226.0
2025-01-05 06:01:00,75.47,8.56,0.0425,3.25,1204.0
2025-01-05 06:02:00,74.75,8.4,0.0371,3.29,1218.0
2025-01-05 06:03:00,75.08,8.48,0.0333,3.32,1225.0
2025-01-05 06:04:00,75.09,8.34,0.0327,3.32,1217.0
2025-01-05 06:05:00,74.86,8.12,0.0269,3.32,1224.0
2025-01-05 06:06:00,74.66,8.63,0.0319,3.4,1227.0
2025-01-05 06:07:00,74.48,8.45,0.0327,3.35,1217.0
2025-01-05 06:08:00,75.17,8.65,0.0291,3.32,1215.0
2025-01-05 06:09:00,74.88,8.51,0.032,3.44,1221.0
2025-01-05 06:10:00,75.14,8.48,0.034,3.33,1200.0
2025-01-05 06:11:00,75.0,8.23,0.0287,3.37,1217.0
2025-01-05 06:12:00,75.12,8.64,0.0317,3.42,1230.0
2025-01-05 06:13:00,75.31,8.55,0.0334,3.42,1224.0
2025-01-05 06:14:00,75.06,8.0,0.0354,3.39,1224.0
2025-01-05 06:15:00,74.92,8.31,0.0314,3.33,1217.0
2025-01-05 06:16:00,75.07,8.16,0.0337,3.37,1216.0
2025-01-05 06:17:00,75.81,8.18,0.0342,3.41,1239.0
2025-01-05 06:18:00,74.89,8.46,0.0307,3.32,1226.0
2025-01-05 06:19:00,75.22,8.37,0.0318,3.29,1212.0
2025-01-05 06:20:00,74.92,8.26,0.0301,3.39,1212.0
2025-01-05 06:21:00,75.13,8.51,0.0292,3.37,1230.0
2025-01-05 06:22:00,75.18,8.73,0.035,3.34,1228.0
2025-01-05 06:23:00,75.25,8.33,0.0305,3.34,1229.0
2025-01-05 06:24:00,75.48,8.7,0.0387,3.47,1233.0
2025-01-05 06:25:00,75.35,8.28,0.0362,3.38,1242.0
2025-01-05 06:26:00,74.59,8.57,0.0346,3.31,1221.0
2025-01-05 06:27:00,75.13,8.27,0.0249,3.38,1211.0
2025-01-05 06:28:00,74.84,8.63,0.0244,3.3,1222.0
2025-01-05 06:29:00,75.35,8.26,0.0259,3.47,1237.0
2025-01-05 06:30:00,75.37,8.28,0.0322,3.38,1225.0
2025-01-05 06:31:00,74.54,8.22,0.0312,3.29,1239.0
2025-01-05 06:32:00,74.43,8.2,0.0326,3.43,1208.0
2025-01-05 06:33:00,74.69,8.57,0.033,3.24,1223.0
2025-01-05 06:34:00,74.89,8.97,0.0337,3.47,1229.0
2025-01-05 06:35:00,74.84,8.34,0.0323,3.32,1220.0
2025-01-05 06:36:00,75.2,8.29,0.0365,3.35,1218.0
2025-01-05 06:37:00,75.8,8.41,0.0303,3.38,1251.0
2025-01-05 06:38:00,74.75,8.42,0.0342,3.41,1230.0
2025-01-05 06:39:00,74.91,8.63,0.0356,3.34,1200.0
2025-01-05 06:40:00,74.8,8.27,0.0343,3.29,1234.0
2025-01-05 06:41:00,74.77,8.56,0.0291,3.35,1226.0
2025-01-05 06:42:00,74.46,8.77,0.0297,3.29,1215.0
2025-01-05 06:43:00,74.94,8.36,0.0296,3.36,1236.0
2025-01-05 06:44:00,75.72,8.44,0.0317,3.37,1223.0
2025-01-05 06:45:00,74.91,8.77,0.032,3.38,1215.0
2025-01-05 06:46:00,74.84,8.63,0.0376,3.31,1232.0
2025-01-05 06:47:00,74.71,8.29,0.0283,3.43,1251.0
2025-01-05 06:48:00,75.39,8.54,0.0349,3.38,1252.0
2025-01-05 06:49:00,75.25,8.43,0.031,3.29,1227.0
2025-01-05 06:50:00,74.82,8.32,0.0397,3.41,1258.0
2025-01-05 06:51:00,74.94,8.37,0.0319,3.32,1212.0
2025-01-05 06:52:00,74.91,8.19,0.0346,3.32,1230.0
2025-01-05 06:53:00,74.92,8.76,0.0292,3.41,1226.0
2025-01-05 06:54:00,74.65,8.55,0.0296,3.44,1235.0
2025-01-05 06:55:00,75.02,8.11,0.034,3.38,1215.0
2025-01-05 06:56:00,74.97,8.63,0.033,3.36,1219.0
2025-01-05 06:57:00,74.73,8.21,0.0264,3.26,1223.0
2025-01-05 06:58:00,74.73,8.13,0.0372,3.36,1257.0
2025-01-05 06:59:00,75.19,8.1,0.0349,3.38,1216.0
2025-01-05 07:00:00,75.41,8.29,0.038,3.34,1227.0
2025-01-05 07:01:00,74.82,8.34,0.0232,3.34,1246.0
2025-01-05 07:02:00,74.94,8.64,0.0359,3.34,1230.0
2025-01-05 07:03:00,74.69,8.64,0.028,3.32,1234.0
2025-01-05 07:04:00,75.15,8.79,0.037,3.35,1243.0
2025-01-05 07:05:00,75.06,8.26,0.0347,3.4,1207.0
2025-01-05 07:06:00,74.73,8.33,0.0341,3.42,1230.0
2025-01-05 07:07:00,75.0,8.6,0.0286,3.42,1212.0
2025-01-05 07:08:00,75.37,8.6,0.0315,3.42,1217.0
2025-01-05 07:09:00,74.72,8.36,0.0345,3.37,1227.0
2025-01-05 07:10:00,74.44,8.34,0.0325,3.32,1243.0
2025-01-05 07:11:00,75.27,8.5,0.0328,3.32,1261.0
2025-01-05 07:12:00,74.87,8.69,0.0298,3.29,1217.0
2025-01-05 07:13:00,75.03,8.47,0.0347,3.38,1200.0
2025-01-05 07:14:00,75.22,8.65,0.0328,3.33,1242.0
2025-01-05 07:15:00,74.87,8.41,0.0296,3.29,1259.0
2025-01-05 07:16:00,74.96,8.03,0.0288,3.34,1215.0
2025-01-05 07:17:00,75.46,8.0,0.0339,3.46,1245.0
2025-01-05 07:18:00,75.26,8.58,0.031,3.46,1234.0
2025-01-05 07:19:00,74.31,8.6,0.0338,3.36,1232.0
2025-01-05 07:20:00,74.94,8.36,0.0306,3.26,1218.0
2025-01-05 07:21:00,74.69,8.64,0.0311,3.3,1214.0
2025-01-05 07:22:00,75.19,8.37,0.0352,3.34,1233.0
2025-01-05 07:23:00,75.04,8.22,0.0345,3.33,1238.0
2025-01-05 07:24:00,75.35,8.53,0.0328,3.44,1222.0
2025-01-05 07:25:00,75.12,8.32,0.0363,3.39,1237.0
2025-01-05 07:26:00,74.74,8.6,0.028,3.22,1228.0
2025-01-05 07:27:00,74.68,8.5,0.0298,3.34,1229.0
2025-01-05 07:28:00,74.83,8.64,0.0277,3.38,1200.0
2025-01-05 07:29:00,74.99,8.25,0.0362,3.38,1229.0
2025-01-05 07:30:00,74.94,8.0,0.0266,3.43,1210.0
2025-01-05 07:31:00,75.11,8.2,0.0315,3.33,1231.0
2025-01-05 07:32:00,74.97,8.31,0.0368,3.32,1225.0
2025-01-05 07:33:00,75.05,8.39,0.0359,3.0,1200.0
2025-01-05 07:34:00,75.5,8.16,0.0339,3.33,1203.0
2025-01-05 07:35:00,74.91,8.37,0.0317,3.34,1215.0
2025-01-05 07:36:00,75.21,8.17,0.0243,3.33,1232.0
2025-01-05 07:37:00,75.44,8.35,0.0347,3.29,1242.0
2025-01-05 07:38:00,74.81,8.41,0.0338,3.31,1246.0
2025-01-05 07:39:00,75.67,8.46,0.031,3.33,1221.0
2025-01-05 07:40:00,75.01,8.44,0.0265,3.32,1230.0
2025-01-05 07:41:00,75.28,8.57,0.0363,3.34,1234.0
2025-01-05 07:42:00,75.27,8.7,0.0352,3.36,1200.0
2025-01-05 07:43:00,75.58,8.58,0.0283,3.33,1243.0
2025-01-05 07:44:00,74.86,8.4,0.0303,3.29,1215.0
2025-01-05 07:45:00,74.86,8.55,0.0278,3.39,1212.0
2025-01-05 07:46:00,75.11,8.58,0.0314,3.31,1237.0
2025-01-05 07:47:00,75.03,8.47,0.0342,3.3,1250.0
2025-01-05 07:48:00,75.12,8.18,0.0301,3.32,1217.0
2025-01-05 07:49:00,74.67,8.74,0.03,3.33,1208.0
2025-01-05 07:50:00,75.04,8.35,0.0306,3.45,1244.0
2025-01-05 07:51:00,75.82,8.0,0.0381,3.42,1200.0
2025-01-05 07:52:00,75.17,8.29,0.0354,3.41,1232.0
2025-01-05 07:53:00,74.8,8.98,0.0355,3.37,1214.0
2025-01-05 07:54:00,75.55,8.06,0.0323,3.37,1200.0
2025-01-05 07:55:00,74.92,8.0,0.0315,3.39,1227.0
2025-01-05 07:56:00,74.8,8.48,0.0334,3.44,1226.0
2025-01-05 07:57:00,75.21,8.06,0.0278,3.37,1254.0
2025-01-05 07:58:00,75.58,8.38,0.0306,3.44,1215.0
2025-01-05 07:59:00,75.34,8.83,0.0266,3.34,1222.0
2025-01-05 08:00:00,75.45,8.35,0.0278,3.34,1218.0
2025-01-05 08:01:00,74.68,8.48,0.0289,3.39,1242.0
2025-01-05 08:02:00,75.22,8.46,0.0322,3.31,1228.0
2025-01-05 08:03:00,75.53,8.56,0.0342,3.31,1233.0
2025-01-05 08:04:00,74.82,8.67,0.0339,3.35,1223.0
2025-01-05 08:05:00,74.65,8.42,0.0314,3.39,1257.0
2025-01-05 08:06:00,74.74,8.6,0.0342,3.34,1222.0
2025-01-05 08:07:00,74.81,8.7,0.034,3.36,1211.0
2025-01-05 08:08:00,75.14,8.36,0.0317,3.34,1227.0
2025-01-05 08:09:00,75.5,8.42,0.0313,3.4,1231.0
2025-01-05 08:10:00,75.11,8.28,0.0344,3.33,1217.0
2025-01-05 08:11:00,74.82,8.15,0.0359,3.36,1218.0
2025-01-05 08:12:00,74.52,8.2,0.0318,3.34,1243.0
2025-01-05 08:13:00,74.98,8.0,0.0302,3.34,1240.0
2025-01-05 08:14:00,75.3,8.0,0.0278,3.36,1220.0
2025-01-05 08:15:00,74.8,8.67,0.0284,3.37,1235.0
2025-01-05 08:16:00,74.71,8.56,0.0349,3.4,1228.0
2025-01-05 08:17:00,74.76,8.59,0.0285,3.41,1229.0
2025-01-05 08:18:00,74.76,8.1,0.0388,3.38,1219.0
2025-01-05 08:19:00,75.39,8.27,0.0285,3.35,1203.0
2025-01-05 08:20:00,74.81,8.51,0.0322,3.32,1217.0
2025-01-05 08:21:00,75.3,8.07,0.031,3.33,1209.0
2025-01-05 08:22:00,75.55,8.3,0.0289,3.39,1219.0
2025-01-05 08:23:00,74.94,8.14,0.0333,3.38,1237.0
2025-01-05 08:24:00,74.87,8.69,0.0307,3.34,1243.0
2025-01-05 08:25:00,74.66,8.17,0.029,3.45,1243.0
2025-01-05 08:26:00,75.4,8.81,0.029,3.38,1218.0
2025-01-05 08:27:00,75.24,8.59,0.0342,3.47,1219.0
2025-01-05 08:28:00,75.08,8.0,0.0345,3.31,1244.0
2025-01-05 08:29:00,74.57,8.44,0.0265,3.35,1218.0
2025-01-05 08:30:00,75.33,8.43,0.0305,3.36,1233.0
2025-01-05 08:31:00,74.78,8.9,0.0304,3.43,1219.0
2025-01-05 08:32:00,74.96,8.3,0.0318,3.29,1219.0
2025-01-05 08:33:00,75.2,8.27,0.0318,3.31,1235.0
2025-01-05 08:34:00,75.02,8.35,0.0275,3.36,1220.0
2025-01-05 08:35:00,74.93,8.39,0.0305,3.35,1210.0
2025-01-05 08:36:00,75.03,8.25,0.0334,3.37,1250.0
2025-01-05 08:37:00,75.11,8.09,0.0352,3.35,1234.0
2025-01-05 08:38:00,74.65,8.4,0.0331,3.38,1233.0
2025-01-05 08:39:00,75.37,8.78,0.0298,3.42,1230.0
2025-01-05 08:40:00,74.55,8.3,0.026,3.28,1240.0
2025-01-05 08:41:00,75.14,8.58,0.0342,3.34,1213.0
2025-01-05 08:42:00,74.58,8.42,0.0297,3.39,1205.0
2025-01-05 08:43:00,74.71,8.63,0.0309,3.41,1227.0
2025-01-05 08:44:00,75.62,8.49,0.0299,3.28,1243.0
2025-01-05 08:45:00,75.05,8.44,0.028,3.33,1218.0
2025-01-05 08:46:00,74.66,8.94,0.0311,3.41,1216.0
2025-01-05 08:47:00,75.01,8.43,0.0278,3.32,1215.0
2025-01-05 08:48:00,75.01,8.32,0.0335,3.32,1246.0
2025-01-05 08:49:00,75.42,8.7,0.0289,3.4,1217.0
2025-01-05 08:50:00,75.07,8.57,0.0281,3.36,1202.0
2025-01-05 08:51:00,74.89,8.19,0.0269,3.45,1218.0
2025-01-05 08:52:00,74.82,8.36,0.0317,3.38,1236.0
2025-01-05 08:53:00,74.85,8.59,0.0305,3.35,1215.0
2025-01-05 08:54:00,75.77,8.2,0.0264,3.35,1232.0
2025-01-05 08:55:00,75.18,8.41,0.0306,3.34,1233.0
2025-01-05 08:56:00,74.68,8.31,0.0278,3.34,1230.0
2025-01-05 08:57:00,74.58,8.26,0.0326,3.3,1243.0
2025-01-05 08:58:00,75.27,8.6,0.0332,3.32,1211.0
2025-01-05 08:59:00,75.13,8.14,0.0338,3.41,1228.0
2025-01-05 09:00:00,75.11,8.65,0.0384,3.44,1240.0
2025-01-05 09:01:00,74.83,8.33,0.0271,3.37,1219.0
2025-01-05 09:02:00,74.52,8.51,0.0354,3.38,1253.0
2025-01-05 09:03:00,75.06,8.07,0.0337,3.39,1233.0
2025-01-05 09:04:00,74.76,8.46,0.0278,3.36,1211.0
2025-01-05 09:05:00,75.18,8.42,0.0283,3.37,1204.0
2025-01-05 09:06:00,74.92,8.18,0.0372,3.38,1241.0
2025-01-05 09:07:00,74.9,8.63,0.0239,3.43,1229.0
2025-01-05 09:08:00,75.17,8.56,0.0329,3.29,1211.0
2025-01-05 09:09:00,74.6,8.36,0.0331,3.39,1233.0
2025-01-05 09:10:00,74.73,8.44,0.0377,3.34,1219.0
2025-01-05 09:11:00,75.33,8.13,0.0281,3.38,1236.0
2025-01-05 09:12:00,75.14,8.28,0.0298,3.36,1216.0
2025-01-05 09:13:00,74.86,8.12,0.0306,3.37,1230.0
2025-01-05 09:14:00,75.26,8.58,0.0334,3.37,1241.0
2025-01-05 09:15:00,75.52,8.28,0.0319,3.28,1209.0
2025-01-05 09:16:00,74.82,8.29,0.0252,3.32,1236.0
2025-01-05 09:17:00,74.83,8.4,0.0326,3.25,1200.0
2025-01-05 09:18:00,74.32,8.26,0.0323,3.33,1237.0
2025-01-05 09:19:00,74.49,8.82,0.0329,3.36,1205.0
2025-01-05 09:20:00,75.05,8.43,0.0361,3.36,1223.0
2025-01-05 09:21:00,75.07,8.4,0.0345,3.32,1223.0
2025-01-05 09:22:00,74.99,8.49,0.0331,3.38,1216.0
2025-01-05 09:23:00,74.59,8.0,0.0334,3.35,1205.0
2025-01-05 09:24:00,74.85,8.14,0.0266,3.4,1237.0
2025-01-05 09:25:00,74.57,8.4,0.0267,3.38,1243.0
2025-01-05 09:26:00,74.55,8.37,0.0339,3.32,1219.0
2025-01-05 09:27:00,74.84,8.31,0.0295,3.38,1223.0
2025-01-05 09:28:00,74.78,8.37,0.0288,3.34,1205.0
2025-01-05 09:29:00,75.35,8.52,0.0323,3.42,1201.0
2025-01-05 09:30:00,74.8,8.51,0.0317,3.36,1236.0
2025-01-05 09:31:00,75.39,8.59,0.0331,3.31,1210.0
2025-01-05 09:32:00,75.17,8.29,0.0373,3.36,1247.0
2025-01-05 09:33:00,74.61,8.25,0.0309,3.35,1205.0
2025-01-05 09:34:00,74.5,8.41,0.0322,3.35,1216.0
2025-01-05 09:35:00,75.21,8.36,0.0335,3.42,1223.0
2025-01-05 09:36:00,75.25,8.38,0.0295,3.39,1248.0
2025-01-05 09:37:00,75.13,8.31,0.0367,3.33,1220.0
2025-01-05 09:38:00,75.12,8.48,0.0285,3.34,1224.0
2025-01-05 09:39:00,75.21,8.5,0.0297,3.39,1242.0
2025-01-05 09:40:00,74.88,8.64,0.0319,3.29,1223.0
2025-01-05 09:41:00,89.64,11.29,0.2295,3.4,1225.0
2025-01-05 09:42:00,74.65,8.02,0.0315,3.35,1229.0
2025-01-05 09:43:00,75.17,8.54,0.0273,3.38,1243.0
2025-01-05 09:44:00,74.79,8.33,0.0311,3.41,1226.0
2025-01-05 09:45:00,74.55,8.3,0.0378,3.43,1231.0
2025-01-05 09:46:00,75.23,8.66,0.0331,3.39,1243.0
2025-01-05 09:47:00,75.15,8.62,0.0304,3.36,1250.0
2025-01-05 09:48:00,74.69,8.5,0.0268,3.37,1206.0
2025-01-05 09:49:00,74.97,8.68,0.0317,3.38,1215.0
2025-01-05 09:50:00,74.78,8.5,0.0291,3.31,1214.0
2025-01-05 09:51:00,75.39,8.48,0.0296,3.37,1236.0
2025-01-05 09:52:00,75.0,8.46,0.0311,3.35,1215.0
2025-01-05 09:53:00,75.07,8.31,0.038,3.35,1232.0
2025-01-05 09:54:00,74.96,8.39,0.0249,3.4,1224.0
2025-01-05 09:55:00,75.19,8.07,0.0306,3.34,1222.0
2025-01-05 09:56:00,75.26,8.27,0.0331,3.39,1207.0
2025-01-05 09:57:00,75.43,8.2,0.0277,3.4,1223.0
2025-01-05 09:58:00,74.98,8.69,0.0293,3.37,1227.0
2025-01-05 09:59:00,75.51,8.57,0.0322,3.45,1243.0
2025-01-05 10:00:00,75.5,8.66,0.0314,3.36,1200.0
2025-01-05 10:01:00,74.91,8.0,0.0318,3.3,1225.0
2025-01-05 10:02:00,75.18,8.42,0.0332,3.26,1218.0
2025-01-05 10:03:00,75.21,8.1,0.0306,3.35,1224.0
2025-01-05 10:04:00,75.27,8.56,0.0292,3.4,1224.0
2025-01-05 10:05:00,74.56,8.48,0.0326,3.28,1250.0
2025-01-05 10:06:00,74.85,8.47,0.0287,3.39,1238.0
2025-01-05 10:07:00,75.22,8.08,0.0341,3.34,1226.0
2025-01-05 10:08:00,74.91,8.33,0.0338,3.34,1200.0
2025-01-05 10:09:00,75.18,8.52,0.0304,3.41,1200.0
2025-01-05 10:10:00,75.41,8.47,0.0328,3.3,1208.0
2025-01-05 10:11:00,74.73,8.47,0.0321,3.43,1239.0
2025-01-05 10:12:00,75.03,8.33,0.0308,3.31,1224.0
2025-01-05 10:13:00,74.94,8.44,0.0332,3.31,1227.0
2025-01-05 10:14:00,75.24,8.3,0.0307,3.43,1223.0
2025-01-05 10:15:00,74.98,8.58,0.0339,3.32,1224.0
2025-01-05 10:16:00,75.2,8.5,0.0304,3.38,1224.0
2025-01-05 10:17:00,75.35,8.36,0.0324,3.36,1240.0
2025-01-05 10:18:00,74.92,8.39,0.0325,3.37,1228.0
2025-01-05 10:19:00,74.94,8.26,0.0332,3.43,1232.0
2025-01-05 10:20:00,75.27,8.8,0.0315,3.4,1227.0
2025-01-05 10:21:00,75.08,8.1,0.0339,3.33,1217.0
2025-01-05 10:22:00,75.41,8.76,0.0313,3.38,1225.0
2025-01-05 10:23:00,75.25,8.16,0.0318,3.43,1221.0
2025-01-05 10:24:00,74.66,8.32,0.0334,3.26,1220.0
2025-01-05 10:25:00,74.89,8.45,0.0372,3.46,1228.0
2025-01-05 10:26:00,75.04,8.4,0.0306,3.38,1209.0
2025-01-05 10:27:00,74.66,8.35,0.0312,3.36,1254.0
2025-01-05 10:28:00,74.91,8.17,0.0367,3.37,1238.0
2025-01-05 10:29:00,74.8,8.22,0.0288,3.32,1202.0
2025-01-05 10:30:00,75.62,8.24,0.0281,3.28,1251.0
2025-01-05 10:31:00,74.73,8.42,0.0279,3.36,1206.0
2025-01-05 10:32:00,75.14,8.2,0.032,3.0,1200.0
2025-01-05 10:33:00,74.4,8.0,0.0307,3.39,1224.0
2025-01-05 10:34:00,75.14,8.47,0.0365,3.38,1216.0
2025-01-05 10:35:00,75.06,8.39,0.0334,3.42,1227.0
2025-01-05 10:36:00,74.86,8.23,0.0314,3.34,1238.0
2025-01-05 10:37:00,75.01,8.51,0.0302,3.34,1248.0
2025-01-05 10:38:00,75.13,8.59,0.0322,3.38,1219.0
2025-01-05 10:39:00,75.08,8.01,0.0303,3.37,1229.0
2025-01-05 10:40:00,75.22,8.05,0.0335,3.36,1239.0
2025-01-05 10:41:00,74.92,8.82,0.0331,3.33,1220.0
2025-01-05 10:42:00,75.55,8.12,0.0325,3.35,1205.0
2025-01-05 10:43:00,75.34,8.48,0.0285,3.34,1227.0
2025-01-05 10:44:00,74.93,8.38,0.0284,3.32,1237.0
2025-01-05 10:45:00,74.07,8.4,0.0297,3.36,1203.0
2025-01-05 10:46:00,74.86,8.9,0.0238,3.31,1220.0
2025-01-05 10:47:00,74.95,8.06,0.0303,3.33,1238.0
2025-01-05 10:48:00,75.0,8.71,0.0305,3.39,1245.0
2025-01-05 10:49:00,74.8,8.51,0.0293,3.38,1216.0
2025-01-05 10:50:00,75.01,8.52,0.0334,3.29,1219.0
2025-01-05 10:51:00,74.81,8.71,0.0317,3.29,1222.0
2025-01-05 10:52:00,74.92,8.48,0.0305,3.41,1233.0
2025-01-05 10:53:00,74.75,8.73,0.0301,3.35,1227.0
2025-01-05 10:54:00,75.57,8.27,0.0348,3.43,1227.0
2025-01-05 10:55:00,75.39,8.24,0.03,3.35,1227.0
2025-01-05 10:56:00,75.23,8.03,0.0353,3.43,1220.0
2025-01-05 10:57:00,74.67,8.29,0.0335,3.27,1226.0
2025-01-05 10:58:00,74.5,8.41,0.0301,3.33,1227.0
2025-01-05 10:59:00,74.66,8.24,0.0323,3.34,1221.0
2025-01-05 11:00:00,75.49,8.4,0.0329,3.35,1216.0
2025-01-05 11:01:00,75.02,8.4,0.0347,3.42,1207.0
2025-01-05 11:02:00,75.29,8.36,0.0357,3.28,1206.0
2025-01-05 11:03:00,74.75,8.47,0.0342,3.36,1248.0
2025-01-05 11:04:00,75.58,8.3,0.0344,3.31,1200.0
2025-01-05 11:05:00,74.26,8.45,0.0303,3.39,1224.0
2025-01-05 11:06:00,75.07,8.41,0.0305,3.39,1244.0
2025-01-05 11:07:00,75.03,8.23,0.0304,3.36,1223.0
2025-01-05 11:08:00,74.81,8.61,0.0293,3.38,1232.0
2025-01-05 11:09:00,75.35,8.44,0.0319,3.41,1220.0
2025-01-05 11:10:00,75.15,8.45,0.0317,3.32,1212.0
2025-01-05 11:11:00,75.19,8.47,0.0296,3.39,1219.0
2025-01-05 11:12:00,74.61,8.28,0.0323,3.35,1242.0
2025-01-05 11:13:00,75.03,8.48,0.0283,3.46,1223.0
2025-01-05 11:14:00,75.38,8.0,0.0328,3.43,1210.0
2025-01-05 11:15:00,75.06,8.43,0.0342,3.28,1236.0
2025-01-05 11:16:00,74.68,8.53,0.0315,3.36,1218.0
2025-01-05 11:17:00,75.15,8.37,0.0326,3.32,1233.0
2025-01-05 11:18:00,75.17,8.48,0.0269,3.31,1238.0
2025-01-05 11:19:00,74.77,8.38,0.0335,3.35,1224.0
2025-01-05 11:20:00,75.54,8.54,0.032,3.41,1227.0
2025-01-05 11:21:00,74.94,8.51,0.0383,3.42,1218.0
2025-01-05 11:22:00,74.89,8.85,0.0292,3.4,1215.0
2025-01-05 11:23:00,75.09,8.6,0.0315,3.42,1231.0
2025-01-05 11:24:00,74.97,8.22,0.0357,3.43,1226.0
2025-01-05 11:25:00,74.82,8.26,0.0336,3.41,1228.0
2025-01-05 11:26:00,74.51,8.63,0.0301,3.44,1258.0
2025-01-05 11:27:00,74.84,8.48,0.0291,3.29,1231.0
2025-01-05 11:28:00,74.81,8.44,0.0337,3.33,1216.0
2025-01-05 11:29:00,75.38,8.23,0.0338,3.33,1220.0
2025-01-05 11:30:00,75.14,8.18,0.0329,3.42,1230.0
2025-01-05 11:31:00,74.38,8.53,0.032,3.29,1226.0
2025-01-05 11:32:00,75.81,8.54,0.0312,3.34,1239.0
2025-01-05 11:33:00,75.01,8.32,0.0356,3.29,1228.0
2025-01-05 11:34:00,75.48,8.26,0.0362,3.36,1233.0
2025-01-05 11:35:00,75.02,8.32,0.0316,3.31,1237.0
2025-01-05 11:36:00,74.87,8.32,0.0361,3.42,1211.0
2025-01-05 11:37:00,75.19,8.55,0.0269,3.37,1235.0
2025-01-05 11:38:00,74.63,8.42,0.0332,3.33,1218.0
2025-01-05 11:39:00,74.58,8.49,0.0317,3.41,1224.0
2025-01-05 11:40:00,74.75,8.24,0.0319,3.4,1220.0
2025-01-05 11:41:00,74.96,8.67,0.0309,3.39,1247.0
2025-01-05 11:42:00,75.4,8.56,0.0403,3.4,1216.0
2025-01-05 11:43:00,74.97,8.41,0.0325,3.29,1215.0
2025-01-05 11:44:00,75.21,8.5,0.0296,3.36,1221.0
2025-01-05 11:45:00,75.05,8.62,0.0307,3.36,1234.0
2025-01-05 11:46:00,74.52,8.77,0.0306,3.37,1232.0
2025-01-05 11:47:00,74.87,8.42,0.031,3.36,1210.0
2025-01-05 11:48:00,74.9,8.42,0.0318,3.41,1251.0
2025-01-05 11:49:00,74.9,8.44,0.0361,3.3,1205.0
2025-01-05 11:50:00,75.08,8.36,0.0357,3.46,1226.0
2025-01-05 11:51:00,74.97,8.61,0.0266,3.35,1202.0
2025-01-05 11:52:00,74.91,8.82,0.0344,3.38,1247.0
2025-01-05 11:53:00,74.71,8.57,0.0322,3.46,1238.0
2025-01-05 11:54:00,75.1,8.65,0.0325,3.35,1226.0
2025-01-05 11:55:00,75.34,8.47,0.0424,3.36,1213.0
2025-01-05 11:56:00,74.62,8.62,0.0268,3.34,1240.0
2025-01-05 11:57:00,74.85,8.75,0.0322,3.34,1213.0
2025-01-05 11:58:00,75.25,8.81,0.0313,3.33,1220.0
2025-01-05 11:59:00,74.91,8.87,0.0334,3.36,1244.0
2025-01-05 12:00:00,75.11,8.37,0.0302,3.38,1220.0
2025-01-05 12:01:00,75.11,8.86,0.0263,3.34,1236.0
2025-01-05 12:02:00,75.24,8.24,0.0318,3.42,1227.0
2025-01-05 12:03:00,74.8,8.4,0.0306,3.38,1234.0
2025-01-05 12:04:00,74.69,8.36,0.028,3.41,1200.0
2025-01-05 12:05:00,75.24,8.32,0.0326,3.35,1218.0
2025-01-05 12:06:00,74.99,8.29,0.0281,3.4,1223.0
2025-01-05 12:07:00,75.08,8.34,0.0339,3.4,1231.0
2025-01-05 12:08:00,74.96,8.22,0.0258,3.39,1227.0
2025-01-05 12:09:00,74.76,8.61,0.0332,3.35,1222.0
2025-01-05 12:10:00,74.99,8.4,0.0331,3.39,1251.0
2025-01-05 12:11:00,74.23,8.51,0.0302,3.32,1263.0
2025-01-05 12:12:00,75.19,8.15,0.0339,3.42,1221.0
2025-01-05 12:13:00,74.97,8.33,0.0319,3.4,1201.0
2025-01-05 12:14:00,75.3,8.31,0.0323,3.36,1228.0
2025-01-05 12:15:00,74.76,8.7,0.0315,3.39,1245.0
2025-01-05 12:16:00,74.84,8.35,0.0296,3.28,1230.0
2025-01-05 12:17:00,75.06,8.57,0.0249,3.33,1229.0
2025-01-05 12:18:00,75.42,8.46,0.0361,3.36,1237.0
2025-01-05 12:19:00,74.74,8.25,0.0335,3.37,1230.0
2025-01-05 12:20:00,75.53,8.5,0.0282,3.34,1200.0
2025-01-05 12:21:00,74.97,8.24,0.0318,3.41,1219.0
2025-01-05 12:22:00,74.8,8.26,0.0254,3.4,1233.0
2025-01-05 12:23:00,75.14,8.49,0.0302,3.32,1204.0
2025-01-05 12:24:00,75.39,8.31,0.0308,3.39,1226.0
2025-01-05 12:25:00,74.58,8.27,0.0344,3.41,1224.0
2025-01-05 12:26:00,74.69,8.21,0.027,3.38,1219.0
2025-01-05 12:27:00,75.13,8.56,0.0304,3.35,1234.0
2025-01-05 12:28:00,75.08,8.63,0.0328,3.31,1255.0
2025-01-05 12:29:00,75.1,8.01,0.0344,3.32,1218.0
2025-01-05 12:30:00,74.86,8.58,0.0306,3.37,1234.0
2025-01-05 12:31:00,74.19,8.2,0.032,3.29,1212.0
2025-01-05 12:32:00,75.33,8.52,0.0298,3.25,1238.0
2025-01-05 12:33:00,74.65,8.16,0.0346,3.36,1202.0
2025-01-05 12:34:00,75.17,8.07,0.0303,3.41,1216.0
2025-01-05 12:35:00,75.06,8.27,0.0324,3.41,1236.0
2025-01-05 12:36:00,75.6,8.29,0.0306,3.44,1233.0
2025-01-05 12:37:00,75.29,8.3,0.0338,3.33,1224.0
2025-01-05 12:38:00,75.07,8.61,0.0343,3.39,1228.0
2025-01-05 12:39:00,74.82,8.55,0.0347,3.33,1208.0
2025-01-05 12:40:00,74.56,8.48,0.027,3.42,1215.0
2025-01-05 12:41:00,74.65,8.71,0.0278,3.37,1223.0
2025-01-05 12:42:00,75.31,8.0,0.0347,3.33,1227.0
2025-01-05 12:43:00,74.99,8.26,0.0366,3.36,1204.0
2025-01-05 12:44:00,75.43,8.79,0.0336,3.46,1213.0
2025-01-05 12:45:00,75.04,8.26,0.0317,3.37,1215.0
2025-01-05 12:46:00,75.21,8.37,0.0347,3.2,1225.0
2025-01-05 12:47:00,74.75,8.12,0.0319,3.39,1226.0
2025-01-05 12:48:00,75.04,8.35,0.0351,3.38,1248.0
2025-01-05 12:49:00,74.87,8.38,0.0322,3.24,1232.0
2025-01-05 12:50:00,75.19,8.37,0.023,3.26,1215.0
2025-01-05 12:51:00,74.61,8.49,0.0306,3.42,1237.0
2025-01-05 12:52:00,74.49,8.28,0.033,3.39,1213.0
2025-01-05 12:53:00,75.12,8.25,0.0311,3.34,1225.0
2025-01-05 12:54:00,75.27,8.28,0.0318,3.35,1234.0
2025-01-05 12:55:00,74.71,8.67,0.0284,3.37,1227.0
2025-01-05 12:56:00,75.37,8.23,0.0312,3.39,1232.0
2025-01-05 12:57:00,74.73,8.21,0.0353,3.39,1247.0
2025-01-05 12:58:00,75.41,8.19,0.0329,3.4,1208.0
2025-01-05 12:59:00,75.15,8.35,0.0318,3.39,1217.0
2025-01-05 13:00:00,75.11,8.38,0.0302,3.33,1248.0
2025-01-05 13:01:00,74.65,8.27,0.0349,3.38,1242.0
2025-01-05 13:02:00,75.09,8.08,0.0348,3.36,1217.0
2025-01-05 13:03:00,80.03,8.24,0.328,3.44,1201.0
2025-01-05 13:04:00,75.25,8.52,0.0313,3.46,1200.0
2025-01-05 13:05:00,75.42,8.29,0.0329,3.37,1225.0
2025-01-05 13:06:00,74.81,8.32,0.0334,3.43,1227.0
2025-01-05 13:07:00,75.84,8.51,0.0298,3.4,1209.0
2025-01-05 13:08:00,75.12,8.25,0.0403,3.33,1247.0
2025-01-05 13:09:00,75.2,8.24,0.0352,3.36,1232.0
2025-01-05 13:10:00,75.32,8.25,0.031,3.4,1227.0
2025-01-05 13:11:00,74.95,8.13,0.0331,3.41,1232.0
2025-01-05 13:12:00,74.82,8.22,0.0263,3.4,1229.0
2025-01-05 13:13:00,75.49,8.46,0.0331,3.4,1203.0
2025-01-05 13:14:00,75.03,8.54,0.0264,3.37,1228.0
2025-01-05 13:15:00,74.91,8.0,0.0316,3.25,1226.0
2025-01-05 13:16:00,74.98,8.12,0.0314,3.33,1230.0
2025-01-05 13:17:00,75.91,8.21,0.0298,3.34,1243.0
2025-01-05 13:18:00,74.78,8.08,0.0303,3.47,1218.0
2025-01-05 13:19:00,75.18,8.25,0.0365,3.41,1237.0
2025-01-05 13:20:00,74.8,8.87,0.0281,3.38,1225.0
2025-01-05 13:21:00,75.15,8.81,0.0286,3.38,1203.0
2025-01-05 13:22:00,74.88,8.15,0.0343,3.33,1210.0
2025-01-05 13:23:00,74.95,8.34,0.0286,3.37,1232.0
2025-01-05 13:24:00,74.67,8.5,0.0316,3.44,1218.0
2025-01-05 13:25:00,74.91,8.21,0.0368,3.3,1212.0
2025-01-05 13:26:00,75.11,8.23,0.0256,3.46,1223.0
2025-01-05 13:27:00,75.29,8.71,0.0348,3.41,1223.0
2025-01-05 13:28:00,74.93,8.26,0.0255,3.39,1242.0
2025-01-05 13:29:00,74.84,8.55,0.0281,3.31,1257.0
2025-01-05 13:30:00,75.16,8.65,0.0338,3.38,1235.0
2025-01-05 13:31:00,75.13,8.37,0.0312,3.36,1224.0
2025-01-05 13:32:00,75.1,8.34,0.0307,3.42,1220.0
2025-01-05 13:33:00,74.99,8.78,0.0301,3.36,1214.0
2025-01-05 13:34:00,74.53,8.53,0.0369,3.33,1242.0
2025-01-05 13:35:00,75.66,8.33,0.0315,3.28,1211.0
2025-01-05 13:36:00,75.18,8.22,0.0298,3.32,1250.0
2025-01-05 13:37:00,80.13,8.11,0.3307,3.41,1238.0
2025-01-05 13:38:00,75.28,8.43,0.0329,3.39,1240.0
2025-01-05 13:39:00,75.16,8.55,0.03,3.42,1255.0
2025-01-05 13:40:00,75.11,8.01,0.0334,3.35,1200.0
2025-01-05 13:41:00,74.7,8.66,0.0321,3.41,1247.0
2025-01-05 13:42:00,74.57,8.57,0.0333,3.43,1228.0
2025-01-05 13:43:00,75.27,8.14,0.0334,3.35,1255.0
2025-01-05 13:44:00,75.3,8.67,0.0271,3.3,1224.0
2025-01-05 13:45:00,89.91,11.54,0.231,3.4,1220.0
2025-01-05 13:46:00,75.21,8.51,0.0296,3.34,1222.0
2025-01-05 13:47:00,74.75,8.34,0.0343,3.35,1200.0
2025-01-05 13:48:00,74.71,8.44,0.0317,3.0,1200.0
2025-01-05 13:49:00,74.95,8.38,0.0313,3.39,1238.0
2025-01-05 13:50:00,75.04,8.54,0.0337,3.45,1232.0
2025-01-05 13:51:00,74.85,8.34,0.0315,3.39,1221.0
2025-01-05 13:52:00,75.22,8.54,0.0304,3.37,1222.0
2025-01-05 13:53:00,75.02,8.27,0.0316,3.32,1234.0
2025-01-05 13:54:00,74.86,8.12,0.0302,3.33,1262.0
2025-01-05 13:55:00,75.49,8.55,0.0326,3.39,1234.0
2025-01-05 13:56:00,74.75,8.58,0.0352,3.45,1225.0
2025-01-05 13:57:00,74.46,8.4,0.0358,3.32,1235.0
2025-01-05 13:58:00,75.03,8.58,0.0335,3.33,1215.0
2025-01-05 13:59:00,74.83,8.48,0.03,3.32,1208.0
2025-01-05 14:00:00,75.19,8.49,0.0345,3.39,1205.0
2025-01-05 14:01:00,74.38,8.05,0.0345,3.38,1235.0
2025-01-05 14:02:00,74.71,8.46,0.0296,3.37,1200.0
2025-01-05 14:03:00,75.33,8.07,0.0348,3.42,1217.0
2025-01-05 14:04:00,75.47,8.11,0.0288,3.42,1218.0
2025-01-05 14:05:00,75.41,8.3,0.0297,3.39,1219.0
2025-01-05 14:06:00,75.11,8.8,0.031,3.32,1227.0
2025-01-05 14:07:00,75.32,8.5,0.026,3.29,1231.0
2025-01-05 14:08:00,89.96,11.58,0.2308,3.21,1251.0
2025-01-05 14:09:00,75.12,8.08,0.029,3.39,1230.0
2025-01-05 14:10:00,74.93,8.33,0.0356,3.31,1214.0
2025-01-05 14:11:00,74.57,8.34,0.0283,3.35,1225.0
2025-01-05 14:12:00,75.12,8.29,0.0313,3.3,1219.0
2025-01-05 14:13:00,75.21,8.4,0.0344,3.31,1245.0
2025-01-05 14:14:00,75.11,8.33,0.0339,3.46,1220.0
2025-01-05 14:15:00,75.14,8.45,0.0263,3.3,1220.0
2025-01-05 14:16:00,75.05,8.18,0.0298,3.37,1214.0
2025-01-05 14:17:00,74.94,8.29,0.0305,3.37,1215.0
2025-01-05 14:18:00,74.81,8.42,0.0313,3.39,1218.0
2025-01-05 14:19:00,75.08,8.42,0.0353,3.26,1227.0
2025-01-05 14:20:00,75.19,8.24,0.0342,3.32,1236.0
2025-01-05 14:21:00,74.97,8.26,0.0348,3.43,1229.0
2025-01-05 14:22:00,75.13,8.67,0.0341,3.36,1245.0
2025-01-05 14:23:00,74.82,8.58,0.0301,3.43,1218.0
2025-01-05 14:24:00,74.71,8.77,0.0318,3.36,1258.0
2025-01-05 14:25:00,74.88,8.39,0.0338,3.31,1233.0
2025-01-05 14:26:00,75.5,8.4,0.023,3.38,1240.0
2025-01-05 14:27:00,75.36,8.56,0.0325,3.46,1200.0
2025-01-05 14:28:00,74.96,8.42,0.0327,3.37,1219.0
2025-01-05 14:29:00,75.33,8.27,0.0319,3.39,1223.0
2025-01-05 14:30:00,74.87,8.39,0.0315,3.31,1216.0
2025-01-05 14:31:00,75.04,8.2,0.0336,3.43,1212.0
2025-01-05 14:32:00,75.04,8.48,0.0293,3.35,1208.0
2025-01-05 14:33:00,79.61,8.59,0.3296,3.31,1229.0
2025-01-05 14:34:00,75.2,8.4,0.0313,3.44,1215.0
2025-01-05 14:35:00,75.44,8.68,0.0344,3.34,1231.0
2025-01-05 14:36:00,75.54,8.41,0.0312,3.45,1220.0
2025-01-05 14:37:00,75.07,8.5,0.0293,3.47,1213.0
2025-01-05 14:38:00,75.06,8.52,0.0312,3.32,1232.0
2025-01-05 14:39:00,75.2,8.45,0.035,3.37,1221.0
2025-01-05 14:40:00,75.36,8.71,0.0322,3.35,1200.0
2025-01-05 14:41:00,74.61,8.21,0.0308,3.29,1214.0
2025-01-05 14:42:00,75.0,8.42,0.0331,3.37,1236.0
2025-01-05 14:43:00,74.62,8.18,0.0321,3.3,1243.0
2025-01-05 14:44:00,75.16,8.5,0.0256,3.39,1238.0
2025-01-05 14:45:00,74.6,8.22,0.029,3.38,1208.0
2025-01-05 14:46:00,75.14,8.27,0.0283,3.38,1246.0
2025-01-05 14:47:00,75.79,8.05,0.029,3.36,1219.0
2025-01-05 14:48:00,75.34,8.87,0.0353,3.33,1232.0
2025-01-05 14:49:00,75.16,8.45,0.0264,3.36,1211.0
2025-01-05 14:50:00,75.35,8.49,0.0273,3.45,1221.0
2025-01-05 14:51:00,75.08,8.56,0.0308,3.43,1220.0
2025-01-05 14:52:00,74.98,8.45,0.0286,3.32,1226.0
2025-01-05 14:53:00,74.84,8.34,0.0351,3.35,1229.0
2025-01-05 14:54:00,75.23,8.38,0.0368,3.38,1212.0
2025-01-05 14:55:00,75.1,8.31,0.0289,3.32,1200.0
2025-01-05 14:56:00,75.68,8.17,0.0252,3.35,1231.0
2025-01-05 14:57:00,74.86,8.59,0.0372,3.35,1249.0
2025-01-05 14:58:00,74.74,8.18,0.0329,3.47,1223.0
2025-01-05 14:59:00,74.72,8.62,0.0356,3.37,1226.0
2025-01-05 15:00:00,75.14,8.82,0.0386,3.29,1205.0
2025-01-05 15:01:00,74.95,8.68,0.031,3.37,1244.0
2025-01-05 15:02:00,75.41,8.15,0.0339,3.43,1223.0
2025-01-05 15:03:00,75.34,8.54,0.0323,3.36,1220.0
2025-01-05 15:04:00,74.6,8.42,0.0318,3.35,1212.0
2025-01-05 15:05:00,74.91,8.56,0.0287,3.48,1200.0
2025-01-05 15:06:00,75.44,8.16,0.0313,3.43,1220.0
2025-01-05 15:07:00,74.65,8.44,0.0255,3.46,1227.0
2025-01-05 15:08:00,74.47,8.31,0.0353,3.33,1210.0
2025-01-05 15:09:00,74.72,8.51,0.0335,3.38,1200.0
2025-01-05 15:10:00,74.43,8.12,0.0364,3.39,1257.0
2025-01-05 15:11:00,74.91,8.58,0.0254,3.29,1253.0
2025-01-05 15:12:00,75.36,8.79,0.0294,3.29,1219.0
2025-01-05 15:13:00,75.74,8.24,0.0263,3.32,1240.0
2025-01-05 15:14:00,74.88,8.51,0.0323,3.46,1236.0
2025-01-05 15:15:00,75.08,8.48,0.0342,3.31,1230.0
2025-01-05 15:16:00,74.96,8.52,0.0315,3.42,1231.0
2025-01-05 15:17:00,74.77,8.29,0.033,3.34,1226.0
2025-01-05 15:18:00,74.92,8.27,0.0317,3.39,1230.0
2025-01-05 15:19:00,75.5,8.42,0.0354,3.43,1223.0
2025-01-05 15:20:00,74.49,8.63,0.0278,3.43,1257.0
2025-01-05 15:21:00,74.73,8.17,0.0274,3.34,1238.0
2025-01-05 15:22:00,75.07,8.54,0.0282,3.34,1231.0
2025-01-05 15:23:00,74.61,8.43,0.0317,3.3,1238.0
2025-01-05 15:24:00,74.99,8.05,0.0334,3.4,1234.0
2025-01-05 15:25:00,75.29,8.25,0.0349,3.34,1216.0
2025-01-05 15:26:00,74.54,8.45,0.0293,3.4,1211.0
2025-01-05 15:27:00,75.53,8.28,0.0323,3.34,1227.0
2025-01-05 15:28:00,74.7,8.45,0.0364,3.42,1241.0
2025-01-05 15:29:00,75.15,8.93,0.0334,3.44,1223.0
2025-01-05 15:30:00,75.09,8.22,0.0311,3.29,1214.0
2025-01-05 15:31:00,75.66,8.24,0.0319,3.4,1232.0
2025-01-05 15:32:00,74.87,8.39,0.0263,3.25,1234.0
2025-01-05 15:33:00,74.73,8.34,0.0266,3.39,1230.0
2025-01-05 15:34:00,75.34,8.78,0.0239,3.49,1241.0
2025-01-05 15:35:00,75.1,8.73,0.0334,3.4,1200.0
2025-01-05 15:36:00,74.63,8.76,0.0286,3.39,1238.0
2025-01-05 15:37:00,74.92,8.92,0.0334,3.35,1204.0
2025-01-05 15:38:00,74.54,8.03,0.0316,3.3,1216.0
2025-01-05 15:39:00,74.77,8.44,0.0308,3.43,1224.0
2025-01-05 15:40:00,75.47,8.49,0.034,3.34,1214.0
2025-01-05 15:41:00,74.66,8.15,0.0306,3.38,1212.0
2025-01-05 15:42:00,74.97,8.56,0.0302,3.35,1232.0
2025-01-05 15:43:00,74.98,8.48,0.0333,3.32,1220.0
2025-01-05 15:44:00,75.2,8.47,0.0261,3.4,1240.0
2025-01-05 15:45:00,75.19,8.51,0.0297,3.33,1210.0
2025-01-05 15:46:00,75.67,8.53,0.0288,3.42,1231.0
2025-01-05 15:47:00,74.96,8.12,0.0312,3.37,1224.0
2025-01-05 15:48:00,74.99,8.29,0.0315,3.47,1207.0
2025-01-05 15:49:00,74.86,8.62,0.0279,3.37,1227.0
2025-01-05 15:50:00,75.02,8.45,0.0352,3.3,1217.0
2025-01-05 15:51:00,75.43,8.58,0.0309,3.44,1204.0
2025-01-05 15:52:00,74.97,8.68,0.0339,3.33,1222.0
2025-01-05 15:53:00,75.14,8.43,0.0358,3.29,1227.0
2025-01-05 15:54:00,74.84,8.3,0.0369,3.37,1235.0
2025-01-05 15:55:00,74.86,8.57,0.0335,3.42,1215.0
2025-01-05 15:56:00,74.68,8.8,0.0327,3.32,1258.0
2025-01-05 15:57:00,74.96,8.61,0.0307,3.47,1200.0
2025-01-05 15:58:00,74.63,8.25,0.0351,3.29,1231.0
2025-01-05 15:59:00,74.68,8.62,0.0361,3.35,1219.0
2025-01-05 16:00:00,75.31,8.35,0.0294,3.29,1231.0
2025-01-05 16:01:00,74.57,8.27,0.037,3.4,1230.0
2025-01-05 16:02:00,75.19,8.54,0.0319,3.37,1200.0
2025-01-05 16:03:00,74.95,8.54,0.0281,3.3,1238.0
2025-01-05 16:04:00,74.64,8.4,0.0303,3.3,1216.0
2025-01-05 16:05:00,75.02,8.56,0.0288,3.35,1239.0
2025-01-05 16:06:00,74.72,8.39,0.0354,3.27,1217.0
2025-01-05 16:07:00,75.37,8.79,0.0336,3.32,1230.0
2025-01-05 16:08:00,75.01,8.21,0.0365,3.47,1231.0
2025-01-05 16:09:00,75.64,8.53,0.0303,3.4,1211.0
2025-01-05 16:10:00,74.51,8.58,0.0358,3.42,1224.0
2025-01-05 16:11:00,74.85,8.32,0.0327,3.33,1235.0
2025-01-05 16:12:00,75.01,8.74,0.0284,3.4,1202.0
2025-01-05 16:13:00,74.88,8.0,0.031,3.3,1239.0
2025-01-05 16:14:00,74.77,8.46,0.0335,3.37,1213.0
2025-01-05 16:15:00,74.77,8.66,0.028,3.39,1221.0
2025-01-05 16:16:00,74.84,8.4,0.031,3.35,1214.0
2025-01-05 16:17:00,75.0,8.14,0.0306,3.24,1239.0
2025-01-05 16:18:00,74.83,8.17,0.0277,3.37,1211.0
2025-01-05 16:19:00,74.65,8.17,0.0287,3.3,1245.0
2025-01-05 16:20:00,75.21,8.32,0.0286,3.39,1227.0
2025-01-05 16:21:00,75.06,8.26,0.028,3.25,1214.0
2025-01-05 16:22:00,74.68,8.92,0.0327,3.31,1232.0
2025-01-05 16:23:00,75.17,8.31,0.0325,3.35,1234.0
2025-01-05 16:24:00,75.27,8.65,0.0324,3.32,1228.0
2025-01-05 16:25:00,75.33,8.33,0.0297,3.39,1210.0
2025-01-05 16:26:00,74.93,8.42,0.0343,3.37,1233.0
2025-01-05 16:27:00,74.92,8.24,0.0312,3.34,1227.0
2025-01-05 16:28:00,74.82,8.43,0.029,3.44,1215.0
2025-01-05 16:29:00,74.52,8.53,0.0291,3.29,1249.0
2025-01-05 16:30:00,75.2,8.62,0.0367,3.37,1242.0
2025-01-05 16:31:00,75.47,8.65,0.0335,3.42,1252.0
2025-01-05 16:32:00,75.06,8.48,0.0314,3.46,1211.0
2025-01-05 16:33:00,74.86,8.64,0.0362,3.43,1200.0
2025-01-05 16:34:00,75.11,8.37,0.0315,3.35,1221.0
2025-01-05 16:35:00,75.26,8.26,0.0323,3.32,1224.0
2025-01-05 16:36:00,74.64,8.24,0.0279,3.37,1224.0
2025-01-05 16:37:00,74.97,8.39,0.0332,3.34,1206.0
2025-01-05 16:38:00,75.23,8.86,0.0357,3.33,1206.0
2025-01-05 16:39:00,89.87,11.62,0.2299,3.39,1231.0
2025-01-05 16:40:00,75.05,8.12,0.0317,3.41,1237.0
2025-01-05 16:41:00,75.35,8.84,0.0332,3.41,1200.0
2025-01-05 16:42:00,74.76,8.68,0.0308,3.36,1235.0
2025-01-05 16:43:00,75.25,8.66,0.036,3.37,1216.0
2025-01-05 16:44:00,75.24,8.44,0.0347,3.31,1226.0
2025-01-05 16:45:00,74.55,8.55,0.0334,3.42,1241.0
2025-01-05 16:46:00,74.97,8.42,0.0305,3.35,1239.0
2025-01-05 16:47:00,75.2,8.63,0.0307,3.33,1200.0
2025-01-05 16:48:00,74.93,8.36,0.0309,3.44,1232.0
2025-01-05 16:49:00,74.76,8.5,0.0299,3.44,1225.0
2025-01-05 16:50:00,74.57,8.0,0.0324,3.39,1236.0
2025-01-05 16:51:00,75.46,8.68,0.0291,3.34,1240.0
2025-01-05 16:52:00,75.24,8.05,0.0368,3.3,1214.0
2025-01-05 16:53:00,75.33,8.56,0.0318,3.35,1238.0
2025-01-05 16:54:00,74.83,8.39,0.0325,3.35,1229.0
2025-01-05 16:55:00,74.85,8.27,0.0305,3.28,1209.0
2025-01-05 16:56:00,74.84,8.37,0.0327,3.33,1242.0
2025-01-05 16:57:00,74.26,8.55,0.0346,3.32,1217.0
2025-01-05 16:58:00,75.16,8.47,0.0308,3.42,1236.0
2025-01-05 16:59:00,75.11,8.54,0.0278,3.42,1223.0
2025-01-05 17:00:00,74.69,8.61,0.0317,3.34,1229.0
2025-01-05 17:01:00,75.14,8.0,0.0336,3.31,1200.0
2025-01-05 17:02:00,74.8,8.51,0.0338,3.42,1206.0
2025-01-05 17:03:00,74.92,8.29,0.0387,3.35,1220.0
2025-01-05 17:04:00,75.01,8.0,0.0287,3.36,1203.0
2025-01-05 17:05:00,75.23,8.58,0.0341,3.33,1250.0
2025-01-05 17:06:00,74.75,8.33,0.0352,3.4,1237.0
2025-01-05 17:07:00,75.14,8.79,0.0305,3.37,1232.0
2025-01-05 17:08:00,75.48,8.41,0.031,3.35,1243.0
2025-01-05 17:09:00,74.79,8.3,0.0287,3.4,1200.0
2025-01-05 17:10:00,75.17,8.51,0.0319,3.32,1204.0
2025-01-05 17:11:00,75.01,8.28,0.0311,3.44,1245.0
2025-01-05 17:12:00,75.48,8.54,0.0308,3.46,1218.0
2025-01-05 17:13:00,75.23,8.39,0.0371,3.34,1233.0
2025-01-05 17:14:00,74.97,8.52,0.0306,3.33,1204.0
2025-01-05 17:15:00,75.1,8.06,0.0303,3.28,1221.0
2025-01-05 17:16:00,75.25,8.08,0.028,3.3,1220.0
2025-01-05 17:17:00,75.17,8.53,0.0333,3.25,1257.0
2025-01-05 17:18:00,74.9,8.45,0.027,3.3,1247.0
2025-01-05 17:19:00,74.42,8.17,0.0327,3.35,1204.0
2025-01-05 17:20:00,75.39,8.62,0.029,3.26,1222.0
2025-01-05 17:21:00,74.65,8.54,0.0283,3.37,1249.0
2025-01-05 17:22:00,75.35,8.48,0.0376,3.46,1238.0
2025-01-05 17:23:00,75.12,8.77,0.0294,3.38,1221.0
2025-01-05 17:24:00,75.41,8.22,0.036,3.36,1244.0
2025-01-05 17:25:00,75.05,8.26,0.0287,3.31,1218.0
2025-01-05 17:26:00,75.4,8.49,0.0313,3.41,1233.0
2025-01-05 17:27:00,75.35,8.16,0.0266,3.38,1211.0
2025-01-05 17:28:00,74.8,8.27,0.0343,3.26,1228.0
2025-01-05 17:29:00,74.96,8.28,0.0253,3.35,1200.0
2025-01-05 17:30:00,74.24,8.53,0.0306,3.33,1242.0
2025-01-05 17:31:00,74.89,8.52,0.0358,3.32,1201.0
2025-01-05 17:32:00,75.05,8.39,0.0332,3.36,1247.0
2025-01-05 17:33:00,74.3,8.4,0.0342,3.37,1267.0
2025-01-05 17:34:00,74.86,8.24,0.0247,3.38,1216.0
2025-01-05 17:35:00,75.29,8.65,0.0315,3.35,1203.0
2025-01-05 17:36:00,75.51,8.03,0.0335,3.36,1200.0
2025-01-05 17:37:00,74.75,8.58,0.0273,3.37,1226.0
2025-01-05 17:38:00,75.08,8.62,0.0291,3.43,1232.0
2025-01-05 17:39:00,74.35,8.35,0.0353,3.36,1236.0
2025-01-05 17:40:00,73.96,8.3,0.0257,3.35,1216.0
2025-01-05 17:41:00,75.33,8.03,0.0334,3.35,1211.0
2025-01-05 17:42:00,75.37,8.21,0.0337,3.37,1218.0
2025-01-05 17:43:00,74.96,8.42,0.0342,3.43,1221.0
2025-01-05 17:44:00,75.02,8.55,0.0363,3.3,1212.0
2025-01-05 17:45:00,75.1,8.17,0.0316,3.32,1236.0
2025-01-05 17:46:00,75.06,8.35,0.0356,3.26,1222.0
2025-01-05 17:47:00,75.3,8.0,0.0299,3.4,1222.0
2025-01-05 17:48:00,74.52,8.55,0.0306,3.35,1251.0
2025-01-05 17:49:00,74.95,8.44,0.0306,3.38,1214.0
2025-01-05 17:50:00,75.07,8.42,0.0315,3.38,1221.0
2025-01-05 17:51:00,75.2,8.07,0.0312,3.41,1213.0
2025-01-05 17:52:00,74.86,8.54,0.0354,3.39,1247.0
2025-01-05 17:53:00,74.43,8.32,0.0295,3.38,1200.0
2025-01-05 17:54:00,74.79,8.25,0.0343,3.44,1242.0
2025-01-05 17:55:00,74.45,8.34,0.0338,3.39,1243.0
2025-01-05 17:56:00,75.05,8.39,0.033,3.4,1234.0
2025-01-05 17:57:00,75.37,8.16,0.0295,3.29,1202.0
2025-01-05 17:58:00,74.99,8.22,0.0333,3.39,1200.0
2025-01-05 17:59:00,75.39,8.58,0.0387,3.19,1237.0
2025-01-05 18:00:00,70.28,8.0,0.0178,3.17,1200.0
2025-01-05 18:01:00,69.84,8.0,0.0141,3.12,1200.0
2025-01-05 18:02:00,70.18,8.0,0.0207,3.13,1200.0
2025-01-05 18:03:00,70.28,8.0,0.022,3.11,1200.0
2025-01-05 18:04:00,69.99,8.0,0.0222,3.08,1200.0
2025-01-05 18:05:00,69.59,8.0,0.0182,3.18,1200.0
2025-01-05 18:06:00,69.88,8.0,0.0171,3.09,1200.0
2025-01-05 18:07:00,70.58,8.0,0.0176,3.17,1200.0
2025-01-05 18:08:00,69.8,8.0,0.0151,3.15,1200.0
2025-01-05 18:09:00,70.12,8.0,0.0151,3.1,1200.0
2025-01-05 18:10:00,69.47,8.0,0.0201,3.16,1200.0
2025-01-05 18:11:00,70.07,8.0,0.0201,3.06,1200.0
2025-01-05 18:12:00,69.92,8.0,0.0238,3.12,1200.0
2025-01-05 18:13:00,70.48,8.0,0.0156,3.21,1200.0
2025-01-05 18:14:00,70.02,8.0,0.0203,3.14,1200.0
2025-01-05 18:15:00,70.09,8.0,0.021,3.17,1200.0
2025-01-05 18:16:00,69.92,8.0,0.0125,3.13,1200.0
2025-01-05 18:17:00,70.08,8.0,0.0185,3.13,1200.0
2025-01-05 18:18:00,69.73,8.0,0.0125,3.1,1200.0
2025-01-05 18:19:00,69.96,8.0,0.0196,3.2,1200.0
2025-01-05 18:20:00,70.26,8.0,0.0202,3.12,1200.0
2025-01-05 18:21:00,70.29,8.0,0.0213,3.09,1200.0
2025-01-05 18:22:00,69.83,8.0,0.0165,3.19,1200.0
2025-01-05 18:23:00,69.82,8.0,0.0173,3.21,1200.0
2025-01-05 18:24:00,69.96,8.0,0.0154,3.13,1200.0
2025-01-05 18:25:00,69.87,8.0,0.0198,3.18,1200.0
2025-01-05 18:26:00,70.03,8.0,0.0161,3.13,1200.0
2025-01-05 18:27:00,69.99,8.0,0.0186,3.2,1200.0
2025-01-05 18:28:00,69.64,8.0,0.0151,3.18,1200.0
2025-01-05 18:29:00,70.04,8.0,0.0127,3.16,1200.0
2025-01-05 18:30:00,69.56,8.0,0.0162,3.21,1200.0
2025-01-05 18:31:00,69.79,8.0,0.0204,3.18,1200.0
2025-01-05 18:32:00,69.99,8.0,0.0197,3.21,1200.0
2025-01-05 18:33:00,69.93,8.0,0.0178,3.09,1200.0
2025-01-05 18:34:00,70.08,8.0,0.0229,3.12,1200.0
2025-01-05 18:35:00,70.41,8.0,0.0138,3.23,1200.0
2025-01-05 18:36:00,69.92,8.0,0.0151,3.18,1200.0
2025-01-05 18:37:00,69.45,8.0,0.0154,3.16,1200.0
2025-01-05 18:38:00,70.19,8.0,0.0151,3.14,1200.0
2025-01-05 18:39:00,69.79,8.0,0.0184,3.18,1200.0
2025-01-05 18:40:00,69.72,8.0,0.0189,3.11,1200.0
2025-01-05 18:41:00,69.3,8.0,0.0202,3.22,1200.0
2025-01-05 18:42:00,70.05,8.0,0.0166,3.16,1200.0
2025-01-05 18:43:00,69.32,8.0,0.0218,3.2,1200.0
2025-01-05 18:44:00,69.84,8.0,0.0104,3.11,1200.0
2025-01-05 18:45:00,69.91,8.0,0.0169,3.21,1200.0
2025-01-05 18:46:00,70.05,8.0,0.0181,3.08,1200.0
2025-01-05 18:47:00,70.64,8.0,0.0173,3.1,1200.0
2025-01-05 18:48:00,70.02,8.0,0.0175,3.23,1200.0
2025-01-05 18:49:00,69.51,8.0,0.0236,3.17,1200.0
2025-01-05 18:50:00,70.5,8.0,0.0147,3.14,1200.0
2025-01-05 18:51:00,69.78,8.0,0.0157,3.1,1200.0
2025-01-05 18:52:00,70.12,8.0,0.0161,3.18,1200.0
2025-01-05 18:53:00,70.21,8.0,0.0153,3.17,1200.0
2025-01-05 18:54:00,70.39,8.0,0.0161,3.13,1200.0
2025-01-05 18:55:00,69.78,8.0,0.0249,3.08,1200.0
2025-01-05 18:56:00,70.15,8.0,0.0192,3.17,1200.0
2025-01-05 18:57:00,69.98,8.0,0.017,3.16,1200.0
2025-01-05 18:58:00,70.31,8.0,0.0217,3.02,1200.0
2025-01-05 18:59:00,69.91,8.0,0.023,3.22,1200.0
2025-01-05 19:00:00,69.34,8.0,0.0182,3.16,1200.0
2025-01-05 19:01:00,69.64,8.0,0.0173,3.16,1200.0
2025-01-05 19:02:00,70.61,8.0,0.0182,3.19,1200.0
2025-01-05 19:03:00,69.93,8.0,0.0142,3.03,1200.0
2025-01-05 19:04:00,69.96,8.0,0.0207,3.17,1200.0
2025-01-05 19:05:00,69.93,8.0,0.0248,3.09,1200.0
2025-01-05 19:06:00,70.14,8.0,0.0247,3.08,1200.0
2025-01-05 19:07:00,69.92,8.0,0.0146,3.08,1200.0
2025-01-05 19:08:00,70.13,8.0,0.0167,3.15,1200.0
2025-01-05 19:09:00,70.6,8.0,0.0153,3.13,1200.0
2025-01-05 19:10:00,70.63,8.0,0.0187,3.13,1200.0
2025-01-05 19:11:00,69.99,8.0,0.019,3.17,1200.0
2025-01-05 19:12:00,70.09,8.0,0.0169,3.13,1200.0
2025-01-05 19:13:00,70.05,8.0,0.0136,3.11,1200.0
2025-01-05 19:14:00,69.84,8.0,0.0182,3.17,1200.0
2025-01-05 19:15:00,70.16,8.0,0.0157,3.1,1200.0
2025-01-05 19:16:00,70.46,8.0,0.0212,3.1,1200.0
2025-01-05 19:17:00,69.92,8.0,0.0204,3.15,1200.0
2025-01-05 19:18:00,69.91,8.0,0.018,3.15,1200.0
2025-01-05 19:19:00,70.02,8.0,0.0182,3.08,1200.0
2025-01-05 19:20:00,70.4,8.0,0.0148,3.27,1200.0
2025-01-05 19:21:00,70.05,8.0,0.0145,3.17,1200.0
2025-01-05 19:22:00,69.62,8.0,0.0119,3.13,1200.0
2025-01-05 19:23:00,69.74,8.0,0.0123,3.22,1200.0
2025-01-05 19:24:00,69.8,8.0,0.0132,3.15,1200.0
2025-01-05 19:25:00,70.21,8.0,0.0252,3.14,1200.0
2025-01-05 19:26:00,70.31,8.0,0.0155,3.12,1200.0
2025-01-05 19:27:00,69.93,8.0,0.0193,3.21,1200.0
2025-01-05 19:28:00,69.99,8.0,0.0232,3.17,1200.0
2025-01-05 19:29:00,69.73,8.0,0.019,3.11,1200.0
2025-01-05 19:30:00,70.16,8.0,0.0146,3.23,1200.0
2025-01-05 19:31:00,69.48,8.0,0.0175,3.11,1200.0
2025-01-05 19:32:00,69.99,8.0,0.015,3.19,1200.0
2025-01-05 19:33:00,69.85,8.0,0.0213,3.16,1200.0
2025-01-05 19:34:00,69.92,8.0,0.0171,3.18,1200.0
2025-01-05 19:35:00,69.8,8.0,0.0175,3.15,1200.0
2025-01-05 19:36:00,70.11,8.0,0.0178,3.1,1200.0
2025-01-05 19:37:00,69.87,8.0,0.0154,3.15,1200.0
2025-01-05 19:38:00,69.82,8.0,0.0157,3.2,1200.0
2025-01-05 19:39:00,70.17,8.0,0.0177,3.13,1200.0
2025-01-05 19:40:00,70.35,8.0,0.0164,3.16,1200.0
2025-01-05 19:41:00,70.17,8.0,0.0183,3.2,1200.0
2025-01-05 19:42:00,69.99,8.0,0.0158,3.16,1200.0
2025-01-05 19:43:00,69.82,8.0,0.0181,3.04,1200.0
2025-01-05 19:44:00,69.9,8.0,0.0203,3.1,1200.0
2025-01-05 19:45:00,70.53,8.0,0.0157,3.26,1200.0
2025-01-05 19:46:00,70.4,8.0,0.0206,3.18,1200.0
2025-01-05 19:47:00,69.84,8.0,0.0145,3.27,1200.0
2025-01-05 19:48:00,70.0,8.0,0.0187,3.18,1200.0
2025-01-05 19:49:00,69.75,8.0,0.0146,3.13,1200.0
2025-01-05 19:50:00,70.39,8.0,0.023,3.16,1200.0
2025-01-05 19:51:00,70.05,8.0,0.0156,3.13,1200.0
2025-01-05 19:52:00,70.07,8.0,0.0148,3.14,1200.0
2025-01-05 19:53:00,70.18,8.0,0.0168,3.11,1200.0
2025-01-05 19:54:00,69.37,8.0,0.0169,3.03,1200.0
2025-01-05 19:55:00,69.84,8.0,0.0166,3.08,1200.0
2025-01-05 19:56:00,69.84,8.0,0.017,3.24,1200.0
2025-01-05 19:57:00,69.64,8.0,0.0145,3.1,1200.0
2025-01-05 19:58:00,69.62,8.0,0.0182,3.17,1200.0
2025-01-05 19:59:00,70.16,8.0,0.0153,3.15,1200.0
2025-01-05 20:00:00,69.91,8.0,0.0183,3.06,1200.0
2025-01-05 20:01:00,75.23,8.0,0.319,3.13,1200.0
2025-01-05 20:02:00,70.2,8.0,0.0192,3.29,1200.0
2025-01-05 20:03:00,70.3,8.0,0.0168,3.19,1200.0
2025-01-05 20:04:00,69.71,8.0,0.0172,3.12,1200.0
2025-01-05 20:05:00,69.8,8.0,0.0105,3.17,1200.0
2025-01-05 20:06:00,70.07,8.0,0.0172,3.19,1200.0
2025-01-05 20:07:00,69.78,8.0,0.0143,3.13,1200.0
2025-01-05 20:08:00,69.31,8.0,0.0227,3.09,1200.0
2025-01-05 20:09:00,69.83,8.0,0.0204,3.2,1200.0
2025-01-05 20:10:00,69.92,8.0,0.0136,3.19,1200.0
2025-01-05 20:11:00,70.29,8.0,0.014,3.16,1200.0
2025-01-05 20:12:00,70.1,8.0,0.0142,3.11,1200.0
2025-01-05 20:13:00,69.97,8.0,0.0165,3.19,1200.0
2025-01-05 20:14:00,69.99,8.0,0.0178,3.18,1200.0
2025-01-05 20:15:00,69.9,8.0,0.016,3.18,1200.0
2025-01-05 20:16:00,70.02,8.0,0.0189,3.11,1200.0
2025-01-05 20:17:00,70.14,8.0,0.0109,3.14,1200.0
2025-01-05 20:18:00,69.64,8.0,0.017,3.12,1200.0
2025-01-05 20:19:00,70.1,8.0,0.0144,3.21,1200.0
2025-01-05 20:20:00,84.84,10.07,0.2175,3.17,1200.0
2025-01-05 20:21:00,69.55,8.0,0.0212,3.09,1200.0
2025-01-05 20:22:00,69.83,8.0,0.0125,3.14,1200.0
2025-01-05 20:23:00,69.79,8.0,0.0174,3.19,1200.0
2025-01-05 20:24:00,69.78,8.0,0.0201,3.17,1200.0
2025-01-05 20:25:00,69.99,8.0,0.019,3.09,1200.0
2025-01-05 20:26:00,69.86,8.0,0.0181,3.24,1200.0
2025-01-05 20:27:00,69.54,8.0,0.0182,3.07,1200.0
2025-01-05 20:28:00,70.12,8.0,0.0212,3.18,1200.0
2025-01-05 20:29:00,70.13,8.0,0.0219,3.17,1200.0
2025-01-05 20:30:00,69.85,8.0,0.0131,3.02,1200.0
2025-01-05 20:31:00,70.17,8.0,0.0182,3.17,1200.0
2025-01-05 20:32:00,69.77,8.0,0.0188,3.17,1200.0
2025-01-05 20:33:00,70.42,8.0,0.0167,3.13,1200.0
2025-01-05 20:34:00,70.12,8.0,0.0196,3.1,1200.0
2025-01-05 20:35:00,70.01,8.0,0.0218,3.13,1200.0
2025-01-05 20:36:00,69.57,8.0,0.0184,3.18,1200.0
2025-01-05 20:37:00,70.0,8.0,0.0126,3.15,1200.0
2025-01-05 20:38:00,69.93,8.0,0.018,3.18,1200.0
2025-01-05 20:39:00,69.86,8.0,0.0206,3.16,1200.0
2025-01-05 20:40:00,70.28,8.0,0.0172,3.18,1200.0
2025-01-05 20:41:00,69.97,8.0,0.019,3.11,1200.0
2025-01-05 20:42:00,70.06,8.0,0.0173,3.19,1200.0
2025-01-05 20:43:00,70.17,8.0,0.0213,3.14,1200.0
2025-01-05 20:44:00,70.17,8.0,0.0172,3.16,1200.0
2025-01-05 20:45:00,69.95,8.0,0.0209,3.19,1200.0
2025-01-05 20:46:00,69.91,8.0,0.0223,3.17,1200.0
2025-01-05 20:47:00,69.95,8.0,0.014,3.18,1200.0
2025-01-05 20:48:00,69.66,8.0,0.0154,3.16,1200.0
2025-01-05 20:49:00,69.83,8.0,0.0152,3.14,1200.0
2025-01-05 20:50:00,69.69,8.0,0.0206,3.11,1200.0
2025-01-05 20:51:00,70.42,8.0,0.0155,3.11,1200.0
2025-01-05 20:52:00,70.22,8.0,0.0188,3.09,1200.0
2025-01-05 20:53:00,70.48,8.0,0.0133,3.06,1200.0
2025-01-05 20:54:00,69.91,8.0,0.0137,3.15,1200.0
2025-01-05 20:55:00,69.93,8.0,0.0194,3.15,1200.0
2025-01-05 20:56:00,70.15,8.0,0.0176,3.16,1200.0
2025-01-05 20:57:00,70.13,8.0,0.0204,3.2,1200.0
2025-01-05 20:58:00,69.79,8.0,0.0219,3.15,1200.0
2025-01-05 20:59:00,69.96,8.0,0.0171,3.11,1200.0
2025-01-05 21:00:00,70.75,8.0,0.0213,3.22,1200.0
2025-01-05 21:01:00,70.34,8.0,0.0207,3.17,1200.0
2025-01-05 21:02:00,69.87,8.0,0.01,3.14,1200.0
2025-01-05 21:03:00,70.19,8.0,0.0096,3.19,1200.0
2025-01-05 21:04:00,70.21,8.0,0.0149,3.23,1200.0
2025-01-05 21:05:00,69.94,8.0,0.0119,3.18,1200.0
2025-01-05 21:06:00,70.2,8.0,0.0199,3.13,1200.0
2025-01-05 21:07:00,70.32,8.0,0.0167,3.14,1200.0
2025-01-05 21:08:00,70.19,8.0,0.0166,3.12,1200.0
2025-01-05 21:09:00,70.24,8.0,0.0185,3.19,1200.0
2025-01-05 21:10:00,69.74,8.0,0.0168,3.11,1200.0
2025-01-05 21:11:00,69.18,8.0,0.0204,3.11,1200.0
2025-01-05 21:12:00,69.96,8.0,0.0123,3.22,1200.0
2025-01-05 21:13:00,70.25,8.0,0.0177,3.1,1200.0
2025-01-05 21:14:00,70.18,8.0,0.0163,3.2,1200.0
2025-01-05 21:15:00,70.29,8.0,0.0185,3.06,1200.0
2025-01-05 21:16:00,69.62,8.0,0.0177,3.12,1200.0
2025-01-05 21:17:00,70.09,8.0,0.0198,3.16,1200.0
2025-01-05 21:18:00,69.61,8.0,0.0181,3.23,1200.0
2025-01-05 21:19:00,69.6,8.0,0.0151,3.18,1200.0
2025-01-05 21:20:00,69.54,8.0,0.0119,3.1,1200.0
2025-01-05 21:21:00,70.26,8.0,0.0179,3.12,1200.0
2025-01-05 21:22:00,69.92,8.0,0.0221,3.11,1200.0
2025-01-05 21:23:00,70.68,8.0,0.0154,3.29,1200.0
2025-01-05 21:24:00,70.12,8.0,0.0098,3.18,1200.0
2025-01-05 21:25:00,70.0,8.0,0.0175,3.15,1200.0
2025-01-05 21:26:00,69.59,8.0,0.0176,3.11,1200.0
2025-01-05 21:27:00,69.76,8.0,0.0201,3.13,1200.0
2025-01-05 21:28:00,70.11,8.0,0.0134,3.23,1200.0
2025-01-05 21:29:00,70.1,8.0,0.0196,3.16,1200.0
2025-01-05 21:30:00,69.57,8.0,0.0192,3.03,1200.0
2025-01-05 21:31:00,69.96,8.0,0.017,3.12,1200.0
2025-01-05 21:32:00,69.48,8.0,0.0164,3.17,1200.0
2025-01-05 21:33:00,69.99,8.0,0.0196,3.14,1200.0
2025-01-05 21:34:00,70.04,8.0,0.0146,3.14,1200.0
2025-01-05 21:35:00,69.94,8.0,0.0168,3.21,1200.0
2025-01-05 21:36:00,69.82,8.0,0.0186,3.16,1200.0
2025-01-05 21:37:00,70.27,8.0,0.0182,3.13,1200.0
2025-01-05 21:38:00,70.34,8.0,0.0189,3.21,1200.0
2025-01-05 21:39:00,70.12,8.0,0.0167,3.18,1200.0
2025-01-05 21:40:00,69.98,8.0,0.0197,3.14,1200.0
2025-01-05 21:41:00,69.87,8.0,0.0171,3.17,1200.0
2025-01-05 21:42:00,69.88,8.0,0.0212,3.1,1200.0
2025-01-05 21:43:00,69.78,8.0,0.0197,3.12,1200.0
2025-01-05 21:44:00,70.39,8.0,0.02,3.08,1200.0
2025-01-05 21:45:00,69.37,8.0,0.0176,3.19,1200.0
2025-01-05 21:46:00,70.16,8.0,0.0193,3.15,1200.0
2025-01-05 21:47:00,69.76,8.0,0.0125,3.16,1200.0
2025-01-05 21:48:00,69.49,8.0,0.0117,3.09,1200.0
2025-01-05 21:49:00,70.32,8.0,0.0101,3.15,1200.0
2025-01-05 21:50:00,70.43,8.0,0.0201,3.12,1200.0
2025-01-05 21:51:00,70.5,8.0,0.0131,3.18,1200.0
2025-01-05 21:52:00,69.72,8.0,0.0152,3.08,1200.0
2025-01-05 21:53:00,69.52,8.0,0.0173,3.19,1200.0
2025-01-05 21:54:00,69.51,8.0,0.0133,3.14,1200.0
2025-01-05 21:55:00,69.72,8.0,0.0202,3.08,1200.0
2025-01-05 21:56:00,70.22,8.0,0.0165,3.03,1200.0
2025-01-05 21:57:00,69.68,8.0,0.0098,3.19,1200.0
2025-01-05 21:58:00,70.18,8.0,0.017,3.23,1200.0
2025-01-05 21:59:00,70.6,8.0,0.0163,3.1,1200.0
2025-01-05 22:00:00,69.98,8.0,0.0167,3.04,1200.0
2025-01-05 22:01:00,70.59,8.0,0.0165,3.19,1200.0
2025-01-05 22:02:00,69.97,8.0,0.0163,3.14,1200.0
2025-01-05 22:03:00,69.97,8.0,0.0107,3.1,1200.0
2025-01-05 22:04:00,69.52,8.0,0.0179,3.15,1200.0
2025-01-05 22:05:00,69.73,8.0,0.0228,3.18,1200.0
2025-01-05 22:06:00,70.05,8.0,0.0137,3.1,1200.0
2025-01-05 22:07:00,70.22,8.0,0.0131,3.16,1200.0
2025-01-05 22:08:00,69.49,8.0,0.0182,3.22,1200.0
2025-01-05 22:09:00,69.83,8.0,0.0154,3.18,1200.0
2025-01-05 22:10:00,70.68,8.0,0.014,3.13,1200.0
2025-01-05 22:11:00,69.94,8.0,0.0193,3.17,1200.0
2025-01-05 22:12:00,69.85,8.0,0.018,3.19,1200.0
2025-01-05 22:13:00,69.45,8.0,0.0204,3.17,1200.0
2025-01-05 22:14:00,69.92,8.0,0.0213,3.19,1200.0
2025-01-05 22:15:00,70.0,8.0,0.0126,3.16,1200.0
2025-01-05 22:16:00,69.29,8.0,0.0192,3.2,1200.0
2025-01-05 22:17:00,69.9,8.0,0.0199,3.1,1200.0
2025-01-05 22:18:00,70.48,8.0,0.0224,3.16,1200.0
2025-01-05 22:19:00,69.9,8.0,0.0131,3.09,1200.0
2025-01-05 22:20:00,69.67,8.0,0.0151,3.13,1200.0
2025-01-05 22:21:00,69.7,8.0,0.0221,3.17,1200.0
2025-01-05 22:22:00,69.56,8.0,0.02,3.13,1200.0
2025-01-05 22:23:00,70.17,8.0,0.0173,3.19,1200.0
2025-01-05 22:24:00,70.36,8.0,0.015,3.11,1200.0
2025-01-05 22:25:00,70.37,8.0,0.02,3.2,1200.0
2025-01-05 22:26:00,69.63,8.0,0.0188,3.23,1200.0
2025-01-05 22:27:00,69.75,8.0,0.0201,3.05,1200.0
2025-01-05 22:28:00,70.0,8.0,0.0108,3.13,1200.0
2025-01-05 22:29:00,69.74,8.0,0.0172,3.14,1200.0
2025-01-05 22:30:00,69.77,8.0,0.0195,3.17,1200.0
2025-01-05 22:31:00,70.58,8.0,0.0151,3.23,1200.0
2025-01-05 22:32:00,70.26,8.0,0.0174,3.2,1200.0
2025-01-05 22:33:00,70.47,8.0,0.0196,3.21,1200.0
2025-01-05 22:34:00,69.77,8.0,0.0153,3.15,1200.0
2025-01-05 22:35:00,70.12,8.0,0.0163,3.2,1200.0
2025-01-05 22:36:00,70.16,8.0,0.0122,3.18,1200.0
2025-01-05 22:37:00,69.58,8.0,0.0167,3.18,1200.0
2025-01-05 22:38:00,69.75,8.0,0.014,3.15,1200.0
2025-01-05 22:39:00,70.13,8.0,0.0178,3.16,1200.0
2025-01-05 22:40:00,70.08,8.0,0.0156,3.2,1200.0
2025-01-05 22:41:00,69.84,8.0,0.0188,3.16,1200.0
2025-01-05 22:42:00,70.12,8.0,0.0188,3.13,1200.0
2025-01-05 22:43:00,70.03,8.0,0.0198,3.18,1200.0
2025-01-05 22:44:00,70.54,8.0,0.0173,3.17,1200.0
2025-01-05 22:45:00,69.53,8.0,0.0166,3.16,1200.0
2025-01-05 22:46:00,70.09,8.0,0.0155,3.08,1200.0
2025-01-05 22:47:00,70.59,8.0,0.0181,3.19,1200.0
2025-01-05 22:48:00,69.89,8.0,0.0156,3.07,1200.0
2025-01-05 22:49:00,69.77,8.0,0.0193,3.12,1200.0
2025-01-05 22:50:00,69.58,8.0,0.0194,3.14,1200.0
2025-01-05 22:51:00,70.11,8.0,0.0174,3.13,1200.0
2025-01-05 22:52:00,69.55,8.0,0.0192,3.11,1200.0
2025-01-05 22:53:00,70.06,8.0,0.0177,3.16,1200.0
2025-01-05 22:54:00,69.91,8.0,0.0197,3.18,1200.0
2025-01-05 22:55:00,70.11,8.0,0.0205,3.11,1200.0
2025-01-05 22:56:00,70.08,8.0,0.0171,3.06,1200.0
2025-01-05 22:57:00,69.54,8.0,0.0181,3.21,1200.0
2025-01-05 22:58:00,69.85,8.0,0.0193,3.13,1200.0
2025-01-05 22:59:00,70.0,8.0,0.0185,3.12,1200.0
2025-01-05 23:00:00,69.83,8.0,0.0148,3.23,1200.0
2025-01-05 23:01:00,69.6,8.0,0.0173,3.18,1200.0
2025-01-05 23:02:00,69.88,8.0,0.0177,3.13,1200.0
2025-01-05 23:03:00,70.32,8.0,0.0197,3.14,1200.0
2025-01-05 23:04:00,70.2,8.0,0.0151,3.12,1200.0
2025-01-05 23:05:00,70.09,8.0,0.0161,3.1,1200.0
2025-01-05 23:06:00,69.77,8.0,0.0152,3.14,1200.0
2025-01-05 23:07:00,69.7,8.0,0.0187,3.18,1200.0
2025-01-05 23:08:00,70.3,8.0,0.018,3.15,1200.0
2025-01-05 23:09:00,69.6,8.0,0.0229,3.14,1200.0
2025-01-05 23:10:00,70.08,8.0,0.0201,3.21,1200.0
2025-01-05 23:11:00,70.55,8.0,0.0149,3.15,1200.0
2025-01-05 23:12:00,70.53,8.0,0.0218,3.22,1200.0
2025-01-05 23:13:00,70.62,8.0,0.017,3.22,1200.0
2025-01-05 23:14:00,69.85,8.0,0.0155,3.17,1200.0
2025-01-05 23:15:00,70.1,8.0,0.0169,3.11,1200.0
2025-01-05 23:16:00,69.66,8.0,0.0216,3.17,1200.0
2025-01-05 23:17:00,69.64,8.0,0.0201,3.14,1200.0
2025-01-05 23:18:00,70.31,8.0,0.0147,3.14,1200.0
2025-01-05 23:19:00,70.18,8.0,0.0177,3.09,1200.0
2025-01-05 23:20:00,70.17,8.0,0.018,3.17,1200.0
2025-01-05 23:21:00,70.23,8.0,0.0143,3.18,1200.0
2025-01-05 23:22:00,69.96,8.0,0.0143,3.18,1200.0
2025-01-05 23:23:00,69.77,8.0,0.0159,3.15,1200.0
2025-01-05 23:24:00,70.24,8.0,0.0129,3.14,1200.0
2025-01-05 23:25:00,70.43,8.0,0.0187,3.2,1200.0
2025-01-05 23:26:00,70.1,8.0,0.0229,3.08,1200.0
2025-01-05 23:27:00,70.47,8.0,0.0143,3.18,1200.0
2025-01-05 23:28:00,69.93,8.0,0.0245,3.11,1200.0
2025-01-05 23:29:00,69.56,8.0,0.0176,3.09,1200.0
2025-01-05 23:30:00,70.1,8.0,0.0146,3.16,1200.0
2025-01-05 23:31:00,70.28,8.0,0.017,3.07,1200.0
2025-01-05 23:32:00,70.41,8.0,0.0152,3.11,1200.0
2025-01-05 23:33:00,69.92,8.0,0.016,3.09,1200.0
2025-01-05 23:34:00,69.88,8.0,0.0177,3.14,1200.0
2025-01-05 23:35:00,69.81,8.0,0.0261,3.17,1200.0
2025-01-05 23:36:00,69.97,8.0,0.0265,3.23,1200.0
2025-01-05 23:37:00,69.98,8.0,0.0144,3.05,1200.0
2025-01-05 23:38:00,69.9,8.0,0.0211,3.18,1200.0
2025-01-05 23:39:00,70.01,8.0,0.02,3.04,1200.0
2025-01-05 23:40:00,70.02,8.0,0.0229,3.17,1200.0
2025-01-05 23:41:00,69.84,8.0,0.0194,3.13,1200.0
2025-01-05 23:42:00,69.96,8.0,0.0125,3.08,1200.0
2025-01-05 23:43:00,69.83,8.0,0.0179,3.19,1200.0
2025-01-05 23:44:00,69.95,8.0,0.0174,3.2,1200.0
2025-01-05 23:45:00,69.83,8.0,0.018,3.15,1200.0
2025-01-05 23:46:00,69.89,8.0,0.0172,3.19,1200.0
2025-01-05 23:47:00,70.12,8.0,0.0196,3.15,1200.0
2025-01-05 23:48:00,70.05,8.0,0.0184,3.19,1200.0
2025-01-05 23:49:00,69.68,8.0,0.0146,3.08,1200.0
2025-01-05 23:50:00,70.66,8.0,0.0168,3.17,1200.0
2025-01-05 23:51:00,70.23,8.0,0.017,3.12,1200.0
2025-01-05 23:52:00,69.83,8.0,0.0179,3.21,1200.0
2025-01-05 23:53:00,69.88,8.0,0.0147,3.15,1200.0
2025-01-05 23:54:00,69.95,8.0,0.0207,3.23,1200.0
2025-01-05 23:55:00,70.39,8.0,0.0169,3.13,1200.0
2025-01-05 23:56:00,69.5,8.0,0.0102,3.17,1200.0
2025-01-05 23:57:00,70.42,8.0,0.0163,3.0,1200.0
2025-01-05 23:58:00,69.99,8.0,0.0185,3.17,1200.0
2025-01-05 23:59:00,69.94,8.0,0.0179,3.1,1200.0
2025-01-06 00:00:00,70.32,9.9,0.0225,4.51,1502.0
2025-01-06 00:01:00,70.04,10.4,0.0286,4.46,1494.0
2025-01-06 00:02:00,69.59,9.78,0.0222,4.5,1477.0
2025-01-06 00:03:00,70.17,10.01,0.0209,4.47,1492.0
2025-01-06 00:04:00,69.56,10.07,0.0293,4.4,1486.0
2025-01-06 00:05:00,69.71,9.73,0.0248,4.51,1480.0
2025-01-06 00:06:00,70.03,9.85,0.0211,4.62,1500.0
2025-01-06 00:07:00,70.38,10.18,0.0189,4.55,1505.0
2025-01-06 00:08:00,70.41,10.28,0.0205,4.51,1498.0
2025-01-06 00:09:00,69.74,10.1,0.0254,4.54,1497.0
2025-01-06 00:10:00,70.51,9.7,0.0264,4.53,1522.0
2025-01-06 00:11:00,69.67,10.17,0.0263,4.52,1493.0
2025-01-06 00:12:00,70.49,10.12,0.0267,4.44,1477.0
2025-01-06 00:13:00,69.97,9.83,0.0195,4.48,1506.0
2025-01-06 00:14:00,70.42,10.18,0.0258,4.5,1498.0
2025-01-06 00:15:00,69.48,10.13,0.0215,4.52,1498.0
2025-01-06 00:16:00,70.18,10.28,0.0277,4.53,1500.0
2025-01-06 00:17:00,69.99,9.84,0.0274,4.51,1489.0
2025-01-06 00:18:00,70.4,10.14,0.0197,4.53,1514.0
2025-01-06 00:19:00,69.84,9.92,0.0216,4.54,1509.0
2025-01-06 00:20:00,69.69,9.95,0.0248,4.53,1510.0
2025-01-06 00:21:00,69.71,9.82,0.0265,4.5,1500.0
2025-01-06 00:22:00,70.42,9.89,0.0229,4.6,1511.0
2025-01-06 00:23:00,69.97,9.78,0.0276,4.41,1483.0
2025-01-06 00:24:00,69.63,10.09,0.0258,4.52,1475.0
2025-01-06 00:25:00,70.08,9.77,0.0223,4.45,1503.0
2025-01-06 00:26:00,70.0,10.04,0.0295,4.44,1508.0
2025-01-06 00:27:00,69.82,9.89,0.0276,4.56,1519.0
2025-01-06 00:28:00,70.14,9.83,0.0243,4.54,1502.0
2025-01-06 00:29:00,69.7,10.0,0.0265,4.49,1524.0
2025-01-06 00:30:00,69.84,10.1,0.0288,4.47,1508.0
2025-01-06 00:31:00,69.97,10.28,0.0229,4.59,1473.0
2025-01-06 00:32:00,69.77,9.89,0.0291,4.5,1515.0
2025-01-06 00:33:00,69.84,10.17,0.0206,4.45,1496.0
2025-01-06 00:34:00,70.3,10.13,0.0234,4.54,1460.0
2025-01-06 00:35:00,70.22,10.1,0.0238,4.52,1528.0
2025-01-06 00:36:00,70.36,10.28,0.0197,4.43,1482.0
2025-01-06 00:37:00,70.4,10.12,0.0254,4.55,1515.0
2025-01-06 00:38:00,69.8,9.88,0.0196,4.55,1508.0
2025-01-06 00:39:00,70.55,10.03,0.0285,4.56,1491.0
2025-01-06 00:40:00,69.3,9.99,0.0195,4.46,1533.0
2025-01-06 00:41:00,69.83,9.86,0.027,4.52,1481.0
2025-01-06 00:42:00,70.39,10.18,0.0231,4.47,1498.0
2025-01-06 00:43:00,69.89,10.26,0.0247,4.47,1501.0
2025-01-06 00:44:00,70.45,10.09,0.0309,4.54,1502.0
2025-01-06 00:45:00,70.35,9.95,0.023,4.51,1491.0
2025-01-06 00:46:00,70.09,9.62,0.0235,4.53,1498.0
2025-01-06 00:47:00,69.62,9.97,0.0233,4.57,1487.0
2025-01-06 00:48:00,69.69,10.09,0.0292,4.52,1475.0
2025-01-06 00:49:00,70.11,9.82,0.0248,4.47,1503.0
2025-01-06 00:50:00,70.32,9.97,0.0288,4.4,1488.0
2025-01-06 00:51:00,69.8,9.8,0.0222,4.51,1512.0
2025-01-06 00:52:00,70.28,10.08,0.023,4.43,1503.0
2025-01-06 00:53:00,70.18,10.24,0.021,4.46,1482.0
2025-01-06 00:54:00,70.23,10.05,0.0226,4.41,1509.0
2025-01-06 00:55:00,70.45,9.86,0.0287,4.49,1492.0
2025-01-06 00:56:00,70.1,10.04,0.0274,4.53,1503.0
2025-01-06 00:57:00,69.98,9.7,0.029,4.48,1521.0
2025-01-06 00:58:00,70.28,10.0,0.0313,4.46,1499.0
2025-01-06 00:59:00,70.39,9.97,0.0263,4.49,1510.0
2025-01-06 01:00:00,70.04,10.13,0.0274,4.61,1483.0
2025-01-06 01:01:00,69.68,10.11,0.0232,4.58,1515.0
2025-01-06 01:02:00,69.93,10.04,0.03,4.52,1507.0
2025-01-06 01:03:00,70.23,9.96,0.0278,4.53,1497.0
2025-01-06 01:04:00,69.89,10.16,0.0275,4.43,1481.0
2025-01-06 01:05:00,70.16,10.07,0.0234,4.54,1498.0
2025-01-06 01:06:00,69.92,9.97,0.0234,4.48,1500.0
2025-01-06 01:07:00,70.55,10.3,0.027,4.48,1508.0
2025-01-06 01:08:00,69.99,10.25,0.021,4.47,1490.0
2025-01-06 01:09:00,69.95,10.14,0.0245,4.52,1508.0
2025-01-06 01:10:00,69.96,9.64,0.028,4.46,1464.0
2025-01-06 01:11:00,69.83,9.77,0.0258,4.46,1497.0
2025-01-06 01:12:00,70.29,10.51,0.0226,4.48,1493.0
2025-01-06 01:13:00,69.61,9.97,0.026,4.59,1470.0
2025-01-06 01:14:00,69.89,10.07,0.024,4.47,1512.0
2025-01-06 01:15:00,70.01,10.3,0.0242,4.48,1540.0
2025-01-06 01:16:00,69.51,10.25,0.0258,4.61,1500.0
2025-01-06 01:17:00,69.73,10.3,0.0239,4.49,1516.0
2025-01-06 01:18:00,70.07,9.83,0.0278,4.52,1493.0
2025-01-06 01:19:00,70.46,9.92,0.0239,4.62,1492.0
2025-01-06 01:20:00,69.75,9.89,0.0239,4.52,1504.0
2025-01-06 01:21:00,70.2,9.94,0.0247,4.51,1491.0
2025-01-06 01:22:00,69.83,9.8,0.0254,4.54,1479.0
2025-01-06 01:23:00,69.76,10.51,0.0217,4.43,1504.0
2025-01-06 01:24:00,69.91,9.91,0.0286,4.47,1514.0
2025-01-06 01:25:00,70.36,9.76,0.0215,4.51,1532.0
2025-01-06 01:26:00,70.06,9.99,0.0326,4.51,1476.0
2025-01-06 01:27:00,69.89,9.68,0.0248,4.6,1481.0
2025-01-06 01:28:00,69.4,10.13,0.0242,4.53,1504.0
2025-01-06 01:29:00,69.92,9.8,0.0179,4.45,1474.0
2025-01-06 01:30:00,70.01,10.03,0.0252,4.46,1490.0
2025-01-06 01:31:00,70.38,10.1,0.0242,4.42,1468.0
2025-01-06 01:32:00,69.65,10.14,0.0223,4.51,1495.0
2025-01-06 01:33:00,70.01,10.43,0.0295,4.36,1486.0
2025-01-06 01:34:00,69.91,10.16,0.0231,4.51,1495.0
2025-01-06 01:35:00,69.62,10.05,0.0243,4.45,1497.0
2025-01-06 01:36:00,69.9,10.21,0.0224,4.57,1474.0
2025-01-06 01:37:00,69.91,9.81,0.0253,4.52,1493.0
2025-01-06 01:38:00,69.99,10.66,0.0261,4.47,1484.0
2025-01-06 01:39:00,69.88,9.86,0.0294,4.52,1492.0
2025-01-06 01:40:00,75.08,9.98,0.3299,4.48,1499.0
2025-01-06 01:41:00,70.06,9.61,0.031,4.55,1488.0
2025-01-06 01:42:00,69.94,9.73,0.0228,4.54,1515.0
2025-01-06 01:43:00,70.01,10.05,0.0237,4.48,1470.0
2025-01-06 01:44:00,70.11,9.83,0.0221,4.66,1495.0
2025-01-06 01:45:00,69.9,9.7,0.0259,4.52,1522.0
2025-01-06 01:46:00,70.08,10.14,0.0227,4.47,1505.0
2025-01-06 01:47:00,70.29,10.02,0.0283,4.5,1501.0
2025-01-06 01:48:00,69.84,10.26,0.0233,4.51,1497.0
2025-01-06 01:49:00,69.57,10.25,0.0363,4.51,1490.0
2025-01-06 01:50:00,69.81,9.82,0.0264,4.57,1513.0
2025-01-06 01:51:00,70.46,9.68,0.0226,4.54,1488.0
2025-01-06 01:52:00,70.06,10.09,0.0286,4.49,1494.0
2025-01-06 01:53:00,70.38,9.75,0.0329,4.48,1514.0
2025-01-06 01:54:00,74.75,10.03,0.3249,4.57,1511.0
2025-01-06 01:55:00,70.25,9.96,0.0264,4.46,1510.0
2025-01-06 01:56:00,69.98,9.82,0.0227,4.5,1491.0
2025-01-06 01:57:00,69.76,10.04,0.0228,4.49,1518.0
2025-01-06 01:58:00,69.66,9.83,0.0232,4.6,1503.0
2025-01-06 01:59:00,70.2,9.67,0.0265,4.47,1508.0
2025-01-06 02:00:00,70.04,10.01,0.0256,4.36,1481.0
2025-01-06 02:01:00,69.68,10.25,0.0294,4.47,1474.0
2025-01-06 02:02:00,69.64,10.33,0.0291,4.54,1496.0
2025-01-06 02:03:00,69.4,9.88,0.0234,4.44,1517.0
2025-01-06 02:04:00,70.05,10.26,0.024,4.64,1507.0
2025-01-06 02:05:00,69.94,9.8,0.028,4.49,1467.0
2025-01-06 02:06:00,69.59,10.04,0.0312,4.45,1455.0
2025-01-06 02:07:00,70.63,9.59,0.0267,4.54,1518.0
2025-01-06 02:08:00,70.3,10.19,0.023,4.44,1487.0
2025-01-06 02:09:00,69.92,9.98,0.0282,4.46,1504.0
2025-01-06 02:10:00,69.63,10.12,0.0203,4.45,1481.0
2025-01-06 02:11:00,69.98,9.89,0.0251,4.51,1501.0
2025-01-06 02:12:00,70.13,9.9,0.0194,4.53,1492.0
2025-01-06 02:13:00,69.92,10.04,0.0283,4.6,1462.0
2025-01-06 02:14:00,70.08,9.98,0.0248,4.49,1492.0
2025-01-06 02:15:00,70.09,9.83,0.0218,4.48,1495.0
2025-01-06 02:16:00,70.42,9.81,0.0212,4.53,1518.0
2025-01-06 02:17:00,70.05,10.02,0.0241,4.48,1525.0
2025-01-06 02:18:00,70.03,10.26,0.0282,4.45,1515.0
2025-01-06 02:19:00,70.36,9.8,0.0264,4.54,1523.0
2025-01-06 02:20:00,70.34,9.78,0.0326,4.53,1532.0
2025-01-06 02:21:00,69.72,10.15,0.0277,4.53,1511.0
2025-01-06 02:22:00,69.65,9.6,0.0183,4.5,1505.0
2025-01-06 02:23:00,70.14,10.0,0.0254,4.49,1502.0
2025-01-06 02:24:00,70.55,10.21,0.0294,4.43,1499.0
2025-01-06 02:25:00,69.68,10.2,0.0248,4.54,1487.0
2025-01-06 02:26:00,69.48,10.12,0.0155,4.43,1503.0
2025-01-06 02:27:00,70.11,10.4,0.0244,4.54,1487.0
2025-01-06 02:28:00,75.07,10.02,0.3277,4.52,1485.0
2025-01-06 02:29:00,70.24,10.16,0.0235,4.51,1491.0
2025-01-06 02:30:00,70.05,9.77,0.0276,4.53,1493.0
2025-01-06 02:31:00,70.02,9.98,0.0226,4.44,1508.0
2025-01-06 02:32:00,70.41,10.07,0.0192,4.38,1504.0
2025-01-06 02:33:00,70.44,10.1,0.0269,4.46,1493.0
2025-01-06 02:34:00,70.39,9.86,0.0269,4.46,1506.0
2025-01-06 02:35:00,69.89,9.96,0.0275,4.55,1513.0
2025-01-06 02:36:00,69.69,9.96,0.023,4.53,1503.0
2025-01-06 02:37:00,69.61,9.85,0.027,4.5,1493.0
2025-01-06 02:38:00,69.54,9.85,0.0236,4.54,1510.0
2025-01-06 02:39:00,69.5,9.86,0.0274,4.46,1490.0
2025-01-06 02:40:00,69.93,10.27,0.0271,4.45,1492.0
2025-01-06 02:41:00,69.24,9.81,0.0228,4.48,1493.0
2025-01-06 02:42:00,69.88,9.94,0.0223,4.39,1478.0
2025-01-06 02:43:00,70.1,10.06,0.0265,4.52,1521.0
2025-01-06 02:44:00,70.08,10.2,0.0228,4.46,1517.0
2025-01-06 02:45:00,69.8,9.98,0.0264,4.58,1496.0
2025-01-06 02:46:00,70.49,9.7,0.0289,4.59,1485.0
2025-01-06 02:47:00,69.36,9.92,0.0225,4.49,1520.0
2025-01-06 02:48:00,69.71,9.62,0.0258,4.48,1498.0
2025-01-06 02:49:00,69.45,9.66,0.0224,4.41,1492.0
2025-01-06 02:50:00,70.09,9.87,0.0229,4.48,1516.0
2025-01-06 02:51:00,70.39,10.06,0.0209,4.51,1497.0
2025-01-06 02:52:00,70.55,9.85,0.0242,4.54,1493.0
2025-01-06 02:53:00,70.18,9.99,0.0252,4.58,1487.0
2025-01-06 02:54:00,69.88,10.27,0.0249,4.4,1481.0
2025-01-06 02:55:00,70.18,9.93,0.0255,4.49,1500.0
2025-01-06 02:56:00,70.02,9.74,0.0225,4.56,1530.0
2025-01-06 02:57:00,69.52,9.62,0.0265,4.51,1517.0
2025-01-06 02:58:00,69.65,10.01,0.0252,4.4,1496.0
2025-01-06 02:59:00,70.21,9.86,0.0263,4.5,1516.0
2025-01-06 03:00:00,69.79,9.91,0.0235,4.58,1510.0
2025-01-06 03:01:00,70.12,9.88,0.0256,4.45,1491.0
2025-01-06 03:02:00,69.76,10.1,0.0246,4.56,1491.0
2025-01-06 03:03:00,69.9,10.39,0.0197,4.44,1494.0
2025-01-06 03:04:00,69.84,9.9,0.0212,4.52,1483.0
2025-01-06 03:05:00,69.67,9.78,0.0279,4.42,1500.0
2025-01-06 03:06:00,69.6,10.07,0.03,4.55,1507.0
2025-01-06 03:07:00,70.4,10.17,0.0304,4.43,1479.0
2025-01-06 03:08:00,69.42,10.2,0.0268,4.44,1498.0
2025-01-06 03:09:00,69.98,9.91,0.0285,4.5,1514.0
2025-01-06 03:10:00,69.74,10.19,0.0261,4.5,1467.0
2025-01-06 03:11:00,70.38,10.21,0.0246,4.42,1486.0
2025-01-06 03:12:00,70.19,9.99,0.022,4.42,1486.0
2025-01-06 03:13:00,70.03,9.97,0.0301,4.54,1493.0
2025-01-06 03:14:00,69.99,9.79,0.0213,4.55,1489.0
2025-01-06 03:15:00,70.15,9.63,0.022,4.42,1512.0
2025-01-06 03:16:00,69.88,10.24,0.0224,4.39,1547.0
2025-01-06 03:17:00,70.48,9.95,0.0254,4.49,1515.0
2025-01-06 03:18:00,69.66,9.73,0.0299,4.44,1507.0
2025-01-06 03:19:00,70.34,9.95,0.0272,4.46,1522.0
2025-01-06 03:20:00,70.23,10.01,0.028,4.42,1499.0
2025-01-06 03:21:00,69.97,10.22,0.0205,4.43,1500.0
2025-01-06 03:22:00,70.15,9.86,0.0221,4.52,1482.0
2025-01-06 03:23:00,70.21,10.38,0.026,4.6,1474.0
2025-01-06 03:24:00,69.58,10.09,0.0312,4.53,1505.0
2025-01-06 03:25:00,70.59,10.23,0.0317,4.53,1496.0
2025-01-06 03:26:00,70.21,10.0,0.0257,4.46,1516.0
2025-01-06 03:27:00,85.29,12.97,0.22,4.39,1475.0
2025-01-06 03:28:00,69.92,10.03,0.0216,4.53,1502.0
2025-01-06 03:29:00,70.18,9.87,0.0232,4.43,1492.0
2025-01-06 03:30:00,70.18,10.06,0.029,4.48,1507.0
2025-01-06 03:31:00,70.15,10.28,0.0235,4.48,1525.0
2025-01-06 03:32:00,70.11,10.1,0.0256,4.53,1482.0
2025-01-06 03:33:00,70.66,9.57,0.0248,4.48,1505.0
2025-01-06 03:34:00,69.38,10.0,0.0285,4.46,1492.0
2025-01-06 03:35:00,69.32,9.63,0.0226,4.46,1481.0
2025-01-06 03:36:00,69.8,10.11,0.023,4.48,1509.0
2025-01-06 03:37:00,69.91,10.01,0.0183,4.5,1495.0
2025-01-06 03:38:00,69.43,9.7,0.0215,4.52,1495.0
2025-01-06 03:39:00,70.1,10.02,0.0229,4.52,1501.0
2025-01-06 03:40:00,70.25,9.9,0.0249,4.59,1493.0
2025-01-06 03:41:00,70.18,9.85,0.0223,4.44,1488.0
2025-01-06 03:42:00,70.13,10.09,0.0245,4.56,1485.0
2025-01-06 03:43:00,70.12,9.98,0.0283,4.45,1509.0
2025-01-06 03:44:00,69.43,10.12,0.0252,4.53,1511.0
2025-01-06 03:45:00,69.86,10.39,0.0235,4.46,1498.0
2025-01-06 03:46:00,70.38,10.32,0.0212,4.55,1510.0
2025-01-06 03:47:00,70.29,9.83,0.0241,4.43,1487.0
2025-01-06 03:48:00,70.06,10.33,0.0246,4.45,1497.0
2025-01-06 03:49:00,69.84,10.22,0.0283,4.36,1503.0
2025-01-06 03:50:00,70.03,10.43,0.0192,4.5,1492.0
2025-01-06 03:51:00,69.56,10.13,0.0263,4.58,1495.0
2025-01-06 03:52:00,69.95,10.26,0.0265,4.48,1528.0
2025-01-06 03:53:00,70.14,10.21,0.0217,4.52,1492.0
2025-01-06 03:54:00,70.36,9.85,0.0303,4.43,1488.0
2025-01-06 03:55:00,70.02,10.1,0.0272,4.46,1496.0
2025-01-06 03:56:00,70.54,9.87,0.0237,4.49,1511.0
2025-01-06 03:57:00,69.69,10.14,0.0337,4.5,1510.0
2025-01-06 03:58:00,69.34,9.82,0.026,4.5,1498.0
2025-01-06 03:59:00,69.54,9.99,0.0233,4.51,1502.0
2025-01-06 04:00:00,69.31,10.07,0.0209,4.45,1477.0
2025-01-06 04:01:00,70.21,9.74,0.027,4.56,1499.0
2025-01-06 04:02:00,69.81,9.93,0.0271,4.44,1484.0
2025-01-06 04:03:00,69.99,9.56,0.0215,4.61,1499.0
2025-01-06 04:04:00,69.64,9.98,0.0183,4.5,1507.0
2025-01-06 04:05:00,70.09,9.95,0.0202,4.46,1537.0
2025-01-06 04:06:00,70.51,10.28,0.0232,4.52,1491.0
2025-01-06 04:07:00,70.37,10.09,0.0276,4.56,1528.0
2025-01-06 04:08:00,70.03,10.21,0.0203,4.45,1498.0
2025-01-06 04:09:00,69.91,9.9,0.0195,4.47,1516.0
2025-01-06 04:10:00,70.45,9.8,0.0265,4.5,1510.0
2025-01-06 04:11:00,69.74,9.66,0.032,4.59,1519.0
2025-01-06 04:12:00,70.12,9.83,0.0284,4.49,1505.0
2025-01-06 04:13:00,70.41,9.82,0.0269,4.55,1465.0
2025-01-06 04:14:00,70.64,9.9,0.0279,4.47,1502.0
2025-01-06 04:15:00,70.16,10.11,0.0256,4.52,1524.0
2025-01-06 04:16:00,69.85,10.05,0.0286,4.47,1516.0
2025-01-06 04:17:00,70.05,10.21,0.0279,4.51,1485.0
2025-01-06 04:18:00,69.79,10.12,0.0246,4.49,1500.0
2025-01-06 04:19:00,69.75,9.98,0.025,4.5,1512.0
2025-01-06 04:20:00,70.7,9.91,0.0242,4.56,1495.0
2025-01-06 04:21:00,69.57,9.81,0.0239,4.45,1509.0
2025-01-06 04:22:00,69.75,10.35,0.0217,4.56,1507.0
2025-01-06 04:23:00,69.93,10.01,0.0257,4.56,1494.0
2025-01-06 04:24:00,70.33,10.07,0.0263,4.55,1525.0
2025-01-06 04:25:00,70.38,9.76,0.0267,4.46,1525.0
2025-01-06 04:26:00,70.57,9.78,0.0274,4.45,1503.0
2025-01-06 04:27:00,70.09,10.35,0.0255,4.4,1487.0
2025-01-06 04:28:00,70.5,10.12,0.0297,4.53,1506.0
2025-01-06 04:29:00,70.67,10.14,0.0259,4.54,1501.0
2025-01-06 04:30:00,69.77,9.78,0.025,4.48,1523.0
2025-01-06 04:31:00,69.68,9.99,0.0282,4.58,1510.0
2025-01-06 04:32:00,70.28,9.89,0.0232,4.54,1491.0
2025-01-06 04:33:00,70.33,10.0,0.0225,4.47,1485.0
2025-01-06 04:34:00,69.74,9.9,0.0255,4.45,1520.0
2025-01-06 04:35:00,70.27,9.99,0.0251,4.48,1521.0
2025-01-06 04:36:00,69.96,9.94,0.0232,4.56,1484.0
2025-01-06 04:37:00,70.03,9.97,0.0252,4.43,1476.0
2025-01-06 04:38:00,69.8,10.52,0.0296,4.55,1515.0
2025-01-06 04:39:00,69.67,10.42,0.0223,4.47,1498.0
2025-01-06 04:40:00,70.34,9.89,0.0224,4.48,1489.0
2025-01-06 04:41:00,69.84,9.81,0.0235,4.53,1503.0
2025-01-06 04:42:00,70.33,10.25,0.0221,4.44,1522.0
2025-01-06 04:43:00,70.37,9.96,0.0229,4.46,1488.0
2025-01-06 04:44:00,70.61,10.03,0.0249,4.58,1487.0
2025-01-06 04:45:00,69.56,9.98,0.0238,4.46,1507.0
2025-01-06 04:46:00,70.38,9.89,0.0243,4.44,1501.0
2025-01-06 04:47:00,70.61,10.18,0.0265,4.46,1508.0
2025-01-06 04:48:00,69.84,10.04,0.0215,4.52,1454.0
2025-01-06 04:49:00,69.79,9.88,0.0246,4.4,1478.0
2025-01-06 04:50:00,70.09,9.59,0.0222,4.56,1497.0
2025-01-06 04:51:00,69.68,9.94,0.022,4.48,1489.0
2025-01-06 04:52:00,69.8,10.12,0.0212,4.5,1519.0
2025-01-06 04:53:00,70.47,9.87,0.0246,4.44,1493.0
2025-01-06 04:54:00,70.09,10.12,0.0282,4.41,1490.0
2025-01-06 04:55:00,70.44,9.75,0.027,4.49,1519.0
2025-01-06 04:56:00,70.21,10.17,0.0224,4.55,1518.0
2025-01-06 04:57:00,70.04,9.81,0.0209,4.45,1492.0
2025-01-06 04:58:00,70.18,10.19,0.0218,4.46,1495.0
2025-01-06 04:59:00,70.33,9.76,0.0202,4.53,1495.0
2025-01-06 05:00:00,70.69,10.22,0.0278,4.45,1487.0
2025-01-06 05:01:00,69.83,10.0,0.0259,4.43,1504.0
2025-01-06 05:02:00,70.16,9.73,0.0243,4.48,1501.0
2025-01-06 05:03:00,69.83,10.06,0.0267,4.46,1498.0
2025-01-06 05:04:00,70.46,10.18,0.0247,4.48,1521.0
2025-01-06 05:05:00,69.91,10.18,0.0255,4.48,1500.0
2025-01-06 05:06:00,70.36,10.17,0.0257,4.54,1488.0
2025-01-06 05:07:00,69.61,9.96,0.0252,4.54,1502.0
2025-01-06 05:08:00,70.12,10.24,0.0264,4.51,1494.0
2025-01-06 05:09:00,69.57,9.68,0.0276,4.55,1516.0
2025-01-06 05:10:00,69.78,10.31,0.0254,4.51,1498.0
2025-01-06 05:11:00,70.18,9.79,0.0228,4.5,1491.0
2025-01-06 05:12:00,70.44,10.16,0.0272,4.5,1507.0
2025-01-06 05:13:00,69.86,10.07,0.0246,4.46,1507.0
2025-01-06 05:14:00,70.26,10.0,0.0256,4.57,1505.0
2025-01-06 05:15:00,69.93,10.13,0.0244,4.57,1510.0
2025-01-06 05:16:00,70.11,10.02,0.0252,4.5,1486.0
2025-01-06 05:17:00,69.99,9.73,0.0283,4.44,1522.0
2025-01-06 05:18:00,69.82,9.81,0.0261,4.57,1503.0
2025-01-06 05:19:00,69.78,9.6,0.0234,4.61,1502.0
2025-01-06 05:20:00,70.05,9.74,0.0266,4.47,1493.0
2025-01-06 05:21:00,70.12,10.37,0.0182,4.43,1512.0
2025-01-06 05:22:00,69.8,9.8,0.0265,4.57,1485.0
2025-01-06 05:23:00,70.49,10.19,0.0249,4.46,1490.0
2025-01-06 05:24:00,69.93,10.06,0.0245,4.5,1506.0
2025-01-06 05:25:00,69.79,10.5,0.0238,4.47,1495.0
2025-01-06 05:26:00,70.37,10.29,0.0261,4.49,1490.0
2025-01-06 05:27:00,70.38,10.04,0.0261,4.53,1489.0
2025-01-06 05:28:00,69.77,9.76,0.0315,4.53,1498.0
2025-01-06 05:29:00,70.28,9.95,0.0289,4.47,1479.0
2025-01-06 05:30:00,70.44,10.17,0.0244,4.4,1487.0
2025-01-06 05:31:00,69.67,10.07,0.0231,4.52,1494.0
2025-01-06 05:32:00,69.91,9.74,0.0276,4.49,1481.0
2025-01-06 05:33:00,70.19,9.75,0.0273,4.47,1470.0
2025-01-06 05:34:00,69.96,10.03,0.0165,4.41,1498.0
2025-01-06 05:35:00,69.84,10.22,0.0202,4.55,1520.0
2025-01-06 05:36:00,69.67,10.09,0.0206,4.55,1500.0
2025-01-06 05:37:00,70.14,10.1,0.0256,4.48,1498.0
2025-01-06 05:38:00,70.16,9.75,0.0222,4.42,1513.0
2025-01-06 05:39:00,69.55,10.01,0.0259,4.47,1496.0
2025-01-06 05:40:00,69.26,10.07,0.0195,4.46,1489.0
2025-01-06 05:41:00,70.2,10.07,0.0252,4.45,1523.0
2025-01-06 05:42:00,69.75,9.84,0.0213,4.44,1497.0
2025-01-06 05:43:00,69.59,10.09,0.0211,4.44,1524.0
2025-01-06 05:44:00,70.22,10.07,0.0299,4.48,1450.0
2025-01-06 05:45:00,69.86,10.02,0.0206,4.42,1496.0
2025-01-06 05:46:00,69.59,9.91,0.0253,4.48,1485.0
2025-01-06 05:47:00,69.84,10.11,0.0281,4.48,1501.0
2025-01-06 05:48:00,69.74,9.91,0.0178,4.46,1531.0
2025-01-06 05:49:00,70.04,9.9,0.0171,4.48,1516.0
2025-01-06 05:50:00,69.96,10.14,0.0237,4.51,1505.0
2025-01-06 05:51:00,69.9,9.97,0.0278,4.5,1520.0
2025-01-06 05:52:00,69.97,10.22,0.0288,4.45,1518.0
2025-01-06 05:53:00,69.96,9.97,0.0293,4.57,1474.0
2025-01-06 05:54:00,70.0,9.83,0.0246,4.48,1499.0
2025-01-06 05:55:00,70.07,10.08,0.0179,4.44,1508.0
2025-01-06 05:56:00,70.19,10.21,0.0256,4.53,1500.0
2025-01-06 05:57:00,70.16,9.7,0.0271,4.51,1502.0
2025-01-06 05:58:00,70.13,10.2,0.0264,4.49,1518.0
2025-01-06 05:59:00,69.78,9.81,0.0232,4.5,1507.0
2025-01-06 06:00:00,75.06,11.93,0.0429,4.77,1751.0
2025-01-06 06:01:00,75.74,12.15,0.0439,4.77,1753.0
2025-01-06 06:02:00,75.22,11.54,0.0426,4.83,1757.0
2025-01-06 06:03:00,75.12,12.18,0.0375,4.75,1730.0
2025-01-06 06:04:00,75.07,12.07,0.0433,4.84,1769.0
2025-01-06 06:05:00,75.3,11.79,0.0432,4.75,1752.0
2025-01-06 06:06:00,74.58,12.05,0.0444,4.78,1769.0
2025-01-06 06:07:00,75.25,11.71,0.0435,4.76,1743.0
2025-01-06 06:08:00,75.21,11.92,0.0466,4.87,1749.0
2025-01-06 06:09:00,75.37,12.04,0.0462,4.76,1752.0
2025-01-06 06:10:00,75.2,11.82,0.0475,4.83,1774.0
2025-01-06 06:11:00,74.56,12.48,0.0404,4.75,1758.0
2025-01-06 06:12:00,75.2,11.9,0.051,4.86,1733.0
2025-01-06 06:13:00,74.52,12.05,0.0408,4.86,1757.0
2025-01-06 06:14:00,74.6,12.14,0.0444,4.79,1728.0
2025-01-06 06:15:00,74.79,12.03,0.0432,4.78,1781.0
2025-01-06 06:16:00,74.69,12.06,0.0473,4.87,1773.0
2025-01-06 06:17:00,75.03,11.91,0.0473,4.84,1766.0
2025-01-06 06:18:00,74.87,11.95,0.0443,4.74,1769.0
2025-01-06 06:19:00,74.47,11.72,0.0523,4.86,1745.0
2025-01-06 06:20:00,75.64,11.95,0.0377,4.79,1755.0
2025-01-06 06:21:00,74.94,11.91,0.0486,4.8,1739.0
2025-01-06 06:22:00,90.19,15.29,0.2452,4.78,1751.0
2025-01-06 06:23:00,74.97,12.14,0.0414,4.84,1721.0
2025-01-06 06:24:00,75.03,12.13,0.0485,4.77,1762.0
2025-01-06 06:25:00,75.16,11.93,0.044,4.83,1737.0
2025-01-06 06:26:00,75.62,12.01,0.0488,4.73,1734.0
2025-01-06 06:27:00,75.18,12.07,0.0489,4.78,1743.0
2025-01-06 06:28:00,74.85,12.06,0.0457,4.71,1745.0
2025-01-06 06:29:00,74.53,12.07,0.0429,4.86,1726.0
2025-01-06 06:30:00,75.2,11.87,0.0441,4.79,1770.0
2025-01-06 06:31:00,75.45,12.0,0.0467,4.82,1739.0
2025-01-06 06:32:00,74.64,12.06,0.0428,4.83,1755.0
2025-01-06 06:33:00,75.04,11.73,0.0434,4.71,1752.0
2025-01-06 06:34:00,74.78,11.98,0.0463,4.74,1741.0
2025-01-06 06:35:00,75.32,11.95,0.0472,4.8,1776.0
2025-01-06 06:36:00,74.84,12.13,0.0482,4.76,1738.0
2025-01-06 06:37:00,75.39,12.08,0.0473,4.82,1754.0
2025-01-06 06:38:00,74.61,11.96,0.0414,4.78,1752.0
2025-01-06 06:39:00,74.64,12.2,0.0515,4.85,1728.0
2025-01-06 06:40:00,75.23,12.04,0.0446,4.75,1741.0
2025-01-06 06:41:00,75.42,12.04,0.0456,4.81,1734.0
2025-01-06 06:42:00,75.09,11.89,0.0489,4.77,1725.0
2025-01-06 06:43:00,74.89,12.25,0.0443,4.82,1748.0
2025-01-06 06:44:00,75.29,11.88,0.0437,4.78,1766.0
2025-01-06 06:45:00,75.02,12.11,0.0455,4.81,1746.0
2025-01-06 06:46:00,75.25,11.98,0.0436,4.8,1739.0
2025-01-06 06:47:00,74.96,12.1,0.0482,4.71,1739.0
2025-01-06 06:48:00,74.78,12.26,0.0477,4.83,1764.0
2025-01-06 06:49:00,74.78,11.94,0.0441,4.69,1764.0
2025-01-06 06:50:00,75.54,12.06,0.0487,4.8,1728.0
2025-01-06 06:51:00,75.91,11.92,0.0459,4.77,1734.0
2025-01-06 06:52:00,74.72,12.01,0.0458,4.74,1768.0
2025-01-06 06:53:00,75.08,11.96,0.0404,4.79,1741.0
2025-01-06 06:54:00,75.24,11.89,0.0466,4.67,1739.0
2025-01-06 06:55:00,75.49,11.55,0.0471,4.73,1746.0
2025-01-06 06:56:00,74.39,12.19,0.0474,4.73,1754.0
2025-01-06 06:57:00,75.0,12.05,0.0411,4.73,1744.0
2025-01-06 06:58:00,75.1,12.04,0.0427,4.86,1754.0
2025-01-06 06:59:00,75.07,11.71,0.0401,4.74,1717.0
2025-01-06 07:00:00,75.1,12.0,0.0465,4.79,1728.0
2025-01-06 07:01:00,75.24,11.71,0.0436,4.77,1716.0
2025-01-06 07:02:00,74.65,12.38,0.049,4.72,1746.0
2025-01-06 07:03:00,75.43,12.16,0.0441,4.79,1759.0
2025-01-06 07:04:00,74.93,11.99,0.0468,4.75,1735.0
2025-01-06 07:05:00,75.32,11.88,0.0444,4.82,1763.0
2025-01-06 07:06:00,74.56,12.19,0.0456,4.9,1769.0
2025-01-06 07:07:00,75.34,11.75,0.0403,4.75,1758.0
2025-01-06 07:08:00,74.39,12.08,0.047,4.84,1725.0
2025-01-06 07:09:00,74.99,12.17,0.0481,4.73,1756.0
2025-01-06 07:10:00,75.02,11.99,0.0447,4.81,1750.0
2025-01-06 07:11:00,75.11,12.05,0.0474,4.79,1750.0
2025-01-06 07:12:00,75.01,11.92,0.0432,4.88,1763.0
2025-01-06 07:13:00,74.77,11.99,0.044,4.82,1753.0
2025-01-06 07:14:00,74.54,11.97,0.0468,4.85,1742.0
2025-01-06 07:15:00,74.63,11.87,0.0451,4.74,1726.0
2025-01-06 07:16:00,74.5,11.76,0.0474,4.83,1750.0
2025-01-06 07:17:00,75.13,11.6,0.0386,4.77,1745.0
2025-01-06 07:18:00,75.26,12.4,0.0409,4.84,1747.0
2025-01-06 07:19:00,74.83,12.01,0.0479,4.87,1764.0
2025-01-06 07:20:00,75.29,11.89,0.043,4.76,1766.0
2025-01-06 07:21:00,75.19,11.95,0.042,4.81,1764.0
2025-01-06 07:22:00,75.03,12.18,0.0437,4.79,1723.0
2025-01-06 07:23:00,75.06,11.78,0.0425,4.73,1770.0
2025-01-06 07:24:00,74.78,11.74,0.0478,4.87,1743.0
2025-01-06 07:25:00,75.38,11.8,0.0472,4.8,1751.0
2025-01-06 07:26:00,74.78,12.11,0.0467,4.79,1751.0
2025-01-06 07:27:00,75.07,12.07,0.0458,4.82,1745.0
2025-01-06 07:28:00,74.79,12.19,0.0453,4.77,1735.0
2025-01-06 07:29:00,74.84,11.78,0.0475,4.85,1773.0
2025-01-06 07:30:00,75.33,12.13,0.0462,4.77,1748.0
2025-01-06 07:31:00,75.02,12.29,0.0443,4.81,1773.0
2025-01-06 07:32:00,75.25,11.59,0.0474,4.86,1733.0
2025-01-06 07:33:00,74.89,12.14,0.0473,4.85,1757.0
2025-01-06 07:34:00,74.84,11.97,0.0477,4.82,1781.0
2025-01-06 07:35:00,75.12,11.96,0.0474,4.74,1786.0
2025-01-06 07:36:00,74.76,11.98,0.0435,4.82,1754.0
2025-01-06 07:37:00,74.55,12.16,0.0465,4.81,1756.0
2025-01-06 07:38:00,75.17,12.13,0.0443,4.78,1772.0
2025-01-06 07:39:00,75.33,12.39,0.0415,4.75,1755.0
2025-01-06 07:40:00,75.11,12.0,0.0432,4.79,1758.0
2025-01-06 07:41:00,75.09,12.2,0.0416,4.77,1724.0
2025-01-06 07:42:00,74.74,11.91,0.045,4.9,1757.0
2025-01-06 07:43:00,75.06,11.84,0.0457,4.81,1751.0
2025-01-06 07:44:00,75.27,11.98,0.0462,4.72,1758.0
2025-01-06 07:45:00,75.24,12.23,0.0435,4.7,1763.0
2025-01-06 07:46:00,74.92,12.05,0.0472,4.73,1770.0
2025-01-06 07:47:00,74.53,11.98,0.0447,4.74,1777.0
2025-01-06 07:48:00,74.62,11.81,0.0449,4.8,1762.0
2025-01-06 07:49:00,74.59,11.93,0.0471,4.85,1760.0
2025-01-06 07:50:00,75.42,11.97,0.0477,4.92,1745.0
2025-01-06 07:51:00,75.2,11.88,0.0433,4.83,1734.0
2025-01-06 07:52:00,74.92,11.78,0.0461,4.73,1758.0
2025-01-06 07:53:00,74.9,11.85,0.045,4.79,1774.0
2025-01-06 07:54:00,74.89,12.06,0.0424,4.77,1751.0
2025-01-06 07:55:00,74.46,11.87,0.0442,4.87,1763.0
2025-01-06 07:56:00,75.11,11.51,0.0479,4.77,1748.0
2025-01-06 07:57:00,75.03,11.53,0.0447,4.86,1741.0
2025-01-06 07:58:00,74.95,11.94,0.0472,4.8,1737.0
2025-01-06 07:59:00,74.95,12.14,0.0421,4.78,1762.0
2025-01-06 08:00:00,74.88,12.05,0.0439,4.8,1707.0
2025-01-06 08:01:00,75.18,11.67,0.044,4.87,1761.0
2025-01-06 08:02:00,74.56,12.05,0.0395,4.71,1742.0
2025-01-06 08:03:00,74.98,11.98,0.0492,4.8,1760.0
2025-01-06 08:04:00,75.44,11.99,0.0447,4.8,1760.0
2025-01-06 08:05:00,75.08,12.31,0.0454,4.83,1767.0
2025-01-06 08:06:00,74.97,11.98,0.0447,4.81,1770.0
2025-01-06 08:07:00,74.66,11.89,0.0419,4.73,1738.0
2025-01-06 08:08:00,75.63,12.28,0.0421,4.79,1725.0
2025-01-06 08:09:00,74.98,12.05,0.0462,4.81,1747.0
2025-01-06 08:10:00,75.04,12.2,0.0381,4.83,1752.0
2025-01-06 08:11:00,75.15,12.2,0.0413,4.8,1743.0
2025-01-06 08:12:00,75.06,11.9,0.0451,4.78,1763.0
2025-01-06 08:13:00,74.8,12.25,0.0412,4.73,1735.0
2025-01-06 08:14:00,75.22,12.18,0.0463,4.7,1739.0
2025-01-06 08:15:00,74.8,12.19,0.0437,4.77,1753.0
2025-01-06 08:16:00,75.35,12.1,0.0488,4.85,1731.0
2025-01-06 08:17:00,74.9,12.05,0.048,4.75,1750.0
2025-01-06 08:18:00,74.99,12.19,0.0443,4.92,1767.0
2025-01-06 08:19:00,74.81,11.86,0.0442,4.78,1733.0
2025-01-06 08:20:00,74.9,11.94,0.0384,4.79,1730.0
2025-01-06 08:21:00,74.1,12.28,0.0462,4.87,1737.0
2025-01-06 08:22:00,74.6,11.95,0.0436,4.82,1767.0
2025-01-06 08:23:00,74.81,12.24,0.0431,4.83,1746.0
2025-01-06 08:24:00,74.87,12.05,0.0484,4.86,1745.0
2025-01-06 08:25:00,74.67,11.99,0.0471,4.81,1751.0
2025-01-06 08:26:00,75.19,12.16,0.0465,4.79,1731.0
2025-01-06 08:27:00,74.89,11.95,0.0454,4.82,1738.0
2025-01-06 08:28:00,74.67,11.65,0.0475,4.85,1751.0
2025-01-06 08:29:00,75.1,12.19,0.0405,4.74,1755.0
2025-01-06 08:30:00,74.54,11.84,0.0443,4.83,1763.0
2025-01-06 08:31:00,74.85,12.09,0.0423,4.73,1748.0
2025-01-06 08:32:00,75.37,11.81,0.0468,4.79,1717.0
2025-01-06 08:33:00,74.84,12.3,0.0367,4.81,1762.0
2025-01-06 08:34:00,74.88,11.94,0.0418,4.72,1749.0
2025-01-06 08:35:00,74.92,11.75,0.0466,4.73,1748.0
2025-01-06 08:36:00,74.62,11.82,0.0495,4.88,1762.0
2025-01-06 08:37:00,75.13,11.79,0.0409,4.88,1736.0
2025-01-06 08:38:00,74.34,11.72,0.0504,4.76,1732.0
2025-01-06 08:39:00,74.86,11.74,0.0447,4.81,1752.0
2025-01-06 08:40:00,75.14,12.08,0.0456,4.81,1719.0
2025-01-06 08:41:00,75.24,11.9,0.0413,4.72,1753.0
2025-01-06 08:42:00,74.84,12.18,0.0388,4.8,1741.0
2025-01-06 08:43:00,75.1,11.78,0.0448,4.75,1735.0
2025-01-06 08:44:00,74.72,12.63,0.0464,4.73,1759.0
2025-01-06 08:45:00,74.65,11.97,0.0474,4.8,1758.0
2025-01-06 08:46:00,75.29,11.71,0.0473,4.76,1743.0
2025-01-06 08:47:00,75.07,11.9,0.048,4.78,1747.0
2025-01-06 08:48:00,74.96,12.18,0.0435,4.83,1746.0
2025-01-06 08:49:00,74.67,12.12,0.0468,4.72,1717.0
2025-01-06 08:50:00,74.68,12.02,0.0467,4.84,1760.0
2025-01-06 08:51:00,74.99,11.88,0.045,4.78,1736.0
2025-01-06 08:52:00,75.54,11.57,0.0454,4.75,1752.0
2025-01-06 08:53:00,75.41,12.32,0.0489,4.78,1766.0
2025-01-06 08:54:00,74.92,12.14,0.0434,4.78,1768.0
2025-01-06 08:55:00,74.55,12.18,0.0461,4.81,1732.0
2025-01-06 08:56:00,74.62,11.98,0.0471,4.68,1755.0
2025-01-06 08:57:00,74.94,11.86,0.0429,4.77,1769.0
2025-01-06 08:58:00,74.95,12.0,0.0441,4.74,1758.0
2025-01-06 08:59:00,75.07,12.32,0.0457,4.85,1771.0
2025-01-06 09:00:00,74.61,11.92,0.0456,4.72,1750.0
2025-01-06 09:01:00,74.8,11.81,0.0474,4.69,1741.0
2025-01-06 09:02:00,75.4,12.18,0.0443,4.81,1747.0
2025-01-06 09:03:00,75.06,12.12,0.0481,4.84,1763.0
2025-01-06 09:04:00,74.98,12.14,0.0456,4.76,1756.0
2025-01-06 09:05:00,74.68,11.9,0.0464,4.84,1737.0
2025-01-06 09:06:00,74.47,11.9,0.0504,4.83,1764.0
2025-01-06 09:07:00,74.98,12.01,0.042,4.79,1763.0
2025-01-06 09:08:00,74.92,11.84,0.043,4.87,1736.0
2025-01-06 09:09:00,75.07,11.99,0.0469,4.81,1716.0
2025-01-06 09:10:00,74.84,11.9,0.038,4.81,1733.0
2025-01-06 09:11:00,75.0,12.39,0.0501,4.86,1759.0
2025-01-06 09:12:00,74.77,11.85,0.0464,4.8,1746.0
2025-01-06 09:13:00,74.93,12.26,0.0462,4.74,1784.0
2025-01-06 09:14:00,74.91,12.01,0.0421,4.76,1760.0
2025-01-06 09:15:00,75.1,12.04,0.0497,4.76,1752.0
2025-01-06 09:16:00,75.06,11.76,0.0422,4.74,1745.0
2025-01-06 09:17:00,74.95,12.02,0.0418,4.86,1735.0
2025-01-06 09:18:00,74.7,11.97,0.045,4.88,1739.0
2025-01-06 09:19:00,75.12,11.98,0.0431,4.8,1739.0
2025-01-06 09:20:00,74.87,12.02,0.0437,4.78,1743.0
2025-01-06 09:21:00,75.44,12.03,0.0441,4.81,1748.0
2025-01-06 09:22:00,75.54,11.9,0.0451,4.77,1746.0
2025-01-06 09:23:00,74.89,11.87,0.0427,4.88,1765.0
2025-01-06 09:24:00,74.69,12.04,0.0491,4.81,1765.0
2025-01-06 09:25:00,74.82,12.08,0.045,4.75,1737.0
2025-01-06 09:26:00,74.51,12.25,0.0452,4.71,1770.0
2025-01-06 09:27:00,74.69,11.95,0.0446,4.88,1727.0
2025-01-06 09:28:00,74.84,12.06,0.0507,4.73,1751.0
2025-01-06 09:29:00,74.68,11.96,0.0494,4.89,1735.0
2025-01-06 09:30:00,75.11,11.89,0.0443,4.78,1771.0
2025-01-06 09:31:00,75.44,12.14,0.0411,4.78,1770.0
2025-01-06 09:32:00,74.99,12.23,0.0415,4.89,1760.0
2025-01-06 09:33:00,75.34,12.03,0.0387,4.88,1774.0
2025-01-06 09:34:00,74.98,11.85,0.0438,4.79,1759.0
2025-01-06 09:35:00,74.86,12.08,0.0475,4.84,1738.0
2025-01-06 09:36:00,75.18,12.03,0.0415,4.8,1716.0
2025-01-06 09:37:00,75.26,11.92,0.0447,4.74,1748.0
2025-01-06 09:38:00,75.24,11.88,0.0455,4.87,1730.0
2025-01-06 09:39:00,74.84,11.98,0.0406,4.73,1751.0
2025-01-06 09:40:00,74.94,12.12,0.0436,4.76,1729.0
2025-01-06 09:41:00,74.6,11.67,0.0407,4.84,1744.0
2025-01-06 09:42:00,75.88,11.87,0.0481,4.83,1765.0
2025-01-06 09:43:00,75.23,11.7,0.0465,4.74,1749.0
2025-01-06 09:44:00,74.76,11.76,0.0487,4.88,1732.0
2025-01-06 09:45:00,75.12,11.87,0.0467,4.84,1743.0
2025-01-06 09:46:00,75.26,12.19,0.0428,4.82,1749.0
2025-01-06 09:47:00,74.93,11.59,0.0445,4.83,1754.0
2025-01-06 09:48:00,74.96,11.85,0.0384,4.74,1748.0
2025-01-06 09:49:00,74.93,11.97,0.0421,4.83,1732.0
2025-01-06 09:50:00,75.37,11.91,0.0483,4.82,1754.0
2025-01-06 09:51:00,74.69,11.93,0.0507,4.74,1754.0
2025-01-06 09:52:00,74.93,12.07,0.0447,4.7,1774.0
2025-01-06 09:53:00,75.14,11.93,0.041,4.74,1757.0
2025-01-06 09:54:00,75.27,11.61,0.0407,4.79,1750.0
2025-01-06 09:55:00,75.04,11.94,0.0454,4.78,1785.0
2025-01-06 09:56:00,75.06,12.25,0.043,4.77,1762.0
2025-01-06 09:57:00,74.86,11.82,0.0418,4.71,1746.0
2025-01-06 09:58:00,74.76,11.91,0.0452,4.82,1747.0
2025-01-06 09:59:00,74.89,11.75,0.0368,4.85,1757.0
2025-01-06 10:00:00,74.58,12.23,0.0417,4.77,1748.0
2025-01-06 10:01:00,75.07,12.19,0.0482,4.79,1771.0
2025-01-06 10:02:00,74.4,11.8,0.0496,4.81,1738.0
2025-01-06 10:03:00,75.29,11.74,0.0479,4.85,1757.0
2025-01-06 10:04:00,75.17,11.93,0.0462,4.81,1775.0
2025-01-06 10:05:00,74.5,11.92,0.0436,4.86,1772.0
2025-01-06 10:06:00,75.3,11.75,0.046,4.82,1737.0
2025-01-06 10:07:00,74.99,12.06,0.0444,4.8,1749.0
2025-01-06 10:08:00,74.94,11.92,0.0458,4.86,1724.0
2025-01-06 10:09:00,75.09,12.04,0.0404,4.69,1763.0
2025-01-06 10:10:00,74.65,11.72,0.0464,4.8,1757.0
2025-01-06 10:11:00,75.0,11.88,0.0433,4.77,1718.0
2025-01-06 10:12:00,75.43,11.93,0.0445,4.81,1724.0
2025-01-06 10:13:00,75.0,12.28,0.0498,4.75,1763.0
2025-01-06 10:14:00,75.26,12.18,0.0486,4.82,1765.0
2025-01-06 10:15:00,74.78,11.73,0.0475,4.78,1760.0
2025-01-06 10:16:00,74.55,11.33,0.0482,4.82,1784.0
2025-01-06 10:17:00,74.77,12.34,0.042,4.74,1754.0
2025-01-06 10:18:00,75.0,12.03,0.0455,4.75,1734.0
2025-01-06 10:19:00,74.61,11.89,0.0475,4.84,1741.0
2025-01-06 10:20:00,74.63,11.93,0.0401,4.71,1756.0
2025-01-06 10:21:00,75.02,12.19,0.047,4.79,1759.0
2025-01-06 10:22:00,75.02,11.71,0.0411,4.88,1748.0
2025-01-06 10:23:00,74.94,12.44,0.0436,4.76,1771.0
2025-01-06 10:24:00,75.25,11.78,0.0435,4.88,1746.0
2025-01-06 10:25:00,75.07,11.87,0.0455,4.75,1791.0
2025-01-06 10:26:00,74.75,12.04,0.0485,4.78,1754.0
2025-01-06 10:27:00,74.85,12.02,0.0429,4.81,1727.0
2025-01-06 10:28:00,75.13,11.55,0.0499,4.71,1735.0
2025-01-06 10:29:00,74.59,11.94,0.0461,4.84,1779.0
2025-01-06 10:30:00,75.06,12.25,0.0422,4.81,1772.0
2025-01-06 10:31:00,75.39,12.13,0.0405,4.77,1723.0
2025-01-06 10:32:00,75.08,11.96,0.0501,4.75,1730.0
2025-01-06 10:33:00,75.36,11.91,0.0417,4.87,1730.0
2025-01-06 10:34:00,74.55,11.98,0.0452,4.73,1746.0
2025-01-06 10:35:00,75.1,11.88,0.0401,4.83,1761.0
2025-01-06 10:36:00,74.33,11.86,0.0497,4.71,1737.0
2025-01-06 10:37:00,75.25,11.95,0.0417,4.78,1744.0
2025-01-06 10:38:00,74.61,11.91,0.0504,4.77,1743.0
2025-01-06 10:39:00,75.36,12.0,0.0457,4.72,1767.0
2025-01-06 10:40:00,74.89,11.77,0.0427,4.75,1748.0
2025-01-06 10:41:00,74.86,11.84,0.0479,4.87,1751.0
2025-01-06 10:42:00,74.89,11.88,0.0439,4.89,1733.0
2025-01-06 10:43:00,74.82,12.22,0.0489,4.8,1738.0
2025-01-06 10:44:00,74.93,12.24,0.0431,4.78,1740.0
2025-01-06 10:45:00,75.15,12.07,0.0439,4.76,1768.0
2025-01-06 10:46:00,74.79,12.1,0.0443,4.84,1729.0
2025-01-06 10:47:00,75.12,11.53,0.0504,4.8,1750.0
2025-01-06 10:48:00,74.51,11.82,0.0465,4.76,1762.0
2025-01-06 10:49:00,75.1,11.82,0.0515,4.82,1708.0
2025-01-06 10:50:00,74.78,11.89,0.0432,4.92,1738.0
2025-01-06 10:51:00,75.41,12.18,0.0477,4.84,1731.0
2025-01-06 10:52:00,75.43,11.82,0.0457,4.78,1763.0
2025-01-06 10:53:00,74.75,12.16,0.0465,4.78,1747.0
2025-01-06 10:54:00,74.84,12.0,0.0459,4.78,1739.0
2025-01-06 10:55:00,75.45,12.36,0.0449,4.73,1759.0
2025-01-06 10:56:00,75.06,12.0,0.0424,4.8,1751.0
2025-01-06 10:57:00,74.88,12.06,0.0453,4.85,1751.0
2025-01-06 10:58:00,75.13,12.32,0.0491,4.86,1775.0
2025-01-06 10:59:00,74.73,11.93,0.0458,4.78,1782.0
2025-01-06 11:00:00,74.94,11.98,0.0471,4.81,1726.0
2025-01-06 11:01:00,74.54,11.9,0.0436,4.86,1760.0
2025-01-06 11:02:00,74.55,12.05,0.0452,4.84,1754.0
2025-01-06 11:03:00,75.17,12.29,0.0414,4.77,1756.0
2025-01-06 11:04:00,74.68,11.82,0.0461,4.85,1722.0
2025-01-06 11:05:00,75.32,11.61,0.0463,4.84,1748.0
2025-01-06 11:06:00,75.29,12.08,0.0428,4.78,1762.0
2025-01-06 11:07:00,74.65,12.06,0.0455,4.85,1751.0
2025-01-06 11:08:00,74.93,11.98,0.0443,4.72,1757.0
2025-01-06 11:09:00,75.14,11.73,0.0435,4.89,1741.0
2025-01-06 11:10:00,74.94,12.02,0.0495,4.79,1740.0
2025-01-06 11:11:00,75.27,12.12,0.0489,4.82,1741.0
2025-01-06 11:12:00,74.83,11.64,0.0444,4.9,1747.0
2025-01-06 11:13:00,74.92,12.0,0.0452,4.8,1763.0
2025-01-06 11:14:00,75.51,11.92,0.0401,4.79,1755.0
2025-01-06 11:15:00,75.02,12.08,0.0412,4.8,1725.0
2025-01-06 11:16:00,74.6,12.09,0.0485,4.82,1755.0
2025-01-06 11:17:00,75.27,11.71,0.0463,4.77,1761.0
2025-01-06 11:18:00,74.93,12.34,0.0456,4.75,1751.0
2025-01-06 11:19:00,75.03,12.02,0.0465,4.7,1764.0
2025-01-06 11:20:00,74.85,12.03,0.0411,4.81,1740.0
2025-01-06 11:21:00,74.95,11.81,0.0442,4.77,1758.0
2025-01-06 11:22:00,74.59,11.97,0.0432,4.82,1739.0
2025-01-06 11:23:00,74.32,12.19,0.0452,4.78,1747.0
2025-01-06 11:24:00,74.84,11.73,0.045,4.85,1777.0
2025-01-06 11:25:00,74.84,11.71,0.0455,4.83,1740.0
2025-01-06 11:26:00,75.55,12.27,0.0496,4.76,1725.0
2025-01-06 11:27:00,75.2,12.08,0.0431,4.84,1769.0
2025-01-06 11:28:00,75.29,11.76,0.0413,4.77,1735.0
2025-01-06 11:29:00,74.22,11.96,0.0451,4.75,1755.0
2025-01-06 11:30:00,74.97,12.04,0.0422,4.77,1764.0
2025-01-06 11:31:00,75.14,11.82,0.0492,4.75,1751.0
2025-01-06 11:32:00,75.1,11.89,0.0422,4.74,1757.0
2025-01-06 11:33:00,74.57,12.11,0.0474,4.86,1736.0
2025-01-06 11:34:00,74.75,12.09,0.0414,4.85,1764.0
2025-01-06 11:35:00,74.61,11.99,0.0475,4.82,1740.0
2025-01-06 11:36:00,74.9,11.67,0.0509,4.78,1766.0
2025-01-06 11:37:00,75.02,12.09,0.0481,4.79,1754.0
2025-01-06 11:38:00,75.42,12.03,0.043,4.88,1762.0
2025-01-06 11:39:00,75.58,12.11,0.0438,4.8,1739.0
2025-01-06 11:40:00,74.9,11.79,0.0425,4.76,1760.0
2025-01-06 11:41:00,75.13,12.13,0.0431,4.78,1740.0
2025-01-06 11:42:00,74.77,11.91,0.0448,4.77,1749.0
2025-01-06 11:43:00,75.21,11.96,0.0431,4.78,1772.0
2025-01-06 11:44:00,75.25,11.95,0.0512,4.68,1749.0
2025-01-06 11:45:00,75.31,12.0,0.0393,4.87,1749.0
2025-01-06 11:46:00,75.56,11.75,0.0427,4.82,1744.0
2025-01-06 11:47:00,75.72,11.7,0.04,4.84,1735.0
2025-01-06 11:48:00,75.11,12.14,0.0478,4.83,1752.0
2025-01-06 11:49:00,75.8,12.0,0.0485,4.9,1760.0
2025-01-06 11:50:00,74.67,11.92,0.045,4.74,1738.0
2025-01-06 11:51:00,75.17,12.18,0.0419,4.82,1737.0
2025-01-06 11:52:00,74.92,12.18,0.0407,4.83,1755.0
2025-01-06 11:53:00,74.79,12.23,0.0449,4.77,1724.0
2025-01-06 11:54:00,74.86,12.14,0.0426,4.89,1724.0
2025-01-06 11:55:00,75.07,12.36,0.0451,4.84,1754.0
2025-01-06 11:56:00,75.21,12.07,0.0435,4.78,1727.0
2025-01-06 11:57:00,75.22,12.17,0.054,4.84,1744.0
2025-01-06 11:58:00,75.25,12.13,0.0472,4.78,1748.0
2025-01-06 11:59:00,74.68,11.69,0.0369,4.76,1734.0
2025-01-06 12:00:00,75.31,12.19,0.0458,4.84,1737.0
2025-01-06 12:01:00,74.68,12.18,0.0446,4.84,1756.0
2025-01-06 12:02:00,75.06,12.02,0.0439,4.85,1739.0
2025-01-06 12:03:00,74.83,12.24,0.0522,4.84,1773.0
2025-01-06 12:04:00,75.63,12.13,0.0467,4.8,1744.0
2025-01-06 12:05:00,75.01,11.57,0.0425,4.83,1728.0
2025-01-06 12:06:00,75.15,12.1,0.0422,4.82,1749.0
2025-01-06 12:07:00,75.31,11.95,0.0438,4.74,1762.0
2025-01-06 12:08:00,74.9,11.69,0.0481,4.78,1774.0
2025-01-06 12:09:00,75.36,11.96,0.0464,4.8,1780.0
2025-01-06 12:10:00,75.17,12.07,0.0397,4.85,1768.0
2025-01-06 12:11:00,75.21,12.28,0.0434,4.81,1764.0
2025-01-06 12:12:00,74.91,11.52,0.0513,4.92,1737.0
2025-01-06 12:13:00,75.08,12.33,0.0447,4.71,1761.0
2025-01-06 12:14:00,75.12,12.01,0.0373,4.85,1776.0
2025-01-06 12:15:00,75.11,11.93,0.0431,4.82,1778.0
2025-01-06 12:16:00,75.24,12.19,0.0456,4.82,1759.0
2025-01-06 12:17:00,74.37,11.42,0.0483,4.8,1754.0
2025-01-06 12:18:00,74.96,12.25,0.0451,4.8,1763.0
2025-01-06 12:19:00,75.0,12.1,0.0472,4.77,1776.0
2025-01-06 12:20:00,75.15,11.74,0.0447,4.86,1742.0
2025-01-06 12:21:00,74.78,12.02,0.0447,4.74,1768.0
2025-01-06 12:22:00,74.74,12.0,0.0445,4.89,1736.0
2025-01-06 12:23:00,74.8,11.94,0.0469,4.79,1762.0
2025-01-06 12:24:00,75.13,11.96,0.0436,4.78,1745.0
2025-01-06 12:25:00,75.08,12.12,0.0404,4.85,1740.0
2025-01-06 12:26:00,74.59,12.17,0.0432,4.83,1736.0
2025-01-06 12:27:00,75.27,12.09,0.0451,4.78,1746.0
2025-01-06 12:28:00,74.83,12.28,0.0422,4.77,1739.0
2025-01-06 12:29:00,75.22,11.79,0.0503,4.78,1758.0
2025-01-06 12:30:00,74.95,12.24,0.0492,4.76,1762.0
2025-01-06 12:31:00,74.61,12.27,0.0459,4.82,1763.0
2025-01-06 12:32:00,74.81,12.14,0.0436,4.79,1726.0
2025-01-06 12:33:00,75.74,11.82,0.0436,4.79,1749.0
2025-01-06 12:34:00,74.99,12.29,0.0459,4.79,1774.0
2025-01-06 12:35:00,74.56,11.89,0.0426,4.79,1731.0
2025-01-06 12:36:00,75.06,11.78,0.0433,4.83,1731.0
2025-01-06 12:37:00,75.16,12.08,0.0387,4.85,1746.0
2025-01-06 12:38:00,74.84,11.88,0.0437,4.79,1771.0
2025-01-06 12:39:00,74.96,11.84,0.0436,4.81,1742.0
2025-01-06 12:40:00,75.02,12.04,0.0463,4.8,1783.0
2025-01-06 12:41:00,74.77,11.94,0.0448,4.78,1736.0
2025-01-06 12:42:00,74.61,11.88,0.0497,4.87,1742.0
2025-01-06 12:43:00,74.55,11.91,0.046,4.73,1736.0
2025-01-06 12:44:00,74.71,11.88,0.0426,4.76,1744.0
2025-01-06 12:45:00,74.81,11.91,0.0446,4.79,1718.0
2025-01-06 12:46:00,75.28,11.77,0.0485,4.8,1751.0
2025-01-06 12:47:00,74.72,11.64,0.0498,4.82,1768.0
2025-01-06 12:48:00,74.55,11.83,0.0447,4.84,1748.0
2025-01-06 12:49:00,75.11,12.06,0.0454,4.75,1728.0
2025-01-06 12:50:00,75.31,11.85,0.0436,4.77,1722.0
2025-01-06 12:51:00,75.42,12.08,0.0473,4.78,1737.0
2025-01-06 12:52:00,76.01,12.01,0.05,4.81,1755.0
2025-01-06 12:53:00,75.4,11.8,0.0489,4.77,1760.0
2025-01-06 12:54:00,75.11,12.0,0.0491,4.79,1737.0
2025-01-06 12:55:00,74.9,11.9,0.0426,4.79,1745.0
2025-01-06 12:56:00,75.59,11.63,0.0489,4.8,1760.0
2025-01-06 12:57:00,74.46,12.15,0.0461,4.76,1768.0
2025-01-06 12:58:00,74.77,12.18,0.0505,4.75,1756.0
2025-01-06 12:59:00,74.8,11.94,0.0442,4.85,1715.0
2025-01-06 13:00:00,74.98,11.96,0.0434,4.83,1766.0
2025-01-06 13:01:00,75.15,12.08,0.0418,4.85,1746.0
2025-01-06 13:02:00,74.77,12.0,0.0516,4.77,1740.0
2025-01-06 13:03:00,75.04,12.08,0.0385,4.83,1755.0
2025-01-06 13:04:00,74.77,11.63,0.0386,4.8,1730.0
2025-01-06 13:05:00,75.36,11.66,0.0487,4.8,1751.0
2025-01-06 13:06:00,74.82,12.05,0.0459,4.72,1770.0
2025-01-06 13:07:00,75.2,12.02,0.0466,4.78,1751.0
2025-01-06 13:08:00,74.84,12.11,0.0427,4.79,1749.0
2025-01-06 13:09:00,75.1,12.1,0.0445,4.81,1748.0
2025-01-06 13:10:00,75.08,12.02,0.0438,4.81,1740.0
2025-01-06 13:11:00,75.12,12.16,0.0466,4.75,1743.0
2025-01-06 13:12:00,75.36,12.12,0.0496,4.76,1735.0
2025-01-06 13:13:00,74.95,12.16,0.0449,4.72,1735.0
2025-01-06 13:14:00,75.31,12.1,0.0426,4.78,1742.0
2025-01-06 13:15:00,74.79,11.93,0.0431,4.82,1751.0
2025-01-06 13:16:00,74.97,11.85,0.0428,4.82,1745.0
2025-01-06 13:17:00,75.45,12.14,0.0478,4.77,1754.0
2025-01-06 13:18:00,74.99,11.83,0.0457,4.82,1735.0
2025-01-06 13:19:00,75.06,12.1,0.0447,4.78,1746.0
2025-01-06 13:20:00,74.72,11.79,0.0476,3.79,1471.0
2025-01-06 13:21:00,74.77,11.96,0.0502,4.9,1757.0
2025-01-06 13:22:00,75.04,12.06,0.0443,4.73,1752.0
2025-01-06 13:23:00,74.85,12.01,0.0442,4.76,1716.0
2025-01-06 13:24:00,79.79,11.74,0.3421,4.84,1745.0
2025-01-06 13:25:00,75.32,11.82,0.0432,4.84,1756.0
2025-01-06 13:26:00,75.14,12.21,0.0443,4.86,1741.0
2025-01-06 13:27:00,74.89,11.82,0.0439,4.83,1755.0
2025-01-06 13:28:00,74.84,11.69,0.0435,4.74,1760.0
2025-01-06 13:29:00,75.25,11.77,0.0418,4.81,1757.0
2025-01-06 13:30:00,75.5,12.01,0.0387,4.82,1747.0
2025-01-06 13:31:00,75.27,11.64,0.0434,4.79,1724.0
2025-01-06 13:32:00,74.95,11.89,0.0487,4.75,1754.0
2025-01-06 13:33:00,75.25,12.0,0.044,4.87,1745.0
2025-01-06 13:34:00,75.22,11.95,0.0432,3.76,1457.0
2025-01-06 13:35:00,74.85,12.13,0.0406,4.71,1777.0
2025-01-06 13:36:00,75.14,12.0,0.0426,4.8,1754.0
2025-01-06 13:37:00,74.73,11.87,0.0483,4.8,1743.0
2025-01-06 13:38:00,74.62,11.82,0.0464,4.78,1753.0
2025-01-06 13:39:00,74.66,12.14,0.0457,4.68,1759.0
2025-01-06 13:40:00,74.99,12.15,0.0464,4.8,1748.0
2025-01-06 13:41:00,75.16,12.03,0.0504,4.85,1745.0
2025-01-06 13:42:00,74.85,12.29,0.0473,4.9,1771.0
2025-01-06 13:43:00,74.98,12.4,0.048,4.75,1749.0
2025-01-06 13:44:00,75.54,11.84,0.047,4.72,1759.0
2025-01-06 13:45:00,75.47,12.14,0.0431,4.77,1750.0
2025-01-06 13:46:00,74.96,12.26,0.0518,4.8,1759.0
2025-01-06 13:47:00,75.13,11.96,0.0483,4.83,1718.0
2025-01-06 13:48:00,75.06,12.15,0.0473,4.83,1755.0
2025-01-06 13:49:00,74.82,12.17,0.0472,4.81,1748.0
2025-01-06 13:50:00,74.67,12.04,0.0496,4.89,1747.0
2025-01-06 13:51:00,74.81,12.12,0.0483,4.74,1753.0
2025-01-06 13:52:00,75.51,11.6,0.0472,4.8,1766.0
2025-01-06 13:53:00,75.24,11.65,0.0469,4.71,1736.0
2025-01-06 13:54:00,80.2,11.82,0.3423,4.86,1740.0
2025-01-06 13:55:00,75.15,11.91,0.043,4.83,1742.0
2025-01-06 13:56:00,74.8,12.12,0.0425,4.76,1762.0
2025-01-06 13:57:00,74.73,11.79,0.0419,4.75,1736.0
2025-01-06 13:58:00,74.76,12.05,0.039,4.73,1775.0
2025-01-06 13:59:00,74.99,11.94,0.0409,4.8,1751.0
2025-01-06 14:00:00,75.09,11.83,0.0495,4.78,1715.0
2025-01-06 14:01:00,75.09,12.11,0.0445,4.81,1754.0
2025-01-06 14:02:00,75.3,12.07,0.0494,4.74,1736.0
2025-01-06 14:03:00,74.21,11.83,0.0464,4.88,1755.0
2025-01-06 14:04:00,74.56,11.78,0.0483,4.7,1758.0
2025-01-06 14:05:00,74.63,12.03,0.0433,4.78,1743.0
2025-01-06 14:06:00,74.99,12.2,0.0472,4.7,1745.0
2025-01-06 14:07:00,75.25,11.66,0.0423,4.67,1729.0
2025-01-06 14:08:00,74.96,12.19,0.0469,4.78,1713.0
2025-01-06 14:09:00,75.26,12.19,0.0405,4.77,1773.0
2025-01-06 14:10:00,75.44,12.05,0.0525,4.77,1745.0
2025-01-06 14:11:00,75.18,12.08,0.0469,4.78,1767.0
2025-01-06 14:12:00,75.07,12.07,0.0444,4.87,1718.0
2025-01-06 14:13:00,74.93,12.14,0.0427,4.75,1744.0
2025-01-06 14:14:00,75.04,12.05,0.046,4.76,1759.0
2025-01-06 14:15:00,74.55,11.71,0.0481,4.86,1714.0
2025-01-06 14:16:00,74.6,11.98,0.0515,4.82,1775.0
2025-01-06 14:17:00,74.58,12.29,0.0466,4.78,1769.0
2025-01-06 14:18:00,74.62,11.79,0.0472,4.75,1748.0
2025-01-06 14:19:00,75.0,11.99,0.049,4.83,1758.0
2025-01-06 14:20:00,74.75,11.96,0.0463,4.81,1731.0
2025-01-06 14:21:00,75.2,12.02,0.0405,3.8,1446.0
2025-01-06 14:22:00,90.12,14.95,0.2427,4.87,1775.0
2025-01-06 14:23:00,74.52,11.9,0.0463,4.74,1728.0
2025-01-06 14:24:00,75.03,12.1,0.037,4.85,1746.0
2025-01-06 14:25:00,74.87,12.36,0.0467,4.76,1747.0
2025-01-06 14:26:00,74.8,11.94,0.0421,4.81,1749.0
2025-01-06 14:27:00,75.22,12.18,0.0374,4.87,1758.0
2025-01-06 14:28:00,74.39,12.1,0.0559,4.8,1757.0
2025-01-06 14:29:00,74.99,11.69,0.0404,4.8,1748.0
2025-01-06 14:30:00,74.8,11.58,0.0493,4.83,1734.0
2025-01-06 14:31:00,75.68,12.39,0.0449,4.74,1780.0
2025-01-06 14:32:00,75.47,11.67,0.0473,4.84,1779.0
2025-01-06 14:33:00,75.0,12.34,0.0455,4.75,1744.0
2025-01-06 14:34:00,75.63,12.19,0.0484,4.8,1748.0
2025-01-06 14:35:00,75.16,12.06,0.0402,4.84,1743.0
2025-01-06 14:36:00,75.75,12.2,0.045,4.76,1739.0
2025-01-06 14:37:00,74.57,12.37,0.0414,4.69,1767.0
2025-01-06 14:38:00,74.57,11.96,0.0452,4.74,1778.0
2025-01-06 14:39:00,74.81,12.06,0.0445,4.93,1761.0
2025-01-06 14:40:00,75.24,12.2,0.0493,4.82,1783.0
2025-01-06 14:41:00,75.46,11.9,0.0442,4.76,1749.0
2025-01-06 14:42:00,75.09,12.35,0.0474,4.78,1756.0
2025-01-06 14:43:00,74.68,11.83,0.0433,4.89,1734.0
2025-01-06 14:44:00,75.06,12.01,0.0432,4.81,1758.0
2025-01-06 14:45:00,75.26,12.01,0.0405,4.73,1754.0
2025-01-06 14:46:00,75.59,11.91,0.0448,4.75,1754.0
2025-01-06 14:47:00,74.46,12.25,0.0428,4.78,1754.0
2025-01-06 14:48:00,74.17,11.65,0.0375,4.86,1731.0
2025-01-06 14:49:00,75.18,12.03,0.0462,4.87,1733.0
2025-01-06 14:50:00,74.95,11.62,0.0431,4.83,1738.0
2025-01-06 14:51:00,74.89,11.77,0.0407,4.73,1757.0
2025-01-06 14:52:00,74.49,12.04,0.0469,4.74,1775.0
2025-01-06 14:53:00,75.25,11.93,0.0438,4.78,1783.0
2025-01-06 14:54:00,75.38,11.96,0.0424,4.81,1720.0
2025-01-06 14:55:00,74.86,11.98,0.0468,4.8,1722.0
2025-01-06 14:56:00,74.57,11.64,0.0481,4.8,1728.0
2025-01-06 14:57:00,74.82,11.63,0.0416,4.8,1758.0
2025-01-06 14:58:00,74.98,12.01,0.0449,4.78,1750.0
2025-01-06 14:59:00,74.88,11.94,0.0429,4.89,1754.0
2025-01-06 15:00:00,74.65,12.01,0.0473,4.8,1761.0
2025-01-06 15:01:00,74.83,12.2,0.0475,4.76,1752.0
2025-01-06 15:02:00,74.86,11.94,0.041,4.79,1759.0
2025-01-06 15:03:00,74.87,12.13,0.0502,4.77,1775.0
2025-01-06 15:04:00,75.6,12.06,0.0488,4.83,1756.0
2025-01-06 15:05:00,74.68,11.81,0.0426,4.79,1756.0
2025-01-06 15:06:00,74.42,12.17,0.0432,4.8,1742.0
2025-01-06 15:07:00,75.31,12.03,0.046,4.84,1745.0
2025-01-06 15:08:00,75.69,11.96,0.0479,4.83,1739.0
2025-01-06 15:09:00,75.09,12.48,0.0434,4.84,1764.0
2025-01-06 15:10:00,74.88,12.32,0.0526,4.8,1753.0
2025-01-06 15:11:00,75.51,12.02,0.0442,4.68,1745.0
2025-01-06 15:12:00,75.38,12.35,0.0503,4.84,1720.0
2025-01-06 15:13:00,74.98,12.09,0.0426,4.83,1751.0
2025-01-06 15:14:00,75.09,12.13,0.0452,4.88,1736.0
2025-01-06 15:15:00,74.52,11.71,0.0465,4.88,1753.0
2025-01-06 15:16:00,75.31,11.59,0.0473,4.8,1742.0
2025-01-06 15:17:00,79.84,11.92,0.3451,4.75,1748.0
2025-01-06 15:18:00,75.1,12.02,0.0406,4.76,1745.0
2025-01-06 15:19:00,74.87,11.84,0.0414,4.71,1749.0
2025-01-06 15:20:00,74.77,12.03,0.0459,4.74,1757.0
2025-01-06 15:21:00,75.23,11.62,0.0464,4.8,1777.0
2025-01-06 15:22:00,75.1,12.13,0.046,4.77,1734.0
2025-01-06 15:23:00,74.34,12.0,0.0485,4.75,1769.0
2025-01-06 15:24:00,74.62,12.23,0.0445,4.79,1743.0
2025-01-06 15:25:00,74.64,12.21,0.0429,4.83,1740.0
2025-01-06 15:26:00,74.91,12.17,0.047,4.84,1774.0
2025-01-06 15:27:00,74.93,11.96,0.0448,4.76,1729.0
2025-01-06 15:28:00,75.05,12.04,0.0435,4.91,1760.0
2025-01-06 15:29:00,75.2,11.85,0.0499,4.91,1727.0
2025-01-06 15:30:00,74.92,11.73,0.0457,4.82,1761.0
2025-01-06 15:31:00,75.55,11.96,0.0472,4.79,1756.0
2025-01-06 15:32:00,75.16,12.16,0.046,4.84,1752.0
2025-01-06 15:33:00,74.68,12.04,0.0429,4.84,1762.0
2025-01-06 15:34:00,74.68,12.0,0.0404,4.8,1737.0
2025-01-06 15:35:00,74.88,11.53,0.0442,4.89,1751.0
2025-01-06 15:36:00,74.74,11.94,0.0477,4.84,1745.0
2025-01-06 15:37:00,74.78,12.08,0.0395,4.83,1770.0
2025-01-06 15:38:00,75.19,12.49,0.0477,4.77,1771.0
2025-01-06 15:39:00,74.9,11.94,0.0457,4.87,1750.0
2025-01-06 15:40:00,75.14,12.34,0.0463,4.84,1735.0
2025-01-06 15:41:00,75.27,12.17,0.0509,4.86,1766.0
2025-01-06 15:42:00,75.16,12.13,0.0447,4.79,1732.0
2025-01-06 15:43:00,75.28,12.16,0.0479,4.8,1749.0
2025-01-06 15:44:00,74.79,11.85,0.0408,4.74,1771.0
2025-01-06 15:45:00,74.69,12.23,0.0498,4.78,1744.0
2025-01-06 15:46:00,75.17,12.05,0.0486,4.77,1755.0
2025-01-06 15:47:00,75.1,12.12,0.0462,4.79,1770.0
2025-01-06 15:48:00,75.39,11.86,0.0452,4.72,1785.0
2025-01-06 15:49:00,74.9,11.94,0.0481,4.85,1742.0
2025-01-06 15:50:00,74.28,12.39,0.0412,4.87,1729.0
2025-01-06 15:51:00,75.44,12.43,0.0445,4.81,1757.0
2025-01-06 15:52:00,74.89,12.14,0.0424,4.77,1771.0
2025-01-06 15:53:00,74.78,11.61,0.0475,4.8,1747.0
2025-01-06 15:54:00,75.31,11.92,0.0437,4.78,1721.0
2025-01-06 15:55:00,74.71,12.19,0.0449,4.8,1740.0
2025-01-06 15:56:00,74.75,12.21,0.0485,4.78,1762.0
2025-01-06 15:57:00,74.96,12.53,0.0429,4.86,1721.0
2025-01-06 15:58:00,74.85,11.83,0.045,4.8,1761.0
2025-01-06 15:59:00,74.77,12.27,0.0473,4.79,1765.0
2025-01-06 16:00:00,75.31,12.0,0.0418,4.79,1784.0
2025-01-06 16:01:00,75.03,12.11,0.0408,4.73,1727.0
2025-01-06 16:02:00,75.68,11.92,0.0443,4.79,1744.0
2025-01-06 16:03:00,75.04,11.88,0.04,4.76,1771.0
2025-01-06 16:04:00,74.41,11.89,0.0436,4.76,1726.0
2025-01-06 16:05:00,75.39,12.33,0.0467,4.78,1747.0
2025-01-06 16:06:00,74.6,12.41,0.05,4.92,1753.0
2025-01-06 16:07:00,75.24,11.66,0.0491,4.91,1739.0
2025-01-06 16:08:00,75.16,11.99,0.0444,4.78,1762.0
2025-01-06 16:09:00,74.82,11.89,0.0526,4.92,1723.0
2025-01-06 16:10:00,74.7,12.09,0.0401,4.81,1756.0
2025-01-06 16:11:00,79.92,12.1,0.3449,4.87,1775.0
2025-01-06 16:12:00,74.65,12.18,0.0488,4.76,1744.0
2025-01-06 16:13:00,75.36,12.23,0.0451,4.83,1762.0
2025-01-06 16:14:00,74.59,11.57,0.0444,4.85,1748.0
2025-01-06 16:15:00,74.93,12.4,0.0416,4.83,1746.0
2025-01-06 16:16:00,75.11,11.86,0.0466,4.8,1734.0
2025-01-06 16:17:00,74.86,11.8,0.0522,4.75,1762.0
2025-01-06 16:18:00,75.09,12.05,0.0457,4.85,1763.0
2025-01-06 16:19:00,74.88,12.17,0.0474,4.78,1776.0
2025-01-06 16:20:00,74.54,12.11,0.0477,4.84,1767.0
2025-01-06 16:21:00,74.86,11.69,0.0507,4.84,1729.0
2025-01-06 16:22:00,75.39,11.91,0.044,4.85,1733.0
2025-01-06 16:23:00,75.08,12.18,0.0471,4.87,1747.0
2025-01-06 16:24:00,75.54,12.25,0.0454,4.73,1741.0
2025-01-06 16:25:00,74.79,11.93,0.0484,4.76,1757.0
2025-01-06 16:26:00,74.89,11.99,0.0424,4.82,1753.0
2025-01-06 16:27:00,74.84,11.75,0.0441,4.76,1745.0
2025-01-06 16:28:00,75.07,11.85,0.0458,4.72,1751.0
2025-01-06 16:29:00,75.17,11.78,0.0451,4.79,1783.0
2025-01-06 16:30:00,75.43,11.91,0.0479,4.81,1743.0
2025-01-06 16:31:00,75.49,12.33,0.0474,4.85,1758.0
2025-01-06 16:32:00,74.99,11.68,0.0456,4.72,1742.0
2025-01-06 16:33:00,75.22,12.06,0.0507,4.75,1748.0
2025-01-06 16:34:00,75.24,11.76,0.0381,4.88,1745.0
2025-01-06 16:35:00,75.18,12.33,0.0433,4.84,1725.0
2025-01-06 16:36:00,75.29,12.19,0.0463,4.79,1732.0
2025-01-06 16:37:00,75.72,11.96,0.0458,4.84,1753.0
2025-01-06 16:38:00,74.93,12.22,0.0505,4.82,1746.0
2025-01-06 16:39:00,74.7,11.69,0.0458,4.77,1752.0
2025-01-06 16:40:00,74.35,12.44,0.0441,4.81,1756.0
2025-01-06 16:41:00,75.0,11.75,0.0462,4.88,1748.0
2025-01-06 16:42:00,75.15,11.77,0.0504,4.98,1742.0
2025-01-06 16:43:00,74.74,12.23,0.0469,4.83,1738.0
2025-01-06 16:44:00,74.72,11.76,0.0493,4.73,1743.0
2025-01-06 16:45:00,74.49,11.93,0.0421,4.85,1740.0
2025-01-06 16:46:00,75.32,11.76,0.0419,4.81,1741.0
2025-01-06 16:47:00,75.08,11.78,0.0443,4.8,1746.0
2025-01-06 16:48:00,75.15,11.97,0.0461,4.71,1758.0
2025-01-06 16:49:00,75.57,12.01,0.0493,4.74,1767.0
2025-01-06 16:50:00,75.42,11.67,0.0466,4.82,1735.0
2025-01-06 16:51:00,75.21,12.41,0.0437,4.78,1759.0
2025-01-06 16:52:00,75.15,12.14,0.0465,4.85,1741.0
2025-01-06 16:53:00,75.1,12.03,0.0499,4.77,1758.0
2025-01-06 16:54:00,74.87,11.84,0.0462,4.79,1757.0
2025-01-06 16:55:00,75.23,11.81,0.0426,4.82,1742.0
2025-01-06 16:56:00,75.2,12.08,0.0413,4.77,1755.0
2025-01-06 16:57:00,75.38,11.96,0.0487,4.81,1774.0
2025-01-06 16:58:00,75.1,11.77,0.0482,4.73,1753.0
2025-01-06 16:59:00,75.49,11.77,0.0426,4.71,1774.0
2025-01-06 17:00:00,75.03,11.94,0.0446,4.76,1755.0
2025-01-06 17:01:00,74.76,11.96,0.0441,4.81,1745.0
2025-01-06 17:02:00,74.94,12.25,0.05,4.76,1775.0
2025-01-06 17:03:00,75.14,12.04,0.0464,4.81,1740.0
2025-01-06 17:04:00,74.92,11.71,0.0396,4.86,1752.0
2025-01-06 17:05:00,74.73,11.9,0.0437,4.79,1753.0
2025-01-06 17:06:00,75.03,11.75,0.044,4.81,1757.0
2025-01-06 17:07:00,75.02,12.07,0.0398,4.84,1740.0
2025-01-06 17:08:00,75.19,11.94,0.0473,4.83,1749.0
2025-01-06 17:09:00,74.87,12.15,0.0492,4.9,1792.0
2025-01-06 17:10:00,74.95,12.0,0.0486,4.85,1759.0
2025-01-06 17:11:00,75.2,11.87,0.0392,4.73,1739.0
2025-01-06 17:12:00,75.28,12.03,0.0425,4.73,1745.0
2025-01-06 17:13:00,75.67,11.99,0.0447,4.82,1752.0
2025-01-06 17:14:00,74.86,12.0,0.0414,4.83,1764.0
2025-01-06 17:15:00,75.3,12.28,0.0423,4.9,1730.0
2025-01-06 17:16:00,75.0,12.03,0.0453,4.76,1749.0
2025-01-06 17:17:00,75.08,11.7,0.0401,4.81,1754.0
2025-01-06 17:18:00,74.95,11.75,0.0456,4.75,1750.0
2025-01-06 17:19:00,74.9,12.03,0.0401,4.77,1754.0
2025-01-06 17:20:00,74.77,12.03,0.0444,4.81,1772.0
2025-01-06 17:21:00,75.2,12.38,0.0468,4.78,1749.0
2025-01-06 17:22:00,75.35,12.14,0.0423,4.82,1750.0
2025-01-06 17:23:00,75.2,11.87,0.0475,4.76,1750.0
2025-01-06 17:24:00,74.74,12.0,0.0477,4.84,1763.0
2025-01-06 17:25:00,74.95,11.9,0.0498,4.82,1741.0
2025-01-06 17:26:00,75.17,12.13,0.0389,4.78,1738.0
2025-01-06 17:27:00,75.17,11.78,0.0483,4.69,1756.0
2025-01-06 17:28:00,74.34,12.03,0.0445,4.76,1751.0
2025-01-06 17:29:00,74.93,11.99,0.0448,4.79,1749.0
2025-01-06 17:30:00,75.0,11.73,0.046,4.82,1766.0
2025-01-06 17:31:00,75.53,12.2,0.0483,4.82,1768.0
2025-01-06 17:32:00,74.94,11.85,0.0467,4.81,1755.0
2025-01-06 17:33:00,74.88,11.71,0.0463,4.76,1762.0
2025-01-06 17:34:00,74.87,12.28,0.0404,4.78,1756.0
2025-01-06 17:35:00,75.21,12.15,0.0471,4.84,1756.0
2025-01-06 17:36:00,75.06,11.79,0.0445,4.88,1732.0
2025-01-06 17:37:00,75.49,12.04,0.041,4.8,1759.0
2025-01-06 17:38:00,74.88,11.81,0.0446,4.74,1754.0
2025-01-06 17:39:00,75.07,12.12,0.05,4.79,1748.0
2025-01-06 17:40:00,75.05,11.91,0.0449,4.73,1738.0
2025-01-06 17:41:00,74.28,12.12,0.0453,4.84,1743.0
2025-01-06 17:42:00,74.89,12.31,0.0492,4.8,1772.0
2025-01-06 17:43:00,75.41,12.1,0.0465,4.79,1752.0
2025-01-06 17:44:00,74.91,12.07,0.0451,4.79,1762.0
2025-01-06 17:45:00,74.84,12.09,0.0415,4.79,1772.0
2025-01-06 17:46:00,74.86,11.94,0.0443,4.82,1750.0
2025-01-06 17:47:00,74.94,11.86,0.0485,4.81,1751.0
2025-01-06 17:48:00,75.14,11.74,0.0408,4.68,1762.0
2025-01-06 17:49:00,74.96,11.82,0.0405,4.83,1752.0
2025-01-06 17:50:00,75.32,11.98,0.0419,4.76,1763.0
2025-01-06 17:51:00,74.9,11.81,0.0442,4.73,1762.0
2025-01-06 17:52:00,75.14,12.09,0.0477,4.78,1733.0
2025-01-06 17:53:00,74.49,11.98,0.0472,4.79,1758.0
2025-01-06 17:54:00,74.92,11.86,0.0435,4.81,1755.0
2025-01-06 17:55:00,75.3,11.93,0.0502,4.73,1786.0
2025-01-06 17:56:00,75.13,12.45,0.0408,4.8,1742.0
2025-01-06 17:57:00,74.65,12.1,0.0428,4.82,1767.0
2025-01-06 17:58:00,75.13,11.62,0.0474,4.78,1745.0
2025-01-06 17:59:00,74.81,12.29,0.0479,4.81,1737.0
2025-01-06 18:00:00,69.59,9.75,0.0228,4.55,1503.0
2025-01-06 18:01:00,69.5,10.39,0.0298,4.44,1497.0
2025-01-06 18:02:00,70.28,10.02,0.0207,4.52,1493.0
2025-01-06 18:03:00,69.76,9.93,0.0238,4.56,1506.0
2025-01-06 18:04:00,70.29,9.73,0.0289,4.49,1508.0
2025-01-06 18:05:00,69.94,9.94,0.0275,4.46,1496.0
2025-01-06 18:06:00,70.03,9.85,0.0226,4.49,1497.0
2025-01-06 18:07:00,70.07,10.33,0.0252,4.45,1480.0
2025-01-06 18:08:00,69.82,9.89,0.0277,4.52,1474.0
2025-01-06 18:09:00,69.93,9.94,0.0263,4.46,1477.0
2025-01-06 18:10:00,70.05,10.15,0.0234,4.55,1505.0
2025-01-06 18:11:00,69.75,10.02,0.0243,4.44,1494.0
2025-01-06 18:12:00,69.87,10.34,0.0245,4.49,1494.0
2025-01-06 18:13:00,70.13,10.14,0.0263,4.54,1500.0
2025-01-06 18:14:00,69.81,9.95,0.0258,4.44,1517.0
2025-01-06 18:15:00,69.65,9.96,0.0277,4.57,1483.0
2025-01-06 18:16:00,69.84,9.83,0.0208,4.41,1530.0
2025-01-06 18:17:00,70.07,10.07,0.0263,3.51,1200.0
2025-01-06 18:18:00,69.75,9.99,0.0267,4.5,1504.0
2025-01-06 18:19:00,69.89,10.18,0.0262,4.47,1523.0
2025-01-06 18:20:00,69.44,9.91,0.0249,4.49,1502.0
2025-01-06 18:21:00,69.69,9.97,0.024,4.48,1513.0
2025-01-06 18:22:00,69.86,9.97,0.0258,4.5,1487.0
2025-01-06 18:23:00,70.05,9.84,0.024,4.41,1522.0
2025-01-06 18:24:00,69.82,9.92,0.026,4.53,1496.0
2025-01-06 18:25:00,70.19,9.66,0.0233,4.46,1496.0
2025-01-06 18:26:00,69.94,9.92,0.0303,4.45,1488.0
2025-01-06 18:27:00,69.97,10.26,0.0241,4.46,1538.0
2025-01-06 18:28:00,70.25,9.58,0.0281,4.56,1495.0
2025-01-06 18:29:00,70.35,9.55,0.0273,4.5,1502.0
2025-01-06 18:30:00,70.22,9.92,0.0231,4.45,1524.0
2025-01-06 18:31:00,69.29,10.3,0.0289,4.43,1500.0
2025-01-06 18:32:00,69.81,10.2,0.0266,4.46,1473.0
2025-01-06 18:33:00,70.04,10.21,0.0235,4.5,1512.0
2025-01-06 18:34:00,70.25,10.27,0.0259,4.43,1509.0
2025-01-06 18:35:00,69.92,9.89,0.0227,4.52,1510.0
2025-01-06 18:36:00,69.94,9.57,0.0237,4.46,1506.0
2025-01-06 18:37:00,70.04,10.13,0.025,4.53,1506.0
2025-01-06 18:38:00,69.7,10.09,0.0247,4.53,1507.0
2025-01-06 18:39:00,70.07,10.06,0.0226,4.49,1512.0
2025-01-06 18:40:00,69.5,9.71,0.0209,4.45,1516.0
2025-01-06 18:41:00,69.06,10.03,0.0217,4.44,1499.0
2025-01-06 18:42:00,70.19,9.9,0.0216,4.52,1523.0
2025-01-06 18:43:00,69.57,9.69,0.0278,4.44,1477.0
2025-01-06 18:44:00,69.9,10.03,0.0249,4.55,1491.0
2025-01-06 18:45:00,69.82,10.07,0.0319,4.62,1506.0
2025-01-06 18:46:00,70.32,10.02,0.0292,4.5,1507.0
2025-01-06 18:47:00,69.64,9.85,0.0312,4.42,1488.0
2025-01-06 18:48:00,69.76,9.77,0.026,4.51,1492.0
2025-01-06 18:49:00,70.25,9.67,0.0229,4.5,1476.0
2025-01-06 18:50:00,69.77,10.05,0.0211,4.54,1492.0
2025-01-06 18:51:00,69.55,9.79,0.0235,4.49,1523.0
2025-01-06 18:52:00,69.9,10.12,0.0222,4.53,1508.0
2025-01-06 18:53:00,70.52,10.17,0.0242,4.43,1520.0
2025-01-06 18:54:00,69.88,9.84,0.0242,4.59,1486.0
2025-01-06 18:55:00,70.01,9.86,0.0254,4.48,1481.0
2025-01-06 18:56:00,70.7,10.06,0.025,4.5,1473.0
2025-01-06 18:57:00,69.41,10.18,0.0246,4.51,1512.0
2025-01-06 18:58:00,70.05,10.06,0.0204,4.49,1503.0
2025-01-06 18:59:00,70.07,10.06,0.0259,4.47,1503.0
2025-01-06 19:00:00,70.12,9.87,0.0229,4.42,1509.0
2025-01-06 19:01:00,69.8,10.11,0.0276,4.51,1475.0
2025-01-06 19:02:00,70.01,10.28,0.0228,4.51,1484.0
2025-01-06 19:03:00,69.88,9.87,0.0246,4.49,1525.0
2025-01-06 19:04:00,70.31,10.24,0.0215,4.48,1525.0
2025-01-06 19:05:00,70.18,10.06,0.0224,4.47,1498.0
2025-01-06 19:06:00,70.05,10.12,0.0244,4.46,1503.0
2025-01-06 19:07:00,70.13,9.99,0.0255,4.47,1510.0
2025-01-06 19:08:00,69.92,10.23,0.0223,4.46,1500.0
2025-01-06 19:09:00,70.1,10.01,0.0202,4.46,1498.0
2025-01-06 19:10:00,70.04,10.13,0.0247,4.47,1483.0
2025-01-06 19:11:00,69.99,9.83,0.0252,4.54,1510.0
2025-01-06 19:12:00,69.44,9.89,0.023,4.61,1509.0
2025-01-06 19:13:00,69.78,9.95,0.0205,4.5,1483.0
2025-01-06 19:14:00,70.26,10.29,0.0253,4.49,1511.0
2025-01-06 19:15:00,69.52,9.92,0.0243,4.5,1506.0
2025-01-06 19:16:00,69.77,10.16,0.0209,4.49,1470.0
2025-01-06 19:17:00,70.25,9.73,0.0309,4.63,1531.0
2025-01-06 19:18:00,70.39,9.66,0.0279,4.45,1509.0
2025-01-06 19:19:00,69.7,9.84,0.023,4.53,1500.0
2025-01-06 19:20:00,69.38,9.86,0.0248,4.57,1501.0
2025-01-06 19:21:00,70.51,9.95,0.0225,4.51,1481.0
2025-01-06 19:22:00,69.7,10.25,0.0211,4.55,1488.0
2025-01-06 19:23:00,69.9,10.23,0.0245,4.53,1500.0
2025-01-06 19:24:00,70.32,9.98,0.0264,4.5,1503.0
2025-01-06 19:25:00,69.74,9.94,0.025,4.42,1494.0
2025-01-06 19:26:00,70.51,10.19,0.0238,4.48,1512.0
2025-01-06 19:27:00,70.06,9.95,0.0264,4.47,1501.0
2025-01-06 19:28:00,70.18,9.96,0.0216,4.5,1517.0
2025-01-06 19:29:00,69.62,9.8,0.0317,4.54,1512.0
2025-01-06 19:30:00,70.55,10.43,0.0253,4.51,1518.0
2025-01-06 19:31:00,69.9,9.95,0.0222,4.44,1489.0
2025-01-06 19:32:00,69.92,10.01,0.0298,4.47,1517.0
2025-01-06 19:33:00,69.73,9.68,0.0236,4.55,1476.0
2025-01-06 19:34:00,70.23,10.09,0.0202,4.5,1478.0
2025-01-06 19:35:00,69.79,9.75,0.0232,4.55,1498.0
2025-01-06 19:36:00,70.51,9.71,0.029,4.46,1525.0
2025-01-06 19:37:00,70.01,10.16,0.0213,4.48,1507.0
2025-01-06 19:38:00,69.51,10.04,0.028,4.48,1496.0
2025-01-06 19:39:00,70.02,9.63,0.0246,4.44,1511.0
2025-01-06 19:40:00,69.86,10.23,0.0273,4.52,1483.0
2025-01-06 19:41:00,70.15,10.03,0.0268,4.55,1497.0
2025-01-06 19:42:00,69.89,10.09,0.0289,4.55,1510.0
2025-01-06 19:43:00,69.98,10.12,0.0249,4.53,1500.0
2025-01-06 19:44:00,69.84,9.86,0.0242,4.53,1513.0
2025-01-06 19:45:00,70.11,10.04,0.025,4.58,1518.0
2025-01-06 19:46:00,70.53,10.23,0.0217,4.6,1490.0
2025-01-06 19:47:00,69.78,9.71,0.0249,4.53,1503.0
2025-01-06 19:48:00,70.34,10.23,0.0281,4.56,1487.0
2025-01-06 19:49:00,70.08,9.96,0.0315,4.56,1484.0
2025-01-06 19:50:00,69.94,10.14,0.0222,4.49,1483.0
2025-01-06 19:51:00,69.99,10.08,0.0217,4.47,1491.0
2025-01-06 19:52:00,69.85,9.96,0.0244,4.44,1509.0
2025-01-06 19:53:00,69.87,10.2,0.0312,4.46,1481.0
2025-01-06 19:54:00,70.39,9.96,0.0218,4.43,1484.0
2025-01-06 19:55:00,69.77,9.83,0.0268,4.52,1489.0
2025-01-06 19:56:00,69.88,10.29,0.0246,4.49,1524.0
2025-01-06 19:57:00,70.37,9.97,0.0261,4.43,1522.0
2025-01-06 19:58:00,70.33,10.61,0.0258,4.54,1482.0
2025-01-06 19:59:00,69.82,10.23,0.0242,4.57,1530.0
2025-01-06 20:00:00,70.36,9.82,0.0258,4.55,1503.0
2025-01-06 20:01:00,69.76,10.04,0.0238,4.5,1487.0
2025-01-06 20:02:00,70.19,9.82,0.0254,4.52,1487.0
2025-01-06 20:03:00,70.12,10.05,0.0228,4.49,1485.0
2025-01-06 20:04:00,70.31,9.98,0.0342,4.5,1489.0
2025-01-06 20:05:00,69.77,9.89,0.0238,4.5,1498.0
2025-01-06 20:06:00,69.38,10.17,0.0228,4.46,1527.0
2025-01-06 20:07:00,70.3,9.78,0.0201,4.51,1511.0
2025-01-06 20:08:00,70.27,9.89,0.0271,4.57,1487.0
2025-01-06 20:09:00,69.94,10.03,0.029,4.48,1485.0
2025-01-06 20:10:00,70.68,10.2,0.0318,4.49,1543.0
2025-01-06 20:11:00,69.84,10.27,0.0227,4.56,1484.0
2025-01-06 20:12:00,70.07,9.79,0.0208,4.62,1507.0
2025-01-06 20:13:00,69.76,10.07,0.0208,4.44,1520.0
2025-01-06 20:14:00,70.35,9.95,0.0228,4.48,1495.0
2025-01-06 20:15:00,69.93,10.11,0.0309,4.51,1517.0
2025-01-06 20:16:00,70.14,10.11,0.0234,4.56,1495.0
2025-01-06 20:17:00,69.75,9.81,0.0215,4.51,1505.0
2025-01-06 20:18:00,70.25,10.34,0.021,4.49,1493.0
2025-01-06 20:19:00,70.08,10.17,0.0238,4.44,1506.0
2025-01-06 20:20:00,70.18,9.74,0.0216,4.45,1495.0
2025-01-06 20:21:00,70.44,10.15,0.0238,4.48,1509.0
2025-01-06 20:22:00,70.32,10.04,0.0221,4.51,1500.0
2025-01-06 20:23:00,70.12,10.01,0.0247,4.44,1490.0
2025-01-06 20:24:00,70.16,9.94,0.0265,4.58,1497.0
2025-01-06 20:25:00,69.79,10.34,0.0229,4.47,1522.0
2025-01-06 20:26:00,70.61,10.03,0.0215,4.44,1496.0
2025-01-06 20:27:00,69.79,10.38,0.0254,4.55,1483.0
2025-01-06 20:28:00,70.59,9.81,0.0286,4.45,1525.0
2025-01-06 20:29:00,70.17,9.91,0.0293,4.47,1498.0
2025-01-06 20:30:00,69.6,10.04,0.0265,4.48,1486.0
2025-01-06 20:31:00,70.07,9.75,0.0196,4.51,1511.0
2025-01-06 20:32:00,70.0,10.0,0.0255,4.55,1485.0
2025-01-06 20:33:00,70.43,10.13,0.0293,4.39,1508.0
2025-01-06 20:34:00,69.91,9.96,0.0244,4.54,1527.0
2025-01-06 20:35:00,70.07,10.34,0.0269,4.53,1494.0
2025-01-06 20:36:00,69.85,9.83,0.0198,4.53,1509.0
2025-01-06 20:37:00,69.75,10.05,0.0279,4.49,1488.0
2025-01-06 20:38:00,70.38,10.01,0.0246,4.51,1477.0
2025-01-06 20:39:00,70.17,10.0,0.0266,4.48,1511.0
2025-01-06 20:40:00,70.35,10.05,0.0214,4.47,1499.0
2025-01-06 20:41:00,69.21,9.82,0.025,4.51,1491.0
2025-01-06 20:42:00,69.6,9.88,0.0286,4.54,1490.0
2025-01-06 20:43:00,70.38,9.83,0.0267,4.51,1496.0
2025-01-06 20:44:00,69.63,9.98,0.0244,4.44,1479.0
2025-01-06 20:45:00,69.51,10.18,0.0191,4.64,1481.0
2025-01-06 20:46:00,69.88,9.73,0.0251,4.52,1477.0
2025-01-06 20:47:00,70.02,9.63,0.0208,4.52,1514.0
2025-01-06 20:48:00,69.75,9.87,0.0242,4.47,1510.0
2025-01-06 20:49:00,69.98,10.14,0.0244,4.48,1502.0
2025-01-06 20:50:00,70.15,9.81,0.0235,4.54,1498.0
2025-01-06 20:51:00,70.33,9.78,0.027,4.57,1530.0
2025-01-06 20:52:00,70.07,9.65,0.0259,4.44,1509.0
2025-01-06 20:53:00,69.9,9.75,0.0234,4.51,1483.0
2025-01-06 20:54:00,70.03,9.81,0.0239,4.47,1485.0
2025-01-06 20:55:00,69.65,10.16,0.0326,4.51,1504.0
2025-01-06 20:56:00,70.11,10.11,0.0265,4.52,1487.0
2025-01-06 20:57:00,70.19,10.26,0.0322,4.43,1503.0
2025-01-06 20:58:00,69.87,9.71,0.0192,4.55,1503.0
2025-01-06 20:59:00,70.43,10.31,0.0264,4.52,1500.0
2025-01-06 21:00:00,69.87,10.15,0.0215,4.54,1528.0
2025-01-06 21:01:00,70.37,10.07,0.0188,4.58,1497.0
2025-01-06 21:02:00,70.25,10.02,0.0209,4.47,1474.0
2025-01-06 21:03:00,70.15,10.04,0.0275,4.59,1505.0
2025-01-06 21:04:00,69.58,9.75,0.0255,4.53,1512.0
2025-01-06 21:05:00,69.7,10.05,0.0242,4.54,1485.0
2025-01-06 21:06:00,70.23,10.36,0.0236,4.44,1501.0
2025-01-06 21:07:00,69.6,9.9,0.025,4.41,1505.0
2025-01-06 21:08:00,69.94,10.31,0.0257,4.5,1497.0
2025-01-06 21:09:00,69.92,10.14,0.0228,4.54,1501.0
2025-01-06 21:10:00,70.49,10.13,0.0273,4.56,1510.0
2025-01-06 21:11:00,69.9,10.04,0.026,4.53,1488.0
2025-01-06 21:12:00,69.86,9.71,0.0255,4.5,1509.0
2025-01-06 21:13:00,70.01,10.23,0.0258,4.44,1525.0
2025-01-06 21:14:00,69.67,9.69,0.0186,4.48,1489.0
2025-01-06 21:15:00,69.74,10.19,0.03,4.51,1486.0
2025-01-06 21:16:00,69.87,10.04,0.0212,4.53,1512.0
2025-01-06 21:17:00,70.02,9.73,0.0273,4.5,1481.0
2025-01-06 21:18:00,70.35,9.8,0.0258,4.43,1522.0
2025-01-06 21:19:00,85.4,12.87,0.2245,4.5,1498.0
2025-01-06 21:20:00,70.18,10.21,0.0256,4.55,1471.0
2025-01-06 21:21:00,69.82,10.27,0.0269,4.52,1502.0
2025-01-06 21:22:00,70.79,10.0,0.0241,4.51,1487.0
2025-01-06 21:23:00,70.42,9.83,0.0235,4.43,1453.0
2025-01-06 21:24:00,69.64,10.12,0.025,4.48,1472.0
2025-01-06 21:25:00,69.94,9.74,0.0208,4.47,1527.0
2025-01-06 21:26:00,70.36,9.86,0.0246,4.44,1494.0
2025-01-06 21:27:00,70.1,9.95,0.0211,4.4,1500.0
2025-01-06 21:28:00,69.97,9.89,0.0303,4.44,1498.0
2025-01-06 21:29:00,70.13,10.09,0.0246,4.51,1500.0
2025-01-06 21:30:00,70.28,9.92,0.0275,4.54,1474.0
2025-01-06 21:31:00,69.9,9.86,0.0251,4.47,1495.0
2025-01-06 21:32:00,70.06,10.15,0.0269,4.52,1501.0
2025-01-06 21:33:00,69.92,10.09,0.0228,4.49,1500.0
2025-01-06 21:34:00,70.23,9.82,0.0183,4.55,1499.0
2025-01-06 21:35:00,70.29,9.4,0.0243,4.44,1499.0
2025-01-06 21:36:00,70.23,10.01,0.022,4.49,1482.0
2025-01-06 21:37:00,70.05,9.79,0.0273,4.53,1514.0
2025-01-06 21:38:00,70.04,10.09,0.029,4.43,1491.0
2025-01-06 21:39:00,70.0,10.09,0.0256,4.47,1490.0
2025-01-06 21:40:00,70.1,9.95,0.0271,4.5,1500.0
2025-01-06 21:41:00,69.92,10.18,0.0276,4.44,1511.0
2025-01-06 21:42:00,69.99,10.23,0.0274,4.47,1500.0
2025-01-06 21:43:00,70.09,9.86,0.0309,4.53,1496.0
2025-01-06 21:44:00,70.09,10.24,0.0291,4.53,1512.0
2025-01-06 21:45:00,70.74,9.86,0.0235,4.49,1499.0
2025-01-06 21:46:00,69.47,10.04,0.0238,4.47,1486.0
2025-01-06 21:47:00,69.56,9.86,0.0224,4.48,1492.0
2025-01-06 21:48:00,70.17,9.68,0.0222,4.52,1503.0
2025-01-06 21:49:00,70.28,10.07,0.0251,4.47,1518.0
2025-01-06 21:50:00,69.91,10.09,0.0243,4.48,1529.0
2025-01-06 21:51:00,69.99,9.91,0.0296,4.49,1492.0
2025-01-06 21:52:00,70.4,9.98,0.024,4.52,1482.0
2025-01-06 21:53:00,70.28,9.93,0.024,4.42,1497.0
2025-01-06 21:54:00,70.14,9.61,0.0188,4.49,1501.0
2025-01-06 21:55:00,69.99,9.88,0.0229,4.51,1492.0
2025-01-06 21:56:00,69.68,10.15,0.0267,4.47,1509.0
2025-01-06 21:57:00,70.04,9.56,0.0277,4.47,1497.0
2025-01-06 21:58:00,69.86,9.93,0.03,4.47,1494.0
2025-01-06 21:59:00,70.2,10.07,0.0258,4.51,1486.0
2025-01-06 22:00:00,70.36,9.97,0.0222,4.56,1507.0
2025-01-06 22:01:00,70.11,10.22,0.0258,4.53,1507.0
2025-01-06 22:02:00,69.97,9.48,0.0211,4.63,1504.0
2025-01-06 22:03:00,70.01,9.95,0.0215,4.46,1512.0
2025-01-06 22:04:00,70.14,10.33,0.0212,4.54,1487.0
2025-01-06 22:05:00,69.76,9.78,0.0235,4.46,1501.0
2025-01-06 22:06:00,69.88,10.13,0.0229,4.47,1515.0
2025-01-06 22:07:00,70.01,9.56,0.025,4.48,1505.0
2025-01-06 22:08:00,69.73,9.52,0.0196,4.49,1490.0
2025-01-06 22:09:00,70.19,10.12,0.0217,4.49,1483.0
2025-01-06 22:10:00,69.73,9.85,0.0218,4.56,1501.0
2025-01-06 22:11:00,69.85,9.72,0.0202,4.42,1507.0
2025-01-06 22:12:00,69.59,9.95,0.0256,4.41,1497.0
2025-01-06 22:13:00,69.82,10.21,0.0256,4.54,1524.0
2025-01-06 22:14:00,70.17,9.88,0.0266,4.55,1536.0
2025-01-06 22:15:00,70.25,9.63,0.0254,4.43,1498.0
2025-01-06 22:16:00,70.22,10.18,0.022,4.48,1507.0
2025-01-06 22:17:00,69.62,10.16,0.0252,4.5,1531.0
2025-01-06 22:18:00,70.08,10.04,0.0255,4.48,1478.0
2025-01-06 22:19:00,69.91,10.22,0.0194,4.38,1492.0
2025-01-06 22:20:00,69.95,10.13,0.0188,4.39,1485.0
2025-01-06 22:21:00,69.7,9.9,0.026,4.53,1505.0
2025-01-06 22:22:00,69.96,9.95,0.0228,4.53,1531.0
2025-01-06 22:23:00,69.67,10.11,0.0235,4.46,1502.0
2025-01-06 22:24:00,70.01,9.97,0.0248,4.51,1509.0
2025-01-06 22:25:00,69.91,10.0,0.0276,4.51,1495.0
2025-01-06 22:26:00,69.99,10.14,0.0262,4.55,1506.0
2025-01-06 22:27:00,69.77,10.35,0.0264,4.47,1490.0
2025-01-06 22:28:00,70.28,10.19,0.0242,4.52,1510.0
2025-01-06 22:29:00,69.87,10.05,0.0235,4.44,1492.0
2025-01-06 22:30:00,70.5,9.99,0.0205,4.42,1493.0
2025-01-06 22:31:00,69.67,10.16,0.0287,4.59,1509.0
2025-01-06 22:32:00,70.17,10.21,0.0254,4.44,1504.0
2025-01-06 22:33:00,70.15,10.07,0.0243,4.52,1490.0
2025-01-06 22:34:00,70.49,10.1,0.0258,4.57,1496.0
2025-01-06 22:35:00,69.94,9.81,0.0191,4.44,1453.0
2025-01-06 22:36:00,69.91,10.06,0.0191,4.53,1484.0
2025-01-06 22:37:00,70.15,10.25,0.026,4.52,1497.0
2025-01-06 22:38:00,69.99,10.18,0.0278,4.52,1486.0
2025-01-06 22:39:00,69.74,10.44,0.0268,4.42,1482.0
2025-01-06 22:40:00,69.98,10.12,0.0228,4.37,1488.0
2025-01-06 22:41:00,70.14,10.19,0.0258,4.47,1503.0
2025-01-06 22:42:00,69.99,9.85,0.0228,4.56,1502.0
2025-01-06 22:43:00,70.03,9.88,0.0273,4.47,1491.0
2025-01-06 22:44:00,69.99,9.85,0.0283,4.46,1489.0
2025-01-06 22:45:00,70.42,10.32,0.0253,4.57,1491.0
2025-01-06 22:46:00,69.36,10.05,0.0238,4.51,1497.0
2025-01-06 22:47:00,70.17,9.71,0.0258,4.45,1492.0
2025-01-06 22:48:00,70.16,9.84,0.0318,4.5,1516.0
2025-01-06 22:49:00,69.99,10.08,0.0256,4.55,1495.0
2025-01-06 22:50:00,70.12,10.26,0.0254,4.45,1505.0
2025-01-06 22:51:00,69.87,10.12,0.0252,4.57,1498.0
2025-01-06 22:52:00,69.69,10.38,0.0206,4.56,1483.0
2025-01-06 22:53:00,70.31,10.05,0.0254,4.55,1524.0
2025-01-06 22:54:00,70.13,10.45,0.0228,4.49,1493.0
2025-01-06 22:55:00,69.97,9.78,0.0229,4.52,1504.0
2025-01-06 22:56:00,70.07,10.28,0.0179,4.56,1511.0
2025-01-06 22:57:00,69.9,9.9,0.0251,4.49,1497.0
2025-01-06 22:58:00,70.13,9.9,0.0278,4.5,1518.0
2025-01-06 22:59:00,70.41,10.24,0.0239,4.47,1480.0
2025-01-06 23:00:00,70.01,9.84,0.0224,4.43,1501.0
2025-01-06 23:01:00,69.59,10.08,0.0274,4.53,1516.0
2025-01-06 23:02:00,70.1,10.21,0.0212,4.59,1503.0
2025-01-06 23:03:00,70.34,10.09,0.0262,4.5,1506.0
2025-01-06 23:04:00,70.48,9.92,0.0274,4.52,1478.0
2025-01-06 23:05:00,69.84,10.01,0.0238,4.49,1504.0
2025-01-06 23:06:00,70.12,9.73,0.0309,4.45,1512.0
2025-01-06 23:07:00,69.64,10.05,0.0253,4.46,1498.0
2025-01-06 23:08:00,70.06,10.06,0.0283,4.62,1509.0
2025-01-06 23:09:00,70.15,10.14,0.0278,4.46,1522.0
2025-01-06 23:10:00,70.31,9.89,0.0225,4.52,1527.0
2025-01-06 23:11:00,69.71,10.08,0.0239,4.5,1506.0
2025-01-06 23:12:00,70.23,9.88,0.027,4.57,1497.0
2025-01-06 23:13:00,69.95,9.84,0.0261,4.54,1506.0
2025-01-06 23:14:00,69.47,9.96,0.0264,4.54,1515.0
2025-01-06 23:15:00,69.88,9.98,0.0247,4.48,1493.0
2025-01-06 23:16:00,69.94,9.96,0.0294,4.43,1490.0
2025-01-06 23:17:00,85.22,13.07,0.2274,4.49,1523.0
2025-01-06 23:18:00,70.1,9.89,0.0239,4.45,1483.0
2025-01-06 23:19:00,69.98,9.5,0.0257,4.51,1496.0
2025-01-06 23:20:00,69.51,10.23,0.0248,4.59,1481.0
2025-01-06 23:21:00,69.6,9.96,0.0256,4.58,1500.0
2025-01-06 23:22:00,70.2,10.06,0.024,4.48,1509.0
2025-01-06 23:23:00,69.37,10.11,0.0229,4.63,1481.0
2025-01-06 23:24:00,69.85,9.82,0.0213,4.57,1485.0
2025-01-06 23:25:00,70.08,10.07,0.0244,4.44,1516.0
2025-01-06 23:26:00,70.3,10.39,0.0281,4.54,1516.0
2025-01-06 23:27:00,70.03,10.11,0.0304,4.57,1476.0
2025-01-06 23:28:00,69.5,10.2,0.0273,4.49,1485.0
2025-01-06 23:29:00,70.39,9.74,0.03,4.54,1480.0
2025-01-06 23:30:00,70.16,10.09,0.0229,4.46,1504.0
2025-01-06 23:31:00,69.59,10.24,0.0276,4.5,1476.0
2025-01-06 23:32:00,69.74,9.96,0.0221,4.52,1512.0
2025-01-06 23:33:00,70.0,10.05,0.022,4.45,1509.0
2025-01-06 23:34:00,70.15,9.96,0.0238,4.52,1532.0
2025-01-06 23:35:00,70.55,10.28,0.0268,4.54,1479.0
2025-01-06 23:36:00,69.85,10.23,0.0218,4.44,1506.0
2025-01-06 23:37:00,69.62,10.23,0.0237,4.41,1500.0
2025-01-06 23:38:00,70.46,10.03,0.028,4.59,1512.0
2025-01-06 23:39:00,69.86,9.84,0.0256,4.51,1468.0
2025-01-06 23:40:00,69.54,10.24,0.0251,4.5,1498.0
2025-01-06 23:41:00,70.02,9.73,0.0268,4.4,1507.0
2025-01-06 23:42:00,70.23,9.85,0.0209,4.47,1497.0
2025-01-06 23:43:00,70.44,10.03,0.0273,4.41,1523.0
2025-01-06 23:44:00,70.06,10.09,0.0209,4.47,1513.0
2025-01-06 23:45:00,69.88,10.1,0.0236,4.6,1496.0
2025-01-06 23:46:00,69.63,10.22,0.024,4.47,1479.0
2025-01-06 23:47:00,70.15,10.34,0.0258,4.55,1506.0
2025-01-06 23:48:00,70.6,10.47,0.0257,4.45,1496.0
2025-01-06 23:49:00,70.29,9.78,0.0219,4.48,1489.0
2025-01-06 23:50:00,70.21,9.96,0.0272,4.45,1503.0
2025-01-06 23:51:00,70.1,9.87,0.0258,4.61,1509.0
2025-01-06 23:52:00,70.21,9.87,0.0223,4.49,1515.0
2025-01-06 23:53:00,70.02,9.98,0.0268,4.52,1505.0
2025-01-06 23:54:00,70.28,10.07,0.0293,3.51,1230.0
2025-01-06 23:55:00,69.62,9.99,0.0232,4.55,1500.0
2025-01-06 23:56:00,70.44,9.7,0.0218,4.52,1514.0
2025-01-06 23:57:00,70.04,10.25,0.0161,4.52,1510.0
2025-01-06 23:58:00,75.25,9.59,0.3227,4.42,1470.0
2025-01-06 23:59:00,70.07,9.71,0.0298,4.45,1500.0
2025-01-07 00:00:00,69.58,9.8,0.0262,4.49,1461.0
2025-01-07 00:01:00,69.59,10.12,0.0261,4.48,1486.0
2025-01-07 00:02:00,70.33,9.83,0.0135,4.44,1477.0
2025-01-07 00:03:00,70.15,9.91,0.0268,4.57,1512.0
2025-01-07 00:04:00,69.83,10.26,0.026,4.45,1509.0
2025-01-07 00:05:00,69.61,9.98,0.0251,4.58,1500.0
2025-01-07 00:06:00,69.78,10.11,0.0239,4.5,1480.0
2025-01-07 00:07:00,70.25,10.17,0.027,4.43,1503.0
2025-01-07 00:08:00,70.37,10.27,0.0237,4.49,1478.0
2025-01-07 00:09:00,69.43,9.8,0.0223,4.47,1494.0
2025-01-07 00:10:00,70.06,9.88,0.0272,4.48,1503.0
2025-01-07 00:11:00,70.04,10.0,0.0268,4.52,1492.0
2025-01-07 00:12:00,69.95,10.0,0.0231,4.47,1503.0
2025-01-07 00:13:00,70.26,9.8,0.0251,4.47,1497.0
2025-01-07 00:14:00,70.21,9.81,0.0242,4.56,1528.0
2025-01-07 00:15:00,69.39,9.81,0.0218,4.37,1507.0
2025-01-07 00:16:00,70.16,10.13,0.0273,4.48,1508.0
2025-01-07 00:17:00,69.96,10.18,0.0265,4.48,1495.0
2025-01-07 00:18:00,69.59,10.09,0.0228,4.53,1485.0
2025-01-07 00:19:00,70.35,10.06,0.0232,4.55,1492.0
2025-01-07 00:20:00,70.4,10.06,0.0295,4.45,1491.0
2025-01-07 00:21:00,69.63,10.1,0.0262,4.62,1506.0
2025-01-07 00:22:00,69.58,10.07,0.0229,4.47,1512.0
2025-01-07 00:23:00,70.53,10.43,0.0256,4.51,1527.0
2025-01-07 00:24:00,70.27,9.99,0.0281,4.46,1517.0
2025-01-07 00:25:00,70.33,9.96,0.0216,4.62,1513.0
2025-01-07 00:26:00,69.54,10.09,0.03,4.53,1470.0
2025-01-07 00:27:00,69.79,10.27,0.0253,4.5,1516.0
2025-01-07 00:28:00,69.76,10.12,0.0252,4.55,1516.0
2025-01-07 00:29:00,69.65,10.41,0.0252,4.47,1482.0
2025-01-07 00:30:00,70.27,9.58,0.0222,4.45,1510.0
2025-01-07 00:31:00,69.82,10.06,0.0253,4.58,1514.0
2025-01-07 00:32:00,70.41,9.7,0.0237,4.48,1507.0
2025-01-07 00:33:00,69.66,10.13,0.0234,4.49,1505.0
2025-01-07 00:34:00,69.68,9.76,0.0285,4.5,1511.0
2025-01-07 00:35:00,70.3,9.91,0.0277,4.49,1483.0
2025-01-07 00:36:00,69.89,10.13,0.0276,4.46,1487.0
2025-01-07 00:37:00,70.04,9.82,0.0212,4.43,1520.0
2025-01-07 00:38:00,69.94,9.58,0.023,4.51,1514.0
2025-01-07 00:39:00,70.44,9.98,0.0226,4.5,1509.0
2025-01-07 00:40:00,69.47,9.88,0.0267,4.55,1502.0
2025-01-07 00:41:00,70.56,10.06,0.0289,4.51,1508.0
2025-01-07 00:42:00,69.95,9.46,0.0248,4.63,1484.0
2025-01-07 00:43:00,70.6,9.88,0.0216,4.53,1476.0
2025-01-07 00:44:00,70.13,10.36,0.0268,4.54,1523.0
2025-01-07 00:45:00,70.28,10.46,0.0269,4.4,1509.0
2025-01-07 00:46:00,69.85,9.92,0.0282,4.32,1512.0
2025-01-07 00:47:00,70.23,9.66,0.0286,4.48,1493.0
2025-01-07 00:48:00,69.88,9.87,0.0219,4.48,1504.0
2025-01-07 00:49:00,69.57,10.04,0.0205,4.56,1517.0
2025-01-07 00:50:00,70.05,10.26,0.0254,4.48,1516.0
2025-01-07 00:51:00,70.12,9.77,0.0221,4.58,1499.0
2025-01-07 00:52:00,70.2,9.87,0.0228,4.52,1491.0
2025-01-07 00:53:00,69.66,9.71,0.0213,4.58,1493.0
2025-01-07 00:54:00,69.81,10.01,0.0219,4.41,1474.0
2025-01-07 00:55:00,70.26,9.75,0.0272,4.56,1537.0
2025-01-07 00:56:00,70.09,10.01,0.0239,4.49,1490.0
2025-01-07 00:57:00,70.35,10.25,0.0235,4.52,1523.0
2025-01-07 00:58:00,70.23,10.08,0.0212,4.51,1474.0
2025-01-07 00:59:00,69.87,9.84,0.0318,4.52,1525.0
2025-01-07 01:00:00,69.81,10.2,0.0271,4.43,1494.0
2025-01-07 01:01:00,70.33,9.96,0.0246,4.5,1499.0
2025-01-07 01:02:00,70.24,10.29,0.0265,4.58,1486.0
2025-01-07 01:03:00,69.99,9.97,0.027,4.51,1477.0
2025-01-07 01:04:00,69.97,10.26,0.0233,4.5,1493.0
2025-01-07 01:05:00,69.76,10.19,0.0212,4.55,1509.0
2025-01-07 01:06:00,69.87,9.94,0.0261,4.51,1502.0
2025-01-07 01:07:00,70.21,9.66,0.0225,4.43,1509.0
2025-01-07 01:08:00,69.57,10.36,0.0201,4.45,1496.0
2025-01-07 01:09:00,69.91,10.24,0.0249,4.54,1490.0
2025-01-07 01:10:00,70.08,9.97,0.0213,4.47,1508.0
2025-01-07 01:11:00,69.9,9.54,0.0209,4.52,1516.0
2025-01-07 01:12:00,70.19,9.82,0.0201,4.52,1482.0
2025-01-07 01:13:00,70.02,10.23,0.0211,4.51,1518.0
2025-01-07 01:14:00,70.45,9.93,0.0272,4.45,1476.0
2025-01-07 01:15:00,70.52,10.34,0.0242,4.5,1485.0
2025-01-07 01:16:00,69.31,9.62,0.0279,4.56,1524.0
2025-01-07 01:17:00,69.82,9.95,0.022,4.53,1508.0
2025-01-07 01:18:00,69.92,10.26,0.0219,4.54,1491.0
2025-01-07 01:19:00,69.96,10.02,0.0273,4.53,1506.0
2025-01-07 01:20:00,70.12,10.45,0.0243,4.53,1501.0
2025-01-07 01:21:00,70.06,9.96,0.0242,4.46,1511.0
2025-01-07 01:22:00,69.83,9.8,0.0273,4.56,1525.0
2025-01-07 01:23:00,69.81,9.78,0.024,4.45,1506.0
2025-01-07 01:24:00,69.81,9.87,0.0269,4.46,1497.0
2025-01-07 01:25:00,70.22,10.28,0.0284,4.53,1510.0
2025-01-07 01:26:00,70.55,9.87,0.023,4.54,1517.0
2025-01-07 01:27:00,70.07,10.16,0.0265,4.45,1500.0
2025-01-07 01:28:00,70.0,10.04,0.0239,4.51,1490.0
2025-01-07 01:29:00,70.24,10.27,0.0236,4.42,1500.0
2025-01-07 01:30:00,70.2,10.09,0.0237,4.52,1507.0
2025-01-07 01:31:00,69.76,10.29,0.0283,4.41,1503.0
2025-01-07 01:32:00,70.12,9.98,0.0204,4.51,1503.0
2025-01-07 01:33:00,69.37,10.1,0.0267,4.46,1494.0
2025-01-07 01:34:00,70.24,10.08,0.0301,4.55,1513.0
2025-01-07 01:35:00,69.88,9.96,0.0242,4.53,1482.0
2025-01-07 01:36:00,70.07,9.81,0.0265,4.47,1494.0
2025-01-07 01:37:00,69.89,9.99,0.0227,4.52,1490.0
2025-01-07 01:38:00,75.39,9.93,0.3275,4.5,1524.0
2025-01-07 01:39:00,69.85,10.33,0.0216,4.49,1500.0
2025-01-07 01:40:00,69.85,10.15,0.0234,4.59,1483.0
2025-01-07 01:41:00,70.46,10.04,0.0269,4.56,1491.0
2025-01-07 01:42:00,69.98,9.93,0.0286,4.54,1504.0
2025-01-07 01:43:00,70.26,9.92,0.0205,4.46,1499.0
2025-01-07 01:44:00,70.06,9.91,0.025,4.51,1490.0
2025-01-07 01:45:00,70.3,9.9,0.0249,4.53,1513.0
2025-01-07 01:46:00,69.95,10.09,0.0271,4.55,1515.0
2025-01-07 01:47:00,69.59,9.99,0.024,4.45,1512.0
2025-01-07 01:48:00,70.39,10.14,0.0275,4.53,1481.0
2025-01-07 01:49:00,69.41,9.85,0.0251,4.4,1491.0
2025-01-07 01:50:00,70.21,10.08,0.0265,4.46,1480.0
2025-01-07 01:51:00,70.19,9.86,0.0227,4.52,1497.0
2025-01-07 01:52:00,70.05,10.0,0.0256,4.52,1523.0
2025-01-07 01:53:00,70.27,10.24,0.0231,4.56,1493.0
2025-01-07 01:54:00,69.66,9.74,0.0214,4.43,1512.0
2025-01-07 01:55:00,70.38,9.83,0.0231,4.53,1505.0
2025-01-07 01:56:00,70.07,9.74,0.0305,4.49,1498.0
2025-01-07 01:57:00,70.29,10.04,0.03,4.42,1517.0
2025-01-07 01:58:00,70.13,10.0,0.0244,4.46,1488.0
2025-01-07 01:59:00,69.86,10.12,0.03,3.4,1201.0
2025-01-07 02:00:00,70.73,9.6,0.0246,4.56,1495.0
2025-01-07 02:01:00,70.16,9.46,0.0231,4.49,1481.0
2025-01-07 02:02:00,70.08,9.93,0.0262,4.45,1486.0
2025-01-07 02:03:00,69.69,10.03,0.0276,4.35,1457.0
2025-01-07 02:04:00,69.66,10.22,0.0159,4.55,1524.0
2025-01-07 02:05:00,70.26,10.36,0.0232,4.55,1477.0
2025-01-07 02:06:00,69.99,10.03,0.025,4.46,1521.0
2025-01-07 02:07:00,70.22,9.98,0.0215,4.44,1496.0
2025-01-07 02:08:00,70.18,9.94,0.0282,4.52,1493.0
2025-01-07 02:09:00,69.98,9.9,0.0273,4.5,1497.0
2025-01-07 02:10:00,69.73,10.11,0.0268,4.55,1495.0
2025-01-07 02:11:00,69.95,9.81,0.0243,4.41,1495.0
2025-01-07 02:12:00,69.63,9.89,0.0313,4.47,1531.0
2025-01-07 02:13:00,70.17,10.19,0.0209,4.53,1472.0
2025-01-07 02:14:00,70.61,10.14,0.0236,4.57,1489.0
2025-01-07 02:15:00,69.89,9.83,0.0264,4.47,1482.0
2025-01-07 02:16:00,69.75,10.0,0.0272,4.52,1518.0
2025-01-07 02:17:00,69.54,10.09,0.0289,4.52,1491.0
2025-01-07 02:18:00,70.15,9.87,0.0223,4.4,1500.0
2025-01-07 02:19:00,69.57,9.7,0.0246,4.56,1514.0
2025-01-07 02:20:00,70.02,10.21,0.0215,4.52,1482.0
2025-01-07 02:21:00,70.53,10.01,0.0219,4.44,1483.0
2025-01-07 02:22:00,70.11,10.23,0.0223,4.53,1497.0
2025-01-07 02:23:00,69.86,10.13,0.0234,4.6,1494.0
2025-01-07 02:24:00,69.87,9.74,0.0302,4.54,1494.0
2025-01-07 02:25:00,70.45,9.92,0.0224,4.55,1509.0
2025-01-07 02:26:00,70.15,9.95,0.0252,4.53,1505.0
2025-01-07 02:27:00,70.06,9.79,0.0263,4.44,1522.0
2025-01-07 02:28:00,69.42,9.98,0.0262,4.51,1500.0
2025-01-07 02:29:00,69.63,9.67,0.0261,4.43,1520.0
2025-01-07 02:30:00,69.34,10.0,0.0232,4.47,1491.0
2025-01-07 02:31:00,70.31,9.79,0.0263,4.55,1485.0
2025-01-07 02:32:00,69.36,9.87,0.0255,4.52,1516.0
2025-01-07 02:33:00,70.14,10.22,0.0251,4.51,1516.0
2025-01-07 02:34:00,69.77,9.97,0.0219,4.52,1486.0
2025-01-07 02:35:00,69.8,9.89,0.0245,4.62,1485.0
2025-01-07 02:36:00,69.94,9.68,0.026,4.54,1521.0
2025-01-07 02:37:00,69.51,10.4,0.0218,4.53,1469.0
2025-01-07 02:38:00,69.63,9.66,0.0213,4.5,1487.0
2025-01-07 02:39:00,70.06,9.74,0.0242,4.49,1486.0
2025-01-07 02:40:00,69.55,9.88,0.0247,4.5,1479.0
2025-01-07 02:41:00,70.58,10.21,0.022,4.57,1490.0
2025-01-07 02:42:00,69.74,9.68,0.0308,4.52,1501.0
2025-01-07 02:43:00,69.95,9.84,0.0253,4.5,1483.0
2025-01-07 02:44:00,69.94,10.0,0.0317,4.48,1512.0
2025-01-07 02:45:00,70.06,9.83,0.0199,4.59,1484.0
2025-01-07 02:46:00,70.01,9.96,0.032,4.56,1515.0
2025-01-07 02:47:00,69.99,10.2,0.0266,4.49,1501.0
2025-01-07 02:48:00,70.35,10.1,0.0261,4.56,1502.0
2025-01-07 02:49:00,70.44,9.98,0.0259,4.49,1495.0
2025-01-07 02:50:00,69.93,10.12,0.0296,4.44,1510.0
2025-01-07 02:51:00,70.02,10.25,0.0297,4.43,1498.0
2025-01-07 02:52:00,70.51,9.94,0.0238,4.51,1478.0
2025-01-07 02:53:00,70.13,9.98,0.0277,4.52,1475.0
2025-01-07 02:54:00,69.67,9.82,0.0201,4.48,1498.0
2025-01-07 02:55:00,69.5,9.93,0.0273,4.52,1469.0
2025-01-07 02:56:00,70.17,9.9,0.0253,4.58,1512.0
2025-01-07 02:57:00,70.28,9.64,0.0261,4.47,1507.0
2025-01-07 02:58:00,70.25,9.81,0.0253,4.4,1497.0
2025-01-07 02:59:00,69.57,9.92,0.0269,4.51,1487.0
2025-01-07 03:00:00,69.97,10.08,0.0259,4.41,1487.0
2025-01-07 03:01:00,70.03,9.87,0.0239,4.49,1516.0
2025-01-07 03:02:00,69.82,10.22,0.0305,4.46,1503.0
2025-01-07 03:03:00,74.91,9.94,0.3299,4.49,1484.0
2025-01-07 03:04:00,69.7,10.14,0.0201,4.48,1501.0
2025-01-07 03:05:00,70.02,10.48,0.0216,4.41,1498.0
2025-01-07 03:06:00,69.79,10.19,0.0259,4.48,1499.0
2025-01-07 03:07:00,70.34,9.62,0.0269,4.48,1487.0
2025-01-07 03:08:00,70.52,9.75,0.0298,4.52,1501.0
2025-01-07 03:09:00,69.62,9.89,0.0277,4.47,1508.0
2025-01-07 03:10:00,70.04,10.19,0.0234,4.55,1515.0
2025-01-07 03:11:00,69.52,9.78,0.0281,4.49,1522.0
2025-01-07 03:12:00,69.88,10.16,0.0204,4.49,1471.0
2025-01-07 03:13:00,70.36,9.79,0.0246,4.45,1511.0
2025-01-07 03:14:00,69.8,9.91,0.0231,4.46,1499.0
2025-01-07 03:15:00,70.12,9.84,0.0223,4.41,1484.0
2025-01-07 03:16:00,69.62,10.02,0.023,4.56,1481.0
2025-01-07 03:17:00,70.32,10.24,0.0262,4.47,1506.0
2025-01-07 03:18:00,69.46,9.83,0.0271,4.51,1519.0
2025-01-07 03:19:00,70.05,9.91,0.0215,4.46,1477.0
2025-01-07 03:20:00,69.86,9.83,0.0253,4.48,1485.0
2025-01-07 03:21:00,69.72,10.3,0.0245,4.48,1497.0
2025-01-07 03:22:00,70.07,10.03,0.0245,4.52,1525.0
2025-01-07 03:23:00,69.96,10.14,0.0223,4.52,1505.0
2025-01-07 03:24:00,69.87,10.24,0.0203,4.48,1507.0
2025-01-07 03:25:00,70.47,9.68,0.0343,4.55,1473.0
2025-01-07 03:26:00,70.17,9.98,0.0256,4.53,1459.0
2025-01-07 03:27:00,70.08,9.73,0.0222,4.54,1498.0
2025-01-07 03:28:00,69.68,9.93,0.0261,4.48,1515.0
2025-01-07 03:29:00,69.32,9.67,0.0224,4.51,1498.0
2025-01-07 03:30:00,70.22,9.89,0.0292,4.53,1490.0
2025-01-07 03:31:00,69.82,9.94,0.0269,4.53,1513.0
2025-01-07 03:32:00,70.25,10.0,0.0216,4.39,1508.0
2025-01-07 03:33:00,70.14,9.87,0.024,4.55,1499.0
2025-01-07 03:34:00,70.01,9.84,0.0311,4.54,1490.0
2025-01-07 03:35:00,69.97,9.75,0.0302,4.57,1511.0
2025-01-07 03:36:00,69.84,9.71,0.024,4.47,1523.0
2025-01-07 03:37:00,69.96,10.07,0.0247,4.5,1508.0
2025-01-07 03:38:00,69.89,10.03,0.0277,4.48,1514.0
2025-01-07 03:39:00,70.33,9.99,0.0255,4.55,1503.0
2025-01-07 03:40:00,69.82,9.83,0.0193,4.49,1489.0
2025-01-07 03:41:00,70.31,10.07,0.0235,4.42,1499.0
2025-01-07 03:42:00,69.87,10.18,0.0257,4.45,1478.0
2025-01-07 03:43:00,69.78,10.05,0.0276,4.52,1488.0
2025-01-07 03:44:00,70.1,9.64,0.021,4.53,1508.0
2025-01-07 03:45:00,70.17,10.62,0.0306,4.45,1496.0
2025-01-07 03:46:00,70.41,10.09,0.0279,4.48,1506.0
2025-01-07 03:47:00,69.9,10.13,0.019,4.52,1504.0
2025-01-07 03:48:00,70.24,10.01,0.0264,4.52,1504.0
2025-01-07 03:49:00,70.07,10.24,0.0252,4.5,1506.0
2025-01-07 03:50:00,70.54,9.79,0.0224,4.44,1520.0
2025-01-07 03:51:00,69.76,10.31,0.0271,3.42,1204.0
2025-01-07 03:52:00,70.15,9.82,0.0205,4.48,1505.0
2025-01-07 03:53:00,70.07,10.04,0.0268,4.52,1506.0
2025-01-07 03:54:00,69.92,10.15,0.0237,4.53,1495.0
2025-01-07 03:55:00,69.96,9.81,0.021,4.52,1514.0
2025-01-07 03:56:00,70.03,10.01,0.0251,4.46,1532.0
2025-01-07 03:57:00,70.01,10.27,0.0208,4.52,1500.0
2025-01-07 03:58:00,69.85,10.17,0.0301,4.49,1489.0
2025-01-07 03:59:00,70.15,10.3,0.028,4.56,1488.0
2025-01-07 04:00:00,69.49,9.93,0.0222,4.57,1505.0
2025-01-07 04:01:00,70.69,10.03,0.02,4.55,1489.0
2025-01-07 04:02:00,70.29,10.05,0.019,4.47,1499.0
2025-01-07 04:03:00,70.06,10.11,0.0217,4.46,1521.0
2025-01-07 04:04:00,69.87,10.05,0.022,4.52,1507.0
2025-01-07 04:05:00,69.45,10.07,0.022,4.51,1495.0
2025-01-07 04:06:00,70.29,10.11,0.0241,4.48,1521.0
2025-01-07 04:07:00,69.9,10.33,0.0213,4.49,1486.0
2025-01-07 04:08:00,69.83,10.28,0.0223,4.54,1508.0
2025-01-07 04:09:00,69.97,10.13,0.0267,4.48,1515.0
2025-01-07 04:10:00,69.97,9.87,0.0211,4.44,1502.0
2025-01-07 04:11:00,69.72,9.94,0.0279,4.5,1483.0
2025-01-07 04:12:00,69.89,9.94,0.0237,4.52,1512.0
2025-01-07 04:13:00,69.55,9.77,0.027,4.54,1493.0
2025-01-07 04:14:00,70.25,9.77,0.0262,4.56,1493.0
2025-01-07 04:15:00,70.17,10.1,0.0253,4.46,1508.0
2025-01-07 04:16:00,70.14,9.78,0.0315,4.61,1474.0
2025-01-07 04:17:00,70.08,9.81,0.0285,4.41,1496.0
2025-01-07 04:18:00,69.97,9.94,0.0289,4.63,1493.0
2025-01-07 04:19:00,69.84,9.87,0.0286,4.46,1490.0
2025-01-07 04:20:00,69.83,10.16,0.0268,4.51,1496.0
2025-01-07 04:21:00,68.94,10.06,0.0255,4.56,1493.0
2025-01-07 04:22:00,70.13,9.99,0.0258,4.44,1493.0
2025-01-07 04:23:00,69.71,10.14,0.0236,4.47,1485.0
2025-01-07 04:24:00,70.32,9.46,0.0235,4.55,1518.0
2025-01-07 04:25:00,69.92,9.86,0.0272,4.49,1501.0
2025-01-07 04:26:00,69.97,10.09,0.0248,4.49,1507.0
2025-01-07 04:27:00,70.16,10.1,0.0193,4.48,1509.0
2025-01-07 04:28:00,69.66,10.25,0.0254,4.48,1525.0
2025-01-07 04:29:00,69.98,9.94,0.0246,4.45,1529.0
2025-01-07 04:30:00,69.83,10.07,0.0221,4.47,1518.0
2025-01-07 04:31:00,70.23,10.12,0.0285,4.57,1500.0
2025-01-07 04:32:00,70.0,9.86,0.0224,4.53,1508.0
2025-01-07 04:33:00,70.31,10.14,0.0224,4.43,1500.0
2025-01-07 04:34:00,69.73,10.02,0.0236,4.42,1507.0
2025-01-07 04:35:00,70.04,10.09,0.0251,4.51,1508.0
2025-01-07 04:36:00,70.11,9.96,0.0278,4.49,1482.0
2025-01-07 04:37:00,75.19,9.9,0.3273,4.49,1517.0
2025-01-07 04:38:00,69.85,9.74,0.0178,4.49,1484.0
2025-01-07 04:39:00,70.32,10.02,0.0234,4.44,1510.0
2025-01-07 04:40:00,70.09,9.94,0.017,4.58,1506.0
2025-01-07 04:41:00,69.89,10.15,0.0273,4.62,1473.0
2025-01-07 04:42:00,69.9,9.94,0.0253,4.57,1485.0
2025-01-07 04:43:00,69.83,9.75,0.0232,4.47,1497.0
2025-01-07 04:44:00,70.11,9.95,0.0247,4.45,1508.0
2025-01-07 04:45:00,70.73,9.71,0.0249,4.51,1492.0
2025-01-07 04:46:00,70.76,9.64,0.029,4.51,1501.0
2025-01-07 04:47:00,69.96,10.27,0.0272,4.44,1509.0
2025-01-07 04:48:00,70.6,9.88,0.027,4.5,1483.0
2025-01-07 04:49:00,70.49,10.02,0.0225,4.47,1490.0
2025-01-07 04:50:00,69.83,10.13,0.0214,4.54,1479.0
2025-01-07 04:51:00,69.49,10.03,0.0214,4.47,1490.0
2025-01-07 04:52:00,69.81,10.06,0.026,4.46,1512.0
2025-01-07 04:53:00,85.26,13.05,0.2235,4.53,1496.0
2025-01-07 04:54:00,70.59,10.18,0.0227,4.6,1498.0
2025-01-07 04:55:00,75.03,9.75,0.3274,4.45,1524.0
2025-01-07 04:56:00,70.14,10.06,0.0232,4.44,1466.0
2025-01-07 04:57:00,69.34,10.29,0.0252,4.44,1500.0
2025-01-07 04:58:00,69.94,9.77,0.0244,4.56,1491.0
2025-01-07 04:59:00,69.6,9.88,0.028,4.5,1535.0
2025-01-07 05:00:00,69.39,9.88,0.0268,4.49,1516.0
2025-01-07 05:01:00,70.59,9.93,0.0223,4.55,1527.0
2025-01-07 05:02:00,70.01,10.06,0.0228,4.54,1516.0
2025-01-07 05:03:00,69.82,9.86,0.0253,4.38,1500.0
2025-01-07 05:04:00,70.7,9.65,0.024,4.48,1498.0
2025-01-07 05:05:00,70.27,10.19,0.0201,4.43,1503.0
2025-01-07 05:06:00,70.09,10.08,0.0238,4.6,1479.0
2025-01-07 05:07:00,70.6,10.21,0.0204,4.47,1507.0
2025-01-07 05:08:00,69.83,9.94,0.0259,4.41,1469.0
2025-01-07 05:09:00,69.99,10.01,0.0248,4.56,1495.0
2025-01-07 05:10:00,69.6,9.74,0.0203,4.51,1496.0
2025-01-07 05:11:00,69.66,9.58,0.028,4.52,1530.0
2025-01-07 05:12:00,70.03,10.13,0.0184,4.58,1499.0
2025-01-07 05:13:00,70.05,10.22,0.0244,4.57,1479.0
2025-01-07 05:14:00,69.5,10.0,0.0264,4.54,1496.0
2025-01-07 05:15:00,69.86,9.97,0.0257,4.57,1500.0
2025-01-07 05:16:00,70.01,9.94,0.0247,4.48,1525.0
2025-01-07 05:17:00,70.01,10.09,0.029,4.57,1505.0
2025-01-07 05:18:00,70.4,10.15,0.0306,4.46,1507.0
2025-01-07 05:19:00,69.98,10.05,0.0212,4.56,1498.0
2025-01-07 05:20:00,69.76,9.95,0.0245,4.64,1502.0
2025-01-07 05:21:00,75.08,9.91,0.3217,4.42,1502.0
2025-01-07 05:22:00,69.54,10.25,0.0249,4.5,1502.0
2025-01-07 05:23:00,70.03,10.09,0.0201,4.54,1487.0
2025-01-07 05:24:00,70.14,10.12,0.0287,4.5,1501.0
2025-01-07 05:25:00,70.42,9.69,0.0209,4.46,1497.0
2025-01-07 05:26:00,70.05,9.65,0.0255,4.45,1511.0
2025-01-07 05:27:00,69.67,9.89,0.0205,4.48,1505.0
2025-01-07 05:28:00,69.78,9.77,0.0248,4.51,1476.0
2025-01-07 05:29:00,69.8,9.86,0.0233,4.46,1505.0
2025-01-07 05:30:00,69.67,9.95,0.0198,4.57,1491.0
2025-01-07 05:31:00,69.84,9.96,0.0273,4.57,1484.0
2025-01-07 05:32:00,69.65,9.94,0.0267,4.57,1514.0
2025-01-07 05:33:00,70.27,10.26,0.0251,4.43,1502.0
2025-01-07 05:34:00,69.69,9.84,0.025,4.54,1486.0
2025-01-07 05:35:00,69.91,9.79,0.0241,4.49,1488.0
2025-01-07 05:36:00,69.9,9.9,0.0233,4.54,1503.0
2025-01-07 05:37:00,70.63,9.88,0.0247,4.49,1506.0
2025-01-07 05:38:00,69.61,9.82,0.0218,4.47,1511.0
2025-01-07 05:39:00,69.7,10.04,0.025,4.47,1505.0
2025-01-07 05:40:00,69.62,9.84,0.026,4.46,1513.0
2025-01-07 05:41:00,70.06,9.9,0.0192,4.42,1489.0
2025-01-07 05:42:00,69.68,10.35,0.026,4.47,1487.0
2025-01-07 05:43:00,70.09,10.02,0.0284,4.61,1496.0
2025-01-07 05:44:00,69.9,9.92,0.0227,4.54,1486.0
2025-01-07 05:45:00,70.33,10.21,0.0236,4.39,1511.0
2025-01-07 05:46:00,70.4,10.39,0.0268,4.52,1506.0
2025-01-07 05:47:00,69.63,10.13,0.0231,4.52,1500.0
2025-01-07 05:48:00,70.29,10.12,0.0284,4.53,1501.0
2025-01-07 05:49:00,69.64,10.0,0.0225,4.54,1504.0
2025-01-07 05:50:00,70.2,9.63,0.0246,3.5,1226.0
2025-01-07 05:51:00,69.86,9.91,0.0264,4.48,1503.0
2025-01-07 05:52:00,70.09,9.76,0.0265,4.46,1510.0
2025-01-07 05:53:00,69.94,9.55,0.03,4.56,1483.0
2025-01-07 05:54:00,70.33,10.02,0.0281,4.45,1490.0
2025-01-07 05:55:00,70.33,9.98,0.0268,4.46,1503.0
2025-01-07 05:56:00,69.98,10.04,0.0254,4.43,1493.0
2025-01-07 05:57:00,70.21,9.44,0.0219,4.47,1499.0
2025-01-07 05:58:00,69.79,9.92,0.0258,4.53,1493.0
2025-01-07 05:59:00,70.66,10.32,0.0211,4.54,1505.0
2025-01-07 06:00:00,75.16,12.13,0.0457,4.73,1764.0
2025-01-07 06:01:00,75.21,12.23,0.0387,4.74,1745.0
2025-01-07 06:02:00,75.0,12.11,0.0468,4.77,1772.0
2025-01-07 06:03:00,75.28,11.86,0.0426,4.77,1739.0
2025-01-07 06:04:00,74.64,11.99,0.0458,4.87,1741.0
2025-01-07 06:05:00,75.2,11.79,0.0449,4.81,1734.0
2025-01-07 06:06:00,74.89,12.08,0.0463,4.76,1739.0
2025-01-07 06:07:00,74.86,12.1,0.0418,4.83,1796.0
2025-01-07 06:08:00,74.87,12.06,0.0449,4.85,1745.0
2025-01-07 06:09:00,75.0,11.97,0.0441,4.85,1738.0
2025-01-07 06:10:00,74.74,12.12,0.0479,4.8,1744.0
2025-01-07 06:11:00,74.87,12.13,0.0474,4.86,1758.0
2025-01-07 06:12:00,74.88,11.89,0.0461,4.83,1743.0
2025-01-07 06:13:00,75.15,11.85,0.0456,4.81,1748.0
2025-01-07 06:14:00,74.51,12.06,0.0466,4.86,1759.0
2025-01-07 06:15:00,75.1,11.96,0.044,4.82,1762.0
2025-01-07 06:16:00,75.43,11.89,0.0423,4.72,1757.0
2025-01-07 06:17:00,74.91,12.14,0.0423,4.82,1752.0
2025-01-07 06:18:00,74.95,12.14,0.0471,4.85,1729.0
2025-01-07 06:19:00,74.99,11.87,0.0469,4.77,1779.0
2025-01-07 06:20:00,74.94,12.01,0.0477,4.79,1735.0
2025-01-07 06:21:00,74.94,11.73,0.0447,4.78,1767.0
2025-01-07 06:22:00,74.64,12.08,0.0423,4.74,1751.0
2025-01-07 06:23:00,75.05,11.9,0.0513,4.78,1747.0
2025-01-07 06:24:00,74.51,11.93,0.0457,4.78,1725.0
2025-01-07 06:25:00,75.37,11.99,0.0424,4.75,1765.0
2025-01-07 06:26:00,75.21,11.83,0.0438,4.79,1717.0
2025-01-07 06:27:00,75.04,11.93,0.0419,4.85,1749.0
2025-01-07 06:28:00,74.71,11.98,0.0417,4.81,1726.0
2025-01-07 06:29:00,74.89,11.71,0.0446,4.86,1758.0
2025-01-07 06:30:00,74.68,11.73,0.0466,4.77,1752.0
2025-01-07 06:31:00,75.5,12.14,0.0428,4.76,1716.0
2025-01-07 06:32:00,74.85,11.84,0.0449,4.8,1784.0
2025-01-07 06:33:00,74.97,11.77,0.0423,4.76,1745.0
2025-01-07 06:34:00,75.32,12.16,0.0427,4.79,1767.0
2025-01-07 06:35:00,75.34,11.75,0.0483,4.76,1746.0
2025-01-07 06:36:00,75.39,12.11,0.0422,4.87,1718.0
2025-01-07 06:37:00,75.03,12.37,0.041,4.79,1742.0
2025-01-07 06:38:00,75.23,12.15,0.043,4.77,1742.0
2025-01-07 06:39:00,75.48,12.02,0.049,4.8,1741.0
2025-01-07 06:40:00,75.07,11.97,0.0421,4.85,1781.0
2025-01-07 06:41:00,75.3,11.93,0.0519,4.79,1762.0
2025-01-07 06:42:00,74.65,12.03,0.0424,4.8,1745.0
2025-01-07 06:43:00,74.74,12.16,0.0464,4.81,1767.0
2025-01-07 06:44:00,75.28,11.81,0.0414,4.82,1739.0
2025-01-07 06:45:00,74.76,11.94,0.0392,4.82,1725.0
2025-01-07 06:46:00,75.15,11.87,0.0409,4.84,1740.0
2025-01-07 06:47:00,75.06,12.4,0.0487,4.74,1759.0
2025-01-07 06:48:00,74.64,11.76,0.0445,4.75,1755.0
2025-01-07 06:49:00,74.83,11.44,0.0448,4.76,1760.0
2025-01-07 06:50:00,75.34,12.15,0.0468,4.8,1761.0
2025-01-07 06:51:00,75.4,11.92,0.0438,4.84,1741.0
2025-01-07 06:52:00,74.81,12.53,0.039,4.77,1746.0
2025-01-07 06:53:00,74.82,11.81,0.0368,4.79,1746.0
2025-01-07 06:54:00,75.28,12.3,0.0428,4.77,1745.0
2025-01-07 06:55:00,74.91,11.78,0.0458,4.86,1750.0
2025-01-07 06:56:00,75.04,12.19,0.044,4.82,1739.0
2025-01-07 06:57:00,74.85,11.76,0.0406,4.74,1768.0
2025-01-07 06:58:00,75.08,11.89,0.0435,4.8,1770.0
2025-01-07 06:59:00,75.02,12.18,0.0442,4.79,1748.0
2025-01-07 07:00:00,75.01,11.8,0.0485,4.82,1766.0
2025-01-07 07:01:00,74.86,11.8,0.041,4.82,1746.0
2025-01-07 07:02:00,74.86,11.7,0.0482,4.83,1737.0
2025-01-07 07:03:00,74.59,12.0,0.0469,4.81,1750.0
2025-01-07 07:04:00,75.54,12.12,0.0481,4.81,1775.0
2025-01-07 07:05:00,75.2,11.83,0.0469,4.83,1756.0
2025-01-07 07:06:00,74.85,11.98,0.0435,4.75,1752.0
2025-01-07 07:07:00,75.1,12.05,0.0497,4.77,1771.0
2025-01-07 07:08:00,74.8,11.93,0.0468,4.78,1750.0
2025-01-07 07:09:00,74.71,11.95,0.0473,4.82,1757.0
2025-01-07 07:10:00,75.27,12.12,0.0419,4.76,1758.0
2025-01-07 07:11:00,75.02,11.9,0.0433,4.72,1746.0
2025-01-07 07:12:00,74.37,11.69,0.0481,4.87,1747.0
2025-01-07 07:13:00,75.1,11.86,0.0459,4.77,1778.0
2025-01-07 07:14:00,75.12,12.38,0.0416,4.81,1747.0
2025-01-07 07:15:00,74.98,11.95,0.0436,4.74,1747.0
2025-01-07 07:16:00,74.55,12.03,0.0464,4.84,1740.0
2025-01-07 07:17:00,74.95,12.07,0.0431,4.82,1757.0
2025-01-07 07:18:00,75.04,12.1,0.0434,4.82,1776.0
2025-01-07 07:19:00,75.15,11.97,0.0473,4.79,1743.0
2025-01-07 07:20:00,74.82,12.38,0.048,4.7,1742.0
2025-01-07 07:21:00,75.05,12.25,0.0443,4.8,1756.0
2025-01-07 07:22:00,74.57,11.56,0.0467,4.74,1765.0
2025-01-07 07:23:00,74.57,11.89,0.0503,4.84,1757.0
2025-01-07 07:24:00,75.24,12.18,0.0473,4.85,1754.0
2025-01-07 07:25:00,75.66,12.55,0.0467,4.78,1763.0
2025-01-07 07:26:00,75.2,12.13,0.0448,4.84,1758.0
2025-01-07 07:27:00,74.96,12.32,0.0441,4.8,1770.0
2025-01-07 07:28:00,75.26,12.02,0.0466,4.84,1735.0
2025-01-07 07:29:00,74.76,11.75,0.0457,4.78,1752.0
2025-01-07 07:30:00,75.47,12.03,0.0391,4.82,1745.0
2025-01-07 07:31:00,75.33,12.04,0.0454,3.78,1472.0
2025-01-07 07:32:00,74.84,12.16,0.0416,4.85,1781.0
2025-01-07 07:33:00,74.83,12.05,0.0467,4.79,1741.0
2025-01-07 07:34:00,75.02,11.94,0.0407,4.85,1763.0
2025-01-07 07:35:00,74.69,12.23,0.0443,4.85,1767.0
2025-01-07 07:36:00,75.24,11.91,0.0421,4.8,1753.0
2025-01-07 07:37:00,75.25,12.02,0.0483,4.77,1734.0
2025-01-07 07:38:00,74.77,12.06,0.048,4.84,1759.0
2025-01-07 07:39:00,75.08,12.08,0.0394,4.83,1764.0
2025-01-07 07:40:00,74.88,11.67,0.046,4.82,1758.0
2025-01-07 07:41:00,75.5,12.07,0.0423,4.79,1728.0
2025-01-07 07:42:00,75.08,11.86,0.0458,4.77,1762.0
2025-01-07 07:43:00,74.48,12.14,0.0415,4.69,1747.0
2025-01-07 07:44:00,75.01,12.02,0.0433,4.78,1747.0
2025-01-07 07:45:00,75.13,12.13,0.0449,4.78,1707.0
2025-01-07 07:46:00,75.48,12.32,0.0397,4.8,1739.0
2025-01-07 07:47:00,75.34,12.09,0.0507,4.76,1748.0
2025-01-07 07:48:00,74.34,12.06,0.0394,4.79,1732.0
2025-01-07 07:49:00,75.07,11.6,0.0457,4.78,1750.0
2025-01-07 07:50:00,75.12,11.94,0.0461,4.85,1767.0
2025-01-07 07:51:00,74.7,12.17,0.0485,4.86,1741.0
2025-01-07 07:52:00,75.13,11.95,0.0537,4.79,1758.0
2025-01-07 07:53:00,75.23,11.56,0.0522,4.83,1769.0
2025-01-07 07:54:00,75.15,11.99,0.0476,4.79,1752.0
2025-01-07 07:55:00,75.14,12.13,0.0452,4.75,1725.0
2025-01-07 07:56:00,74.58,12.07,0.0439,4.86,1758.0
2025-01-07 07:57:00,74.71,12.05,0.0379,4.79,1741.0
2025-01-07 07:58:00,75.41,11.8,0.0427,4.82,1730.0
2025-01-07 07:59:00,74.9,11.76,0.0488,4.84,1744.0
2025-01-07 08:00:00,75.17,12.14,0.0494,4.85,1749.0
2025-01-07 08:01:00,74.98,12.1,0.0441,4.86,1767.0
2025-01-07 08:02:00,75.01,11.74,0.0438,4.82,1724.0
2025-01-07 08:03:00,74.62,12.25,0.0468,4.83,1766.0
2025-01-07 08:04:00,74.97,11.6,0.0451,4.81,1766.0
2025-01-07 08:05:00,74.76,12.16,0.0462,4.79,1771.0
2025-01-07 08:06:00,74.76,12.32,0.0499,4.84,1774.0
2025-01-07 08:07:00,75.22,11.89,0.0452,4.85,1752.0
2025-01-07 08:08:00,74.71,11.99,0.0468,4.81,1727.0
2025-01-07 08:09:00,74.79,12.37,0.0474,4.79,1755.0
2025-01-07 08:10:00,75.22,12.06,0.0461,4.91,1722.0
2025-01-07 08:11:00,75.15,11.95,0.0446,4.82,1742.0
2025-01-07 08:12:00,74.85,12.16,0.0492,4.77,1764.0
2025-01-07 08:13:00,74.72,11.8,0.0423,4.85,1724.0
2025-01-07 08:14:00,75.2,11.93,0.0489,4.79,1751.0
2025-01-07 08:15:00,74.47,12.23,0.0449,4.85,1766.0
2025-01-07 08:16:00,74.82,12.12,0.0449,4.83,1772.0
2025-01-07 08:17:00,75.18,11.75,0.047,4.82,1725.0
2025-01-07 08:18:00,74.58,11.86,0.0449,4.76,1750.0
2025-01-07 08:19:00,74.62,11.99,0.0411,4.79,1730.0
2025-01-07 08:20:00,74.85,11.98,0.0443,4.87,1747.0
2025-01-07 08:21:00,75.02,11.9,0.0416,4.75,1744.0
2025-01-07 08:22:00,74.5,12.48,0.0427,4.84,1754.0
2025-01-07 08:23:00,75.54,11.98,0.041,4.74,1762.0
2025-01-07 08:24:00,75.05,11.95,0.0439,4.82,1774.0
2025-01-07 08:25:00,75.19,12.05,0.0425,4.79,1773.0
2025-01-07 08:26:00,74.16,11.99,0.0419,4.89,1732.0
2025-01-07 08:27:00,75.11,11.98,0.0457,4.91,1776.0
2025-01-07 08:28:00,75.33,12.07,0.0446,4.8,1757.0
2025-01-07 08:29:00,75.5,12.11,0.0452,4.83,1738.0
2025-01-07 08:30:00,74.87,12.01,0.0477,4.88,1743.0
2025-01-07 08:31:00,75.1,12.16,0.0506,4.78,1733.0
2025-01-07 08:32:00,75.45,11.68,0.0456,4.79,1759.0
2025-01-07 08:33:00,74.76,12.39,0.042,4.78,1742.0
2025-01-07 08:34:00,75.08,12.09,0.0415,4.81,1737.0
2025-01-07 08:35:00,75.08,12.23,0.0455,4.86,1746.0
2025-01-07 08:36:00,74.95,11.63,0.0505,4.71,1723.0
2025-01-07 08:37:00,75.87,12.08,0.0457,4.76,1760.0
2025-01-07 08:38:00,75.31,11.53,0.0437,4.79,1761.0
2025-01-07 08:39:00,75.6,11.71,0.0469,4.79,1757.0
2025-01-07 08:40:00,74.92,11.57,0.0459,4.81,1766.0
2025-01-07 08:41:00,74.99,12.43,0.0455,4.82,1764.0
2025-01-07 08:42:00,74.65,11.99,0.0465,4.74,1748.0
2025-01-07 08:43:00,74.67,11.83,0.0468,4.79,1761.0
2025-01-07 08:44:00,74.81,11.87,0.0448,4.75,1739.0
2025-01-07 08:45:00,74.97,12.19,0.0526,4.81,1763.0
2025-01-07 08:46:00,75.16,12.2,0.0449,4.81,1739.0
2025-01-07 08:47:00,75.24,12.22,0.0428,4.85,1731.0
2025-01-07 08:48:00,75.54,12.01,0.0457,4.74,1746.0
2025-01-07 08:49:00,74.82,12.05,0.0466,4.8,1735.0
2025-01-07 08:50:00,74.63,11.82,0.0445,4.84,1753.0
2025-01-07 08:51:00,75.22,12.11,0.0483,4.71,1744.0
2025-01-07 08:52:00,75.11,11.85,0.0399,4.79,1763.0
2025-01-07 08:53:00,79.92,12.11,0.3457,4.76,1733.0
2025-01-07 08:54:00,75.38,11.94,0.0451,4.8,1766.0
2025-01-07 08:55:00,75.18,11.82,0.0483,4.79,1730.0
2025-01-07 08:56:00,74.98,11.84,0.0441,4.75,1743.0
2025-01-07 08:57:00,75.2,11.68,0.0447,4.79,1742.0
2025-01-07 08:58:00,75.25,11.95,0.0467,4.78,1754.0
2025-01-07 08:59:00,74.96,11.76,0.0447,4.81,1731.0
2025-01-07 09:00:00,75.14,12.02,0.049,4.79,1745.0
2025-01-07 09:01:00,75.14,11.73,0.0483,4.78,1740.0
2025-01-07 09:02:00,75.09,11.95,0.0422,4.78,1726.0
2025-01-07 09:03:00,75.3,11.93,0.0455,4.8,1754.0
2025-01-07 09:04:00,75.34,11.85,0.0431,4.85,1747.0
2025-01-07 09:05:00,74.74,11.76,0.0459,4.8,1759.0
2025-01-07 09:06:00,74.86,11.67,0.0413,4.81,1756.0
2025-01-07 09:07:00,75.28,12.04,0.0411,4.75,1742.0
2025-01-07 09:08:00,74.72,11.73,0.0468,4.77,1738.0
2025-01-07 09:09:00,75.15,12.07,0.0476,4.81,1735.0
2025-01-07 09:10:00,75.23,11.94,0.0466,4.79,1744.0
2025-01-07 09:11:00,74.92,11.96,0.0417,4.87,1748.0
2025-01-07 09:12:00,75.05,12.16,0.048,4.75,1747.0
2025-01-07 09:13:00,75.01,12.08,0.043,4.85,1754.0
2025-01-07 09:14:00,74.83,11.8,0.0452,4.74,1735.0
2025-01-07 09:15:00,75.81,12.04,0.0478,4.76,1749.0
2025-01-07 09:16:00,74.77,12.12,0.0483,4.91,1752.0
2025-01-07 09:17:00,75.37,12.34,0.0459,4.76,1737.0
2025-01-07 09:18:00,74.95,12.14,0.0478,4.78,1734.0
2025-01-07 09:19:00,75.26,11.66,0.0477,4.87,1761.0
2025-01-07 09:20:00,75.05,12.09,0.0435,4.8,1732.0
2025-01-07 09:21:00,74.78,12.08,0.0453,4.81,1753.0
2025-01-07 09:22:00,74.83,11.98,0.039,4.78,1753.0
2025-01-07 09:23:00,75.42,12.31,0.0492,4.78,1741.0
2025-01-07 09:24:00,75.06,11.88,0.0437,4.68,1754.0
2025-01-07 09:25:00,74.73,12.18,0.0493,4.78,1759.0
2025-01-07 09:26:00,75.24,12.25,0.0428,4.84,1725.0
2025-01-07 09:27:00,75.15,11.77,0.0459,4.74,1757.0
2025-01-07 09:28:00,74.83,11.94,0.0454,4.83,1771.0
2025-01-07 09:29:00,74.87,11.85,0.0457,4.93,1767.0
2025-01-07 09:30:00,75.07,11.96,0.0416,4.8,1719.0
2025-01-07 09:31:00,74.9,11.93,0.0487,4.79,1741.0
2025-01-07 09:32:00,75.13,12.14,0.0458,4.76,1751.0
2025-01-07 09:33:00,74.74,11.83,0.0455,4.79,1746.0
2025-01-07 09:34:00,75.45,11.97,0.0456,4.8,1762.0
2025-01-07 09:35:00,74.79,11.72,0.0467,4.79,1744.0
2025-01-07 09:36:00,74.87,12.03,0.047,4.73,1742.0
2025-01-07 09:37:00,74.72,11.97,0.0481,4.8,1752.0
2025-01-07 09:38:00,75.51,12.11,0.0408,4.8,1758.0
2025-01-07 09:39:00,74.88,12.19,0.0423,4.77,1753.0
2025-01-07 09:40:00,74.7,12.04,0.0432,4.82,1744.0
2025-01-07 09:41:00,75.38,12.07,0.048,4.79,1721.0
2025-01-07 09:42:00,75.03,12.02,0.0482,4.77,1732.0
2025-01-07 09:43:00,74.53,11.98,0.042,4.74,1742.0
2025-01-07 09:44:00,74.86,12.1,0.0462,4.76,1752.0
2025-01-07 09:45:00,74.56,12.05,0.0456,4.86,1742.0
2025-01-07 09:46:00,75.3,12.28,0.0417,4.86,1743.0
2025-01-07 09:47:00,75.34,11.9,0.0398,4.73,1732.0
2025-01-07 09:48:00,74.77,12.05,0.0494,4.89,1734.0
2025-01-07 09:49:00,75.21,11.79,0.0424,4.82,1735.0
2025-01-07 09:50:00,74.82,11.88,0.0432,4.84,1737.0
2025-01-07 09:51:00,74.68,12.35,0.0454,4.79,1737.0
2025-01-07 09:52:00,74.86,12.14,0.0496,4.86,1740.0
2025-01-07 09:53:00,74.54,11.96,0.0388,4.72,1751.0
2025-01-07 09:54:00,75.11,11.54,0.0445,4.78,1755.0
2025-01-07 09:55:00,75.13,12.06,0.0435,4.78,1755.0
2025-01-07 09:56:00,75.17,11.96,0.046,4.91,1723.0
2025-01-07 09:57:00,74.82,12.01,0.0483,4.76,1743.0
2025-01-07 09:58:00,75.29,11.92,0.043,4.86,1738.0
2025-01-07 09:59:00,74.94,11.83,0.0497,4.74,1758.0
2025-01-07 10:00:00,75.03,11.67,0.0439,4.79,1749.0
2025-01-07 10:01:00,74.69,12.13,0.0473,4.79,1748.0
2025-01-07 10:02:00,75.25,12.24,0.0472,4.75,1746.0
2025-01-07 10:03:00,74.63,11.73,0.0448,4.71,1731.0
2025-01-07 10:04:00,74.99,11.85,0.0437,4.84,1741.0
2025-01-07 10:05:00,74.49,12.1,0.0486,4.74,1746.0
2025-01-07 10:06:00,75.41,11.9,0.0444,4.78,1747.0
2025-01-07 10:07:00,75.31,11.92,0.0463,4.84,1752.0
2025-01-07 10:08:00,75.78,12.17,0.0456,4.83,1745.0
2025-01-07 10:09:00,75.06,11.99,0.044,4.79,1751.0
2025-01-07 10:10:00,75.28,12.3,0.0448,4.79,1753.0
2025-01-07 10:11:00,74.29,11.95,0.0397,4.79,1733.0
2025-01-07 10:12:00,75.61,12.0,0.0492,4.8,1766.0
2025-01-07 10:13:00,74.56,11.96,0.0455,4.75,1741.0
2025-01-07 10:14:00,74.69,12.18,0.0482,4.83,1698.0
2025-01-07 10:15:00,75.13,12.33,0.0421,4.77,1750.0
2025-01-07 10:16:00,75.03,11.5,0.0413,4.78,1763.0
2025-01-07 10:17:00,74.71,11.94,0.0423,4.84,1742.0
2025-01-07 10:18:00,75.2,12.02,0.0439,4.89,1758.0
2025-01-07 10:19:00,75.06,11.82,0.0474,4.82,1768.0
2025-01-07 10:20:00,74.95,12.06,0.0492,4.86,1743.0
2025-01-07 10:21:00,74.87,11.82,0.0423,4.78,1771.0
2025-01-07 10:22:00,75.41,11.95,0.0413,4.8,1743.0
2025-01-07 10:23:00,75.47,11.82,0.041,4.81,1749.0
2025-01-07 10:24:00,74.78,11.74,0.0518,4.76,1734.0
2025-01-07 10:25:00,74.38,11.97,0.0502,4.74,1756.0
2025-01-07 10:26:00,75.26,12.05,0.0465,4.76,1762.0
2025-01-07 10:27:00,74.91,11.86,0.0439,4.76,1768.0
2025-01-07 10:28:00,75.38,12.27,0.0411,4.78,1744.0
2025-01-07 10:29:00,74.87,11.98,0.0481,4.73,1732.0
2025-01-07 10:30:00,74.88,11.93,0.0479,4.85,1763.0
2025-01-07 10:31:00,74.89,12.03,0.0395,4.69,1753.0
2025-01-07 10:32:00,74.76,11.95,0.0438,4.79,1757.0
2025-01-07 10:33:00,74.45,11.59,0.0472,4.89,1775.0
2025-01-07 10:34:00,74.58,11.53,0.0448,4.83,1735.0
2025-01-07 10:35:00,74.73,11.64,0.0435,4.79,1776.0
2025-01-07 10:36:00,75.68,11.75,0.0452,4.8,1736.0
2025-01-07 10:37:00,74.99,12.01,0.0421,4.8,1758.0
2025-01-07 10:38:00,74.99,11.47,0.0472,4.79,1755.0
2025-01-07 10:39:00,74.98,11.87,0.0471,4.81,1747.0
2025-01-07 10:40:00,75.23,11.81,0.0442,4.77,1723.0
2025-01-07 10:41:00,75.39,11.92,0.0406,4.85,1744.0
2025-01-07 10:42:00,74.75,12.02,0.0459,4.71,1741.0
2025-01-07 10:43:00,74.75,12.03,0.0464,4.85,1714.0
2025-01-07 10:44:00,75.09,11.55,0.046,4.68,1762.0
2025-01-07 10:45:00,75.17,11.49,0.046,4.77,1743.0
2025-01-07 10:46:00,74.52,12.06,0.0441,4.76,1755.0
2025-01-07 10:47:00,75.02,12.14,0.0414,4.78,1741.0
2025-01-07 10:48:00,74.97,11.86,0.0431,4.77,1742.0
2025-01-07 10:49:00,75.47,11.77,0.0422,4.81,1771.0
2025-01-07 10:50:00,74.92,11.79,0.049,4.81,1766.0
2025-01-07 10:51:00,75.84,11.97,0.0414,4.86,1731.0
2025-01-07 10:52:00,75.0,12.1,0.0464,4.79,1751.0
2025-01-07 10:53:00,74.57,12.38,0.0409,4.75,1756.0
2025-01-07 10:54:00,75.52,12.33,0.0469,4.8,1749.0
2025-01-07 10:55:00,75.15,11.95,0.0458,4.84,1756.0
2025-01-07 10:56:00,75.14,12.35,0.0428,4.79,1742.0
2025-01-07 10:57:00,74.85,12.03,0.043,4.86,1744.0
2025-01-07 10:58:00,75.59,11.97,0.0462,4.79,1756.0
2025-01-07 10:59:00,75.18,11.74,0.0453,4.83,1751.0
2025-01-07 11:00:00,75.37,12.07,0.043,4.78,1737.0
2025-01-07 11:01:00,75.23,12.16,0.0431,4.82,1748.0
2025-01-07 11:02:00,75.5,12.02,0.0439,4.91,1748.0
2025-01-07 11:03:00,74.62,11.72,0.0482,4.82,1766.0
2025-01-07 11:04:00,74.45,11.81,0.0448,4.74,1755.0
2025-01-07 11:05:00,74.78,11.94,0.0477,4.79,1742.0
2025-01-07 11:06:00,75.43,12.15,0.0424,4.88,1696.0
2025-01-07 11:07:00,75.3,11.88,0.0485,4.83,1744.0
2025-01-07 11:08:00,74.66,12.05,0.0492,4.86,1746.0
2025-01-07 11:09:00,74.97,12.01,0.0476,4.86,1737.0
2025-01-07 11:10:00,74.83,12.32,0.0431,4.76,1728.0
2025-01-07 11:11:00,74.8,11.86,0.0492,4.72,1725.0
2025-01-07 11:12:00,75.33,11.87,0.0478,4.74,1725.0
2025-01-07 11:13:00,75.23,11.78,0.0443,4.79,1771.0
2025-01-07 11:14:00,74.78,12.01,0.0429,4.81,1762.0
2025-01-07 11:15:00,75.19,12.08,0.0493,4.82,1761.0
2025-01-07 11:16:00,74.8,11.73,0.0438,4.73,1738.0
2025-01-07 11:17:00,75.21,12.14,0.043,4.85,1753.0
2025-01-07 11:18:00,75.24,11.73,0.0454,4.88,1743.0
2025-01-07 11:19:00,75.02,11.8,0.041,4.76,1763.0
2025-01-07 11:20:00,75.18,11.86,0.0461,4.86,1772.0
2025-01-07 11:21:00,75.11,12.04,0.0404,4.83,1741.0
2025-01-07 11:22:00,74.74,12.09,0.045,4.81,1747.0
2025-01-07 11:23:00,75.07,12.03,0.0411,4.71,1768.0
2025-01-07 11:24:00,75.28,12.22,0.0461,4.84,1780.0
2025-01-07 11:25:00,75.36,11.75,0.0479,4.86,1730.0
2025-01-07 11:26:00,75.28,12.12,0.0427,4.8,1752.0
2025-01-07 11:27:00,74.78,12.13,0.0436,4.85,1725.0
2025-01-07 11:28:00,74.81,12.16,0.0404,4.88,1753.0
2025-01-07 11:29:00,74.68,11.85,0.0413,4.67,1776.0
2025-01-07 11:30:00,74.6,12.29,0.0437,4.9,1740.0
2025-01-07 11:31:00,74.49,12.22,0.0438,4.89,1734.0
2025-01-07 11:32:00,75.15,12.49,0.0442,4.81,1743.0
2025-01-07 11:33:00,74.33,12.36,0.0493,4.88,1753.0
2025-01-07 11:34:00,75.37,11.78,0.0437,4.78,1723.0
2025-01-07 11:35:00,75.22,12.19,0.0418,4.81,1740.0
2025-01-07 11:36:00,75.15,11.61,0.0448,4.85,1745.0
2025-01-07 11:37:00,74.85,11.93,0.048,4.75,1767.0
2025-01-07 11:38:00,74.88,12.06,0.0467,4.75,1774.0
2025-01-07 11:39:00,75.31,11.78,0.0436,4.78,1727.0
2025-01-07 11:40:00,75.0,11.78,0.0439,4.82,1744.0
2025-01-07 11:41:00,74.92,12.07,0.0424,4.83,1758.0
2025-01-07 11:42:00,75.37,11.88,0.0504,4.81,1782.0
2025-01-07 11:43:00,75.11,11.87,0.0452,4.76,1758.0
2025-01-07 11:44:00,74.89,11.59,0.0436,4.82,1757.0
2025-01-07 11:45:00,74.81,11.73,0.0523,4.8,1747.0
2025-01-07 11:46:00,74.82,12.07,0.0405,4.74,1751.0
2025-01-07 11:47:00,75.35,12.23,0.0461,4.78,1734.0
2025-01-07 11:48:00,75.35,12.12,0.0495,4.84,1746.0
2025-01-07 11:49:00,74.91,12.02,0.0452,4.8,1769.0
2025-01-07 11:50:00,74.46,11.75,0.049,4.86,1753.0
2025-01-07 11:51:00,74.86,12.3,0.0439,4.84,1765.0
2025-01-07 11:52:00,75.07,11.95,0.0459,4.77,1762.0
2025-01-07 11:53:00,75.04,12.15,0.0441,4.74,1744.0
2025-01-07 11:54:00,75.03,11.96,0.0465,4.82,1751.0
2025-01-07 11:55:00,75.02,12.42,0.0471,4.73,1713.0
2025-01-07 11:56:00,75.18,12.02,0.043,4.82,1733.0
2025-01-07 11:57:00,75.27,11.73,0.0437,4.76,1753.0
2025-01-07 11:58:00,75.24,11.86,0.0388,4.72,1746.0
2025-01-07 11:59:00,75.02,11.88,0.046,4.78,1722.0
2025-01-07 12:00:00,74.75,12.03,0.0417,4.77,1767.0
2025-01-07 12:01:00,75.03,11.84,0.0451,4.75,1721.0
2025-01-07 12:02:00,75.36,12.29,0.0434,4.86,1729.0
2025-01-07 12:03:00,75.08,11.79,0.0375,4.83,1750.0
2025-01-07 12:04:00,74.84,11.99,0.0431,4.78,1767.0
2025-01-07 12:05:00,75.03,12.14,0.0448,4.78,1763.0
2025-01-07 12:06:00,74.8,11.83,0.0498,4.83,1762.0
2025-01-07 12:07:00,74.1,12.13,0.0425,4.79,1756.0
2025-01-07 12:08:00,74.82,11.89,0.0439,4.83,1768.0
2025-01-07 12:09:00,74.79,12.14,0.0423,4.82,1750.0
2025-01-07 12:10:00,75.09,12.17,0.0458,4.8,1734.0
2025-01-07 12:11:00,75.24,12.24,0.0459,4.82,1762.0
2025-01-07 12:12:00,74.85,12.49,0.0426,4.87,1747.0
2025-01-07 12:13:00,74.68,11.83,0.0447,4.77,1751.0
2025-01-07 12:14:00,74.96,11.77,0.0358,4.78,1744.0
2025-01-07 12:15:00,74.67,11.85,0.0383,4.84,1752.0
2025-01-07 12:16:00,75.2,12.06,0.0397,4.86,1741.0
2025-01-07 12:17:00,75.48,11.89,0.0478,4.83,1773.0
2025-01-07 12:18:00,75.12,11.94,0.0479,4.89,1758.0
2025-01-07 12:19:00,75.28,11.95,0.0479,4.81,1763.0
2025-01-07 12:20:00,75.16,11.8,0.0411,4.73,1750.0
2025-01-07 12:21:00,75.09,12.15,0.048,4.77,1742.0
2025-01-07 12:22:00,75.12,12.18,0.0519,4.78,1755.0
2025-01-07 12:23:00,75.46,12.16,0.0442,4.79,1756.0
2025-01-07 12:24:00,74.62,12.25,0.0468,4.84,1728.0
2025-01-07 12:25:00,75.66,12.15,0.0456,4.76,1745.0
2025-01-07 12:26:00,74.58,12.23,0.0503,4.76,1752.0
2025-01-07 12:27:00,74.56,12.21,0.0411,4.74,1752.0
2025-01-07 12:28:00,75.31,12.18,0.0432,4.82,1783.0
2025-01-07 12:29:00,75.09,12.04,0.0396,4.83,1766.0
2025-01-07 12:30:00,75.15,12.45,0.0407,4.83,1759.0
2025-01-07 12:31:00,75.1,12.07,0.0479,4.73,1738.0
2025-01-07 12:32:00,75.29,12.15,0.0387,4.78,1743.0
2025-01-07 12:33:00,75.3,12.34,0.0457,4.76,1731.0
2025-01-07 12:34:00,74.99,11.83,0.0418,4.84,1722.0
2025-01-07 12:35:00,74.86,12.25,0.0438,4.75,1760.0
2025-01-07 12:36:00,74.44,11.9,0.0459,4.82,1764.0
2025-01-07 12:37:00,74.95,11.89,0.0468,4.73,1750.0
2025-01-07 12:38:00,74.97,12.19,0.0425,4.79,1766.0
2025-01-07 12:39:00,75.01,11.73,0.0446,4.8,1754.0
2025-01-07 12:40:00,75.05,11.82,0.045,4.8,1774.0
2025-01-07 12:41:00,74.94,12.14,0.0483,4.76,1738.0
2025-01-07 12:42:00,74.71,12.19,0.0436,4.84,1752.0
2025-01-07 12:43:00,74.8,11.78,0.0405,4.82,1755.0
2025-01-07 12:44:00,74.55,12.25,0.0503,4.76,1750.0
2025-01-07 12:45:00,75.33,12.11,0.0444,4.83,1756.0
2025-01-07 12:46:00,74.5,11.9,0.0478,4.78,1758.0
2025-01-07 12:47:00,75.34,12.27,0.0475,4.87,1759.0
2025-01-07 12:48:00,75.22,12.02,0.0458,4.82,1761.0
2025-01-07 12:49:00,74.68,12.2,0.0383,4.71,1743.0
2025-01-07 12:50:00,75.07,12.04,0.0461,4.76,1747.0
2025-01-07 12:51:00,75.07,12.05,0.0504,4.78,1751.0
2025-01-07 12:52:00,75.52,11.6,0.0421,4.75,1739.0
2025-01-07 12:53:00,75.07,12.04,0.0386,4.85,1747.0
2025-01-07 12:54:00,74.76,11.95,0.0472,4.77,1743.0
2025-01-07 12:55:00,74.41,11.81,0.0474,4.83,1756.0
2025-01-07 12:56:00,74.87,11.69,0.0398,4.81,1762.0
2025-01-07 12:57:00,74.48,12.1,0.0416,4.78,1753.0
2025-01-07 12:58:00,74.62,11.88,0.0455,4.89,1728.0
2025-01-07 12:59:00,75.43,12.11,0.0433,4.84,1747.0
2025-01-07 13:00:00,74.69,11.85,0.0508,4.83,1733.0
2025-01-07 13:01:00,74.49,11.88,0.0458,4.88,1765.0
2025-01-07 13:02:00,75.27,12.08,0.0511,4.81,1748.0
2025-01-07 13:03:00,74.41,11.95,0.0363,4.84,1745.0
2025-01-07 13:04:00,74.8,11.8,0.0412,4.79,1774.0
2025-01-07 13:05:00,74.56,12.09,0.0465,4.76,1740.0
2025-01-07 13:06:00,74.66,11.98,0.0439,4.79,1760.0
2025-01-07 13:07:00,75.44,11.85,0.0454,4.84,1762.0
2025-01-07 13:08:00,74.63,12.5,0.0512,4.77,1761.0
2025-01-07 13:09:00,74.92,12.09,0.0456,4.83,1761.0
2025-01-07 13:10:00,74.54,12.16,0.0401,4.79,1750.0
2025-01-07 13:11:00,74.68,12.1,0.0416,4.87,1770.0
2025-01-07 13:12:00,74.6,11.68,0.0503,4.79,1744.0
2025-01-07 13:13:00,75.35,11.87,0.0416,4.77,1758.0
2025-01-07 13:14:00,74.36,12.15,0.047,4.76,1769.0
2025-01-07 13:15:00,75.14,11.72,0.0456,4.83,1763.0
2025-01-07 13:16:00,75.34,11.84,0.0471,4.78,1755.0
2025-01-07 13:17:00,74.94,11.98,0.0452,4.85,1755.0
2025-01-07 13:18:00,75.1,11.86,0.046,4.77,1747.0
2025-01-07 13:19:00,75.48,12.09,0.0423,4.81,1746.0
2025-01-07 13:20:00,74.77,11.85,0.0476,4.85,1718.0
2025-01-07 13:21:00,75.44,11.89,0.0471,4.83,1755.0
2025-01-07 13:22:00,74.77,12.03,0.0418,4.8,1719.0
2025-01-07 13:23:00,74.96,11.98,0.042,4.78,1744.0
2025-01-07 13:24:00,74.64,12.09,0.0472,4.83,1743.0
2025-01-07 13:25:00,75.19,11.92,0.0422,4.84,1767.0
2025-01-07 13:26:00,74.76,12.45,0.0451,4.84,1747.0
2025-01-07 13:27:00,75.14,12.14,0.0519,4.77,1735.0
2025-01-07 13:28:00,75.19,12.23,0.0453,4.76,1752.0
2025-01-07 13:29:00,74.58,12.03,0.04,4.82,1739.0
2025-01-07 13:30:00,74.52,11.95,0.0426,4.82,1745.0
2025-01-07 13:31:00,74.96,12.1,0.0436,4.82,1748.0
2025-01-07 13:32:00,75.15,12.32,0.0421,4.79,1718.0
2025-01-07 13:33:00,75.86,11.72,0.0436,4.85,1746.0
2025-01-07 13:34:00,74.43,11.86,0.0403,4.74,1760.0
2025-01-07 13:35:00,75.41,11.81,0.0447,4.79,1747.0
2025-01-07 13:36:00,74.59,12.16,0.0449,4.86,1750.0
2025-01-07 13:37:00,74.95,12.18,0.0405,4.81,1765.0
2025-01-07 13:38:00,75.01,11.84,0.0437,4.79,1745.0
2025-01-07 13:39:00,74.56,12.05,0.0445,4.8,1755.0
2025-01-07 13:40:00,75.35,11.92,0.0449,4.74,1739.0
2025-01-07 13:41:00,74.91,12.33,0.0481,4.75,1745.0
2025-01-07 13:42:00,75.04,11.95,0.0482,4.75,1764.0
2025-01-07 13:43:00,74.56,11.78,0.0472,4.81,1749.0
2025-01-07 13:44:00,75.02,11.83,0.0494,4.83,1749.0
2025-01-07 13:45:00,75.18,12.16,0.0447,4.87,1751.0
2025-01-07 13:46:00,75.26,11.99,0.047,4.86,1742.0
2025-01-07 13:47:00,75.06,12.15,0.0507,4.81,1743.0
2025-01-07 13:48:00,74.97,12.25,0.0491,4.84,1725.0
2025-01-07 13:49:00,74.84,11.9,0.0464,4.69,1753.0
2025-01-07 13:50:00,74.31,11.84,0.0473,4.79,1716.0
2025-01-07 13:51:00,75.32,11.95,0.0437,4.76,1724.0
2025-01-07 13:52:00,74.89,11.72,0.0455,4.84,1761.0
2025-01-07 13:53:00,75.07,11.85,0.0467,4.73,1751.0
2025-01-07 13:54:00,75.17,12.36,0.0486,4.71,1748.0
2025-01-07 13:55:00,75.08,11.68,0.0385,4.77,1737.0
2025-01-07 13:56:00,74.97,11.9,0.048,4.77,1776.0
2025-01-07 13:57:00,74.75,12.0,0.0413,4.71,1777.0
2025-01-07 13:58:00,74.69,11.91,0.0428,4.71,1743.0
2025-01-07 13:59:00,74.96,11.9,0.0406,4.89,1770.0
2025-01-07 14:00:00,74.74,11.73,0.0456,4.72,1755.0
2025-01-07 14:01:00,74.74,11.88,0.0461,4.84,1762.0
2025-01-07 14:02:00,74.43,11.97,0.0491,4.74,1761.0
2025-01-07 14:03:00,74.67,12.02,0.0494,4.8,1766.0
2025-01-07 14:04:00,75.18,12.26,0.0438,4.79,1743.0
2025-01-07 14:05:00,74.95,12.02,0.0497,4.84,1779.0
2025-01-07 14:06:00,74.87,12.27,0.0429,4.82,1745.0
2025-01-07 14:07:00,75.04,11.91,0.0488,4.79,1761.0
2025-01-07 14:08:00,75.38,11.96,0.0484,4.8,1725.0
2025-01-07 14:09:00,74.76,12.2,0.0481,4.8,1742.0
2025-01-07 14:10:00,75.14,12.16,0.0444,4.81,1755.0
2025-01-07 14:11:00,75.2,12.19,0.0429,4.79,1755.0
2025-01-07 14:12:00,74.81,11.81,0.0454,4.83,1742.0
2025-01-07 14:13:00,75.0,12.19,0.0429,4.82,1759.0
2025-01-07 14:14:00,76.02,12.21,0.0404,4.72,1751.0
2025-01-07 14:15:00,75.49,12.21,0.0425,4.78,1750.0
2025-01-07 14:16:00,75.06,12.08,0.0413,4.81,1763.0
2025-01-07 14:17:00,75.06,11.83,0.0382,4.75,1741.0
2025-01-07 14:18:00,75.1,12.25,0.0484,4.81,1762.0
2025-01-07 14:19:00,75.33,12.01,0.046,4.84,1752.0
2025-01-07 14:20:00,75.15,11.88,0.0449,4.77,1744.0
2025-01-07 14:21:00,74.64,11.86,0.0425,4.8,1753.0
2025-01-07 14:22:00,75.42,12.3,0.0445,4.73,1745.0
2025-01-07 14:23:00,75.34,12.12,0.0477,4.87,1776.0
2025-01-07 14:24:00,74.29,11.97,0.0435,4.86,1745.0
2025-01-07 14:25:00,75.46,11.98,0.0502,4.79,1772.0
2025-01-07 14:26:00,74.57,12.0,0.048,4.81,1748.0
2025-01-07 14:27:00,75.48,11.9,0.0391,4.87,1749.0
2025-01-07 14:28:00,74.99,11.78,0.0422,4.78,1733.0
2025-01-07 14:29:00,75.54,12.0,0.049,4.81,1755.0
2025-01-07 14:30:00,75.23,12.12,0.0428,4.92,1743.0
2025-01-07 14:31:00,75.05,11.95,0.0441,4.76,1739.0
2025-01-07 14:32:00,75.07,12.19,0.043,4.74,1740.0
2025-01-07 14:33:00,75.37,12.1,0.0473,4.75,1783.0
2025-01-07 14:34:00,74.84,11.86,0.046,4.79,1739.0
2025-01-07 14:35:00,74.66,12.02,0.0446,4.83,1743.0
2025-01-07 14:36:00,75.2,12.28,0.045,4.77,1728.0
2025-01-07 14:37:00,75.26,11.87,0.0444,4.85,1752.0
2025-01-07 14:38:00,75.77,12.03,0.0482,4.78,1750.0
2025-01-07 14:39:00,75.23,12.35,0.0449,4.82,1733.0
2025-01-07 14:40:00,74.69,12.28,0.0451,4.83,1765.0
2025-01-07 14:41:00,75.0,12.24,0.0443,4.75,1741.0
2025-01-07 14:42:00,75.03,12.15,0.0427,4.79,1760.0
2025-01-07 14:43:00,74.95,11.81,0.037,4.85,1763.0
2025-01-07 14:44:00,74.99,11.87,0.0426,4.76,1754.0
2025-01-07 14:45:00,74.73,12.12,0.0435,4.8,1765.0
2025-01-07 14:46:00,75.32,12.25,0.0431,4.83,1750.0
2025-01-07 14:47:00,74.84,12.0,0.0487,4.78,1734.0
2025-01-07 14:48:00,75.05,12.01,0.0455,4.73,1745.0
2025-01-07 14:49:00,75.04,11.87,0.0504,4.77,1729.0
2025-01-07 14:50:00,74.93,11.87,0.0399,4.79,1752.0
2025-01-07 14:51:00,74.62,12.14,0.0512,4.85,1742.0
2025-01-07 14:52:00,75.01,11.97,0.0482,4.89,1749.0
2025-01-07 14:53:00,75.05,11.51,0.0484,4.79,1752.0
2025-01-07 14:54:00,75.39,12.26,0.0471,4.73,1741.0
2025-01-07 14:55:00,74.68,11.89,0.0439,4.75,1729.0
2025-01-07 14:56:00,75.1,12.27,0.0461,4.87,1734.0
2025-01-07 14:57:00,75.33,11.98,0.0453,4.77,1759.0
2025-01-07 14:58:00,74.7,11.85,0.0497,4.82,1776.0
2025-01-07 14:59:00,74.69,12.12,0.0438,4.73,1752.0
2025-01-07 15:00:00,75.03,12.06,0.0437,4.81,1743.0
2025-01-07 15:01:00,74.88,12.14,0.0487,4.74,1728.0
2025-01-07 15:02:00,75.07,11.82,0.0502,4.77,1754.0
2025-01-07 15:03:00,74.68,12.44,0.0409,4.83,1749.0
2025-01-07 15:04:00,74.6,12.1,0.0425,4.83,1770.0
2025-01-07 15:05:00,74.91,11.72,0.0438,4.87,1761.0
2025-01-07 15:06:00,75.47,12.16,0.0409,4.82,1760.0
2025-01-07 15:07:00,74.39,12.18,0.042,4.79,1760.0
2025-01-07 15:08:00,75.04,12.2,0.0485,4.83,1749.0
2025-01-07 15:09:00,75.21,12.06,0.0422,4.82,1747.0
2025-01-07 15:10:00,75.17,12.0,0.0425,4.76,1750.0
2025-01-07 15:11:00,75.39,11.89,0.043,4.78,1748.0
2025-01-07 15:12:00,75.14,12.03,0.047,4.78,1729.0
2025-01-07 15:13:00,75.05,11.72,0.0435,4.7,1782.0
2025-01-07 15:14:00,75.18,11.96,0.048,4.86,1747.0
2025-01-07 15:15:00,75.07,12.19,0.0497,4.86,1731.0
2025-01-07 15:16:00,75.02,11.81,0.0445,4.83,1719.0
2025-01-07 15:17:00,74.82,12.24,0.04,4.74,1773.0
2025-01-07 15:18:00,75.32,12.3,0.043,4.89,1720.0
2025-01-07 15:19:00,75.12,12.12,0.0412,4.73,1753.0
2025-01-07 15:20:00,74.41,11.95,0.0434,4.76,1749.0
2025-01-07 15:21:00,75.44,11.99,0.0488,4.79,1728.0
2025-01-07 15:22:00,75.07,11.89,0.0458,4.96,1737.0
2025-01-07 15:23:00,75.13,11.91,0.0515,4.72,1750.0
2025-01-07 15:24:00,75.84,11.85,0.0468,4.75,1740.0
2025-01-07 15:25:00,74.34,12.07,0.044,4.72,1769.0
2025-01-07 15:26:00,75.63,11.99,0.0399,4.7,1760.0
2025-01-07 15:27:00,75.38,12.14,0.0467,4.78,1753.0
2025-01-07 15:28:00,74.77,12.16,0.0467,4.81,1765.0
2025-01-07 15:29:00,75.02,11.76,0.0428,4.74,1757.0
2025-01-07 15:30:00,75.25,11.77,0.0441,4.75,1737.0
2025-01-07 15:31:00,74.24,11.93,0.0445,4.88,1741.0
2025-01-07 15:32:00,75.05,11.88,0.0439,4.79,1767.0
2025-01-07 15:33:00,74.67,11.81,0.0438,4.77,1710.0
2025-01-07 15:34:00,75.26,12.08,0.0386,4.78,1738.0
2025-01-07 15:35:00,74.98,12.19,0.0478,4.78,1741.0
2025-01-07 15:36:00,74.83,12.19,0.0486,4.69,1749.0
2025-01-07 15:37:00,74.61,12.04,0.043,4.83,1748.0
2025-01-07 15:38:00,75.08,11.77,0.0435,4.85,1734.0
2025-01-07 15:39:00,74.85,12.64,0.048,4.82,1719.0
2025-01-07 15:40:00,74.94,12.01,0.0427,4.84,1726.0
2025-01-07 15:41:00,75.04,11.81,0.0444,4.68,1766.0
2025-01-07 15:42:00,75.06,12.07,0.0458,4.74,1752.0
2025-01-07 15:43:00,74.81,11.99,0.0415,4.86,1757.0
2025-01-07 15:44:00,75.08,11.83,0.0459,4.8,1744.0
2025-01-07 15:45:00,75.36,12.07,0.0424,4.78,1775.0
2025-01-07 15:46:00,74.71,12.06,0.052,4.79,1760.0
2025-01-07 15:47:00,75.23,12.06,0.0471,4.84,1775.0
2025-01-07 15:48:00,74.83,11.83,0.0412,4.77,1747.0
2025-01-07 15:49:00,74.93,12.05,0.0451,4.94,1748.0
2025-01-07 15:50:00,75.0,11.79,0.0469,4.84,1748.0
2025-01-07 15:51:00,75.78,12.14,0.0455,4.78,1718.0
2025-01-07 15:52:00,74.75,12.08,0.0464,4.79,1741.0
2025-01-07 15:53:00,74.54,11.86,0.0438,4.87,1759.0
2025-01-07 15:54:00,74.44,11.7,0.045,4.82,1753.0
2025-01-07 15:55:00,74.81,12.17,0.0442,4.8,1750.0
2025-01-07 15:56:00,74.73,12.0,0.0452,4.8,1758.0
2025-01-07 15:57:00,75.34,12.22,0.0395,4.78,1748.0
2025-01-07 15:58:00,74.64,12.46,0.0436,4.87,1761.0
2025-01-07 15:59:00,75.14,11.81,0.0421,4.85,1717.0
2025-01-07 16:00:00,75.34,11.95,0.047,4.79,1748.0
2025-01-07 16:01:00,75.33,11.85,0.0501,4.79,1760.0
2025-01-07 16:02:00,74.65,12.25,0.0429,4.78,1749.0
2025-01-07 16:03:00,75.18,12.36,0.0477,4.82,1764.0
2025-01-07 16:04:00,74.93,12.25,0.0446,4.77,1749.0
2025-01-07 16:05:00,75.75,12.2,0.0439,4.81,1760.0
2025-01-07 16:06:00,75.62,12.2,0.0475,4.83,1754.0
2025-01-07 16:07:00,74.83,11.84,0.0433,3.79,1448.0
2025-01-07 16:08:00,75.02,12.24,0.049,4.92,1748.0
2025-01-07 16:09:00,75.06,11.87,0.0394,4.74,1742.0
2025-01-07 16:10:00,75.09,11.78,0.0425,4.8,1763.0
2025-01-07 16:11:00,74.88,12.01,0.0419,4.86,1765.0
2025-01-07 16:12:00,74.94,11.78,0.0421,4.84,1749.0
2025-01-07 16:13:00,74.88,12.11,0.0439,4.78,1745.0
2025-01-07 16:14:00,74.94,12.12,0.0439,4.84,1731.0
2025-01-07 16:15:00,75.01,12.23,0.0454,4.76,1746.0
2025-01-07 16:16:00,75.08,11.84,0.0491,4.8,1779.0
2025-01-07 16:17:00,74.79,12.07,0.0489,4.79,1743.0
2025-01-07 16:18:00,75.49,12.25,0.0487,4.77,1755.0
2025-01-07 16:19:00,74.95,12.12,0.0453,4.82,1755.0
2025-01-07 16:20:00,75.38,12.01,0.0476,4.76,1762.0
2025-01-07 16:21:00,74.61,11.78,0.0429,4.79,1761.0
2025-01-07 16:22:00,75.38,12.43,0.0475,4.81,1755.0
2025-01-07 16:23:00,75.08,11.82,0.0417,4.72,1739.0
2025-01-07 16:24:00,74.52,11.84,0.0392,4.72,1764.0
2025-01-07 16:25:00,75.25,11.81,0.047,4.86,1765.0
2025-01-07 16:26:00,75.38,12.01,0.0492,4.81,1740.0
2025-01-07 16:27:00,75.23,11.69,0.0464,4.78,1734.0
2025-01-07 16:28:00,74.88,12.19,0.0414,4.63,1748.0
2025-01-07 16:29:00,74.92,12.19,0.0454,4.79,1743.0
2025-01-07 16:30:00,75.1,11.68,0.0428,4.86,1754.0
2025-01-07 16:31:00,74.86,12.14,0.0435,4.73,1743.0
2025-01-07 16:32:00,74.88,12.21,0.0477,4.8,1765.0
2025-01-07 16:33:00,75.73,12.4,0.0485,4.79,1782.0
2025-01-07 16:34:00,75.08,12.16,0.0426,4.8,1731.0
2025-01-07 16:35:00,75.22,12.08,0.0482,4.76,1756.0
2025-01-07 16:36:00,75.08,12.06,0.0436,4.84,1733.0
2025-01-07 16:37:00,75.05,11.94,0.0478,4.83,1769.0
2025-01-07 16:38:00,75.12,11.67,0.0479,4.78,1769.0
2025-01-07 16:39:00,74.77,12.23,0.0463,4.79,1766.0
2025-01-07 16:40:00,74.39,12.09,0.0446,4.81,1741.0
2025-01-07 16:41:00,75.11,11.9,0.0441,4.83,1725.0
2025-01-07 16:42:00,74.38,11.58,0.0459,4.8,1751.0
2025-01-07 16:43:00,74.52,12.21,0.045,4.74,1768.0
2025-01-07 16:44:00,74.87,12.36,0.047,4.76,1755.0
2025-01-07 16:45:00,75.2,12.45,0.0462,4.88,1766.0
2025-01-07 16:46:00,74.59,12.01,0.04,4.82,1775.0
2025-01-07 16:47:00,74.63,12.11,0.0535,4.67,1762.0
2025-01-07 16:48:00,74.97,12.16,0.0454,4.8,1745.0
2025-01-07 16:49:00,75.34,12.16,0.0496,4.75,1764.0
2025-01-07 16:50:00,75.18,11.62,0.0377,4.82,1734.0
2025-01-07 16:51:00,75.32,12.03,0.0433,4.78,1732.0
2025-01-07 16:52:00,74.68,11.98,0.0457,4.83,1739.0
2025-01-07 16:53:00,74.86,12.15,0.0463,4.79,1769.0
2025-01-07 16:54:00,75.43,11.93,0.0477,4.85,1758.0
2025-01-07 16:55:00,74.81,11.57,0.045,4.75,1764.0
2025-01-07 16:56:00,75.49,12.19,0.0423,4.78,1769.0
2025-01-07 16:57:00,74.98,12.05,0.0434,4.71,1746.0
2025-01-07 16:58:00,74.87,11.66,0.0441,4.91,1742.0
2025-01-07 16:59:00,75.16,12.25,0.0476,4.87,1733.0
2025-01-07 17:00:00,75.57,11.77,0.0451,4.82,1759.0
2025-01-07 17:01:00,74.97,11.84,0.0484,4.79,1712.0
2025-01-07 17:02:00,74.33,12.0,0.0401,4.81,1762.0
2025-01-07 17:03:00,75.62,12.16,0.0406,4.69,1746.0
2025-01-07 17:04:00,75.2,11.7,0.0424,4.78,1737.0
2025-01-07 17:05:00,75.25,11.89,0.0423,4.83,1721.0
2025-01-07 17:06:00,75.31,11.62,0.0434,4.8,1780.0
2025-01-07 17:07:00,74.7,11.66,0.0441,4.72,1747.0
2025-01-07 17:08:00,74.59,11.9,0.0411,4.7,1744.0
2025-01-07 17:09:00,75.1,11.93,0.0411,4.81,1755.0
2025-01-07 17:10:00,74.76,11.81,0.0362,4.78,1742.0
2025-01-07 17:11:00,74.71,11.8,0.0455,4.67,1741.0
2025-01-07 17:12:00,74.95,12.14,0.044,4.77,1707.0
2025-01-07 17:13:00,75.18,12.11,0.045,4.76,1773.0
2025-01-07 17:14:00,74.74,11.96,0.0388,4.82,1771.0
2025-01-07 17:15:00,74.78,11.85,0.0448,4.82,1760.0
2025-01-07 17:16:00,75.41,12.58,0.0427,4.75,1733.0
2025-01-07 17:17:00,74.25,12.0,0.0448,4.82,1734.0
2025-01-07 17:18:00,75.47,11.87,0.0412,4.83,1732.0
2025-01-07 17:19:00,75.02,12.21,0.0463,4.79,1740.0
2025-01-07 17:20:00,74.98,12.03,0.0425,4.78,1769.0
2025-01-07 17:21:00,74.87,12.08,0.0438,4.81,1756.0
2025-01-07 17:22:00,74.66,12.0,0.0418,4.84,1727.0
2025-01-07 17:23:00,75.01,11.92,0.045,4.84,1742.0
2025-01-07 17:24:00,74.68,12.11,0.0467,4.81,1744.0
2025-01-07 17:25:00,75.21,12.08,0.0458,4.8,1742.0
2025-01-07 17:26:00,74.79,12.13,0.0451,4.86,1738.0
2025-01-07 17:27:00,75.13,12.02,0.0477,4.76,1736.0
2025-01-07 17:28:00,74.78,11.99,0.0477,4.75,1748.0
2025-01-07 17:29:00,75.17,12.03,0.0466,4.8,1762.0
2025-01-07 17:30:00,74.95,12.07,0.045,4.71,1738.0
2025-01-07 17:31:00,74.93,11.93,0.0508,4.79,1748.0
2025-01-07 17:32:00,75.44,12.1,0.044,4.75,1748.0
2025-01-07 17:33:00,75.28,12.25,0.0518,4.73,1750.0
2025-01-07 17:34:00,75.34,12.03,0.0426,4.82,1733.0
2025-01-07 17:35:00,74.96,12.26,0.0469,4.84,1753.0
2025-01-07 17:36:00,74.99,12.33,0.0426,4.83,1766.0
2025-01-07 17:37:00,75.61,11.51,0.0456,4.85,1768.0
2025-01-07 17:38:00,75.18,12.1,0.0471,4.76,1749.0
2025-01-07 17:39:00,74.54,11.54,0.0444,4.72,1738.0
2025-01-07 17:40:00,75.38,11.84,0.0467,4.79,1734.0
2025-01-07 17:41:00,74.57,11.85,0.041,4.8,1761.0
2025-01-07 17:42:00,74.74,11.96,0.0476,4.87,1730.0
2025-01-07 17:43:00,75.61,11.94,0.0438,4.79,1760.0
2025-01-07 17:44:00,74.6,12.41,0.0437,4.8,1747.0
2025-01-07 17:45:00,74.84,12.13,0.0397,4.84,1757.0
2025-01-07 17:46:00,75.05,11.86,0.0475,4.78,1740.0
2025-01-07 17:47:00,74.92,12.01,0.0452,4.72,1753.0
2025-01-07 17:48:00,75.06,12.11,0.0463,4.75,1785.0
2025-01-07 17:49:00,74.54,12.08,0.0442,4.76,1774.0
2025-01-07 17:50:00,74.91,12.0,0.0484,4.84,1721.0
2025-01-07 17:51:00,75.03,11.94,0.0499,4.73,1737.0
2025-01-07 17:52:00,74.57,11.84,0.0456,4.78,1778.0
2025-01-07 17:53:00,75.17,11.91,0.0463,4.72,1719.0
2025-01-07 17:54:00,75.03,11.99,0.0488,4.77,1749.0
2025-01-07 17:55:00,75.04,11.67,0.0394,4.79,1763.0
2025-01-07 17:56:00,75.61,11.77,0.0464,4.83,1746.0
2025-01-07 17:57:00,74.74,11.95,0.0417,4.76,1773.0
2025-01-07 17:58:00,75.12,11.91,0.0545,4.8,1745.0
2025-01-07 17:59:00,75.03,12.09,0.0455,4.89,1746.0
2025-01-07 18:00:00,69.36,9.96,0.024,4.41,1504.0
2025-01-07 18:01:00,70.11,10.3,0.0237,4.5,1509.0
2025-01-07 18:02:00,70.27,9.8,0.025,4.54,1478.0
2025-01-07 18:03:00,70.63,9.96,0.0241,4.51,1495.0
2025-01-07 18:04:00,69.98,10.31,0.0233,4.54,1493.0
2025-01-07 18:05:00,69.68,10.02,0.0228,4.43,1494.0
2025-01-07 18:06:00,69.73,9.76,0.0236,4.48,1528.0
2025-01-07 18:07:00,69.56,10.15,0.0246,4.55,1484.0
2025-01-07 18:08:00,70.14,10.34,0.027,4.41,1479.0
2025-01-07 18:09:00,70.11,9.76,0.0234,4.53,1520.0
2025-01-07 18:10:00,69.96,9.98,0.0256,4.52,1518.0
2025-01-07 18:11:00,70.03,10.02,0.0199,4.45,1491.0
2025-01-07 18:12:00,70.05,9.99,0.0259,4.5,1495.0
2025-01-07 18:13:00,70.17,10.02,0.0261,4.5,1488.0
2025-01-07 18:14:00,84.34,13.12,0.226,4.45,1482.0
2025-01-07 18:15:00,70.2,10.11,0.0268,4.49,1508.0
2025-01-07 18:16:00,69.7,10.08,0.0271,4.53,1514.0
2025-01-07 18:17:00,69.65,10.12,0.0255,4.58,1498.0
2025-01-07 18:18:00,70.54,9.79,0.0215,4.51,1496.0
2025-01-07 18:19:00,69.54,9.99,0.0247,4.49,1489.0
2025-01-07 18:20:00,70.22,10.05,0.0251,4.56,1508.0
2025-01-07 18:21:00,70.26,10.11,0.0237,4.55,1516.0
2025-01-07 18:22:00,70.14,10.03,0.0275,4.41,1489.0
2025-01-07 18:23:00,69.68,9.87,0.0272,4.43,1517.0
2025-01-07 18:24:00,70.69,10.09,0.0266,4.47,1503.0
2025-01-07 18:25:00,69.81,9.65,0.0233,4.48,1484.0
2025-01-07 18:26:00,70.71,9.94,0.0233,4.42,1492.0
2025-01-07 18:27:00,69.8,9.91,0.0229,4.55,1497.0
2025-01-07 18:28:00,69.73,9.85,0.0181,4.55,1521.0
2025-01-07 18:29:00,70.3,9.97,0.0221,4.47,1478.0
2025-01-07 18:30:00,70.38,10.04,0.024,4.48,1505.0
2025-01-07 18:31:00,69.89,10.16,0.03,4.49,1539.0
2025-01-07 18:32:00,70.33,9.85,0.0267,4.47,1520.0
2025-01-07 18:33:00,69.82,9.99,0.0248,4.47,1514.0
2025-01-07 18:34:00,69.79,9.75,0.0246,4.51,1490.0
2025-01-07 18:35:00,69.66,9.95,0.0268,4.49,1534.0
2025-01-07 18:36:00,70.0,9.94,0.0317,4.48,1487.0
2025-01-07 18:37:00,70.25,9.8,0.0221,4.51,1495.0
2025-01-07 18:38:00,69.83,10.03,0.025,4.5,1483.0
2025-01-07 18:39:00,69.83,10.66,0.0284,4.53,1500.0
2025-01-07 18:40:00,69.72,9.96,0.021,4.51,1471.0
2025-01-07 18:41:00,69.04,9.71,0.0271,4.51,1504.0
2025-01-07 18:42:00,69.69,9.75,0.0226,4.51,1502.0
2025-01-07 18:43:00,70.15,10.04,0.0232,4.47,1514.0
2025-01-07 18:44:00,69.82,10.12,0.033,4.54,1496.0
2025-01-07 18:45:00,70.26,9.73,0.0294,4.49,1503.0
2025-01-07 18:46:00,70.35,9.9,0.0257,4.55,1472.0
2025-01-07 18:47:00,70.11,10.22,0.0249,4.59,1507.0
2025-01-07 18:48:00,69.43,10.3,0.0265,4.54,1505.0
2025-01-07 18:49:00,69.7,9.71,0.0257,4.51,1501.0
2025-01-07 18:50:00,69.87,9.88,0.0285,4.51,1516.0
2025-01-07 18:51:00,70.72,9.95,0.0238,4.49,1499.0
2025-01-07 18:52:00,70.21,10.07,0.0277,4.51,1490.0
2025-01-07 18:53:00,69.82,10.05,0.0265,4.44,1500.0
2025-01-07 18:54:00,71.29,9.91,0.0231,4.5,1496.0
2025-01-07 18:55:00,69.68,9.98,0.0265,4.45,1497.0
2025-01-07 18:56:00,69.06,9.54,0.0261,4.58,1492.0
2025-01-07 18:57:00,69.89,9.9,0.0271,4.45,1480.0
2025-01-07 18:58:00,70.15,10.34,0.0213,4.56,1491.0
2025-01-07 18:59:00,69.53,9.73,0.026,4.53,1483.0
2025-01-07 19:00:00,69.55,10.1,0.025,4.52,1500.0
2025-01-07 19:01:00,70.11,10.12,0.03,4.52,1481.0
2025-01-07 19:02:00,69.47,9.86,0.0279,4.48,1486.0
2025-01-07 19:03:00,70.2,10.35,0.0257,4.49,1527.0
2025-01-07 19:04:00,69.5,9.83,0.0206,4.49,1484.0
2025-01-07 19:05:00,69.52,9.94,0.0228,4.53,1503.0
2025-01-07 19:06:00,69.93,10.18,0.0224,4.53,1470.0
2025-01-07 19:07:00,70.25,9.75,0.0247,4.52,1503.0
2025-01-07 19:08:00,69.96,10.03,0.0253,4.4,1523.0
2025-01-07 19:09:00,70.07,9.8,0.0227,4.5,1525.0
2025-01-07 19:10:00,70.0,10.03,0.0276,4.56,1497.0
2025-01-07 19:11:00,69.75,10.08,0.03,4.54,1507.0
2025-01-07 19:12:00,69.73,9.93,0.0241,4.47,1520.0
2025-01-07 19:13:00,69.51,10.07,0.0283,4.57,1505.0
2025-01-07 19:14:00,69.8,10.02,0.0274,4.4,1514.0
2025-01-07 19:15:00,69.99,9.7,0.0199,4.53,1523.0
2025-01-07 19:16:00,70.01,9.89,0.0257,4.54,1517.0
2025-01-07 19:17:00,70.3,10.08,0.0238,4.49,1507.0
2025-01-07 19:18:00,70.49,9.99,0.0257,4.5,1497.0
2025-01-07 19:19:00,69.82,9.53,0.0278,4.52,1505.0
2025-01-07 19:20:00,69.83,10.24,0.0226,4.49,1502.0
2025-01-07 19:21:00,70.35,9.65,0.0253,4.46,1497.0
2025-01-07 19:22:00,70.22,9.69,0.0257,4.53,1496.0
2025-01-07 19:23:00,70.38,10.01,0.0263,4.42,1493.0
2025-01-07 19:24:00,70.01,10.36,0.0306,4.55,1509.0
2025-01-07 19:25:00,70.02,9.92,0.0297,4.45,1493.0
2025-01-07 19:26:00,70.11,10.1,0.0261,4.64,1493.0
2025-01-07 19:27:00,70.22,9.58,0.0293,4.38,1483.0
2025-01-07 19:28:00,69.76,10.0,0.023,4.46,1512.0
2025-01-07 19:29:00,69.42,10.05,0.0176,4.39,1486.0
2025-01-07 19:30:00,69.98,10.37,0.0221,4.47,1521.0
2025-01-07 19:31:00,70.53,10.0,0.0181,4.6,1511.0
2025-01-07 19:32:00,70.06,9.72,0.0223,4.46,1463.0
2025-01-07 19:33:00,69.96,9.89,0.0223,4.52,1498.0
2025-01-07 19:34:00,70.5,9.91,0.02,4.57,1491.0
2025-01-07 19:35:00,69.62,10.3,0.0271,3.57,1201.0
2025-01-07 19:36:00,70.06,10.02,0.0276,4.44,1492.0
2025-01-07 19:37:00,70.21,10.34,0.029,4.53,1533.0
2025-01-07 19:38:00,69.7,10.01,0.027,4.51,1513.0
2025-01-07 19:39:00,70.22,9.74,0.0275,4.49,1509.0
2025-01-07 19:40:00,69.64,9.91,0.0271,4.5,1513.0
2025-01-07 19:41:00,70.32,9.94,0.0296,4.46,1508.0
2025-01-07 19:42:00,69.8,10.06,0.0312,4.53,1504.0
2025-01-07 19:43:00,69.94,10.46,0.0287,4.5,1518.0
2025-01-07 19:44:00,69.69,10.25,0.0279,4.62,1474.0
2025-01-07 19:45:00,69.01,9.87,0.0237,4.5,1486.0
2025-01-07 19:46:00,70.57,9.99,0.0215,4.44,1497.0
2025-01-07 19:47:00,69.93,9.95,0.0211,4.45,1528.0
2025-01-07 19:48:00,69.96,9.77,0.0309,4.6,1494.0
2025-01-07 19:49:00,70.05,9.96,0.0228,4.49,1505.0
2025-01-07 19:50:00,70.47,10.31,0.0227,4.39,1488.0
2025-01-07 19:51:00,70.15,9.81,0.0231,4.46,1525.0
2025-01-07 19:52:00,70.24,10.17,0.0258,4.48,1501.0
2025-01-07 19:53:00,70.31,10.04,0.0273,4.48,1484.0
2025-01-07 19:54:00,69.39,10.19,0.0298,4.46,1514.0
2025-01-07 19:55:00,70.14,9.95,0.0264,4.46,1495.0
2025-01-07 19:56:00,69.64,10.03,0.0215,4.47,1495.0
2025-01-07 19:57:00,69.95,10.4,0.0207,4.55,1513.0
2025-01-07 19:58:00,69.97,9.9,0.0263,4.44,1508.0
2025-01-07 19:59:00,70.33,9.76,0.0221,4.54,1547.0
2025-01-07 20:00:00,69.94,10.22,0.0261,4.52,1486.0
2025-01-07 20:01:00,69.9,10.11,0.0234,4.49,1488.0
2025-01-07 20:02:00,70.17,10.25,0.0258,4.5,1524.0
2025-01-07 20:03:00,70.07,9.69,0.025,4.5,1514.0
2025-01-07 20:04:00,69.57,9.75,0.0246,4.4,1507.0
2025-01-07 20:05:00,70.32,10.34,0.0265,4.49,1515.0
2025-01-07 20:06:00,70.27,10.31,0.0241,4.54,1501.0
2025-01-07 20:07:00,70.43,9.87,0.0228,4.42,1502.0
2025-01-07 20:08:00,69.78,9.66,0.0196,4.53,1490.0
2025-01-07 20:09:00,69.86,10.04,0.0266,4.46,1504.0
2025-01-07 20:10:00,69.88,10.02,0.0267,4.51,1505.0
2025-01-07 20:11:00,69.5,9.7,0.0223,4.58,1520.0
2025-01-07 20:12:00,70.81,10.04,0.0219,4.51,1485.0
2025-01-07 20:13:00,69.55,10.12,0.0267,4.53,1516.0
2025-01-07 20:14:00,69.59,10.23,0.0225,4.5,1515.0
2025-01-07 20:15:00,69.7,9.83,0.0267,4.52,1479.0
2025-01-07 20:16:00,69.6,9.74,0.0279,4.56,1527.0
2025-01-07 20:17:00,70.45,10.02,0.0267,4.55,1502.0
2025-01-07 20:18:00,69.89,10.04,0.0234,4.62,1500.0
2025-01-07 20:19:00,69.99,9.68,0.0271,4.52,1502.0
2025-01-07 20:20:00,69.45,10.06,0.0255,4.6,1495.0
2025-01-07 20:21:00,69.99,9.89,0.0263,4.53,1498.0
2025-01-07 20:22:00,69.75,10.14,0.0238,4.42,1496.0
2025-01-07 20:23:00,69.84,10.13,0.023,4.43,1476.0
2025-01-07 20:24:00,69.93,10.03,0.0278,4.47,1496.0
2025-01-07 20:25:00,70.04,9.95,0.0302,4.4,1494.0
2025-01-07 20:26:00,70.12,9.68,0.0254,4.47,1501.0
2025-01-07 20:27:00,70.32,9.66,0.0277,4.66,1526.0
2025-01-07 20:28:00,70.21,10.24,0.0286,4.53,1507.0
2025-01-07 20:29:00,70.3,10.1,0.0234,4.5,1485.0
2025-01-07 20:30:00,70.31,9.69,0.0263,4.56,1471.0
2025-01-07 20:31:00,70.18,9.99,0.0263,4.55,1475.0
2025-01-07 20:32:00,70.06,9.92,0.0215,4.51,1481.0
2025-01-07 20:33:00,69.75,9.69,0.0235,4.54,1479.0
2025-01-07 20:34:00,70.09,9.63,0.0276,4.47,1488.0
2025-01-07 20:35:00,70.21,10.12,0.0217,4.53,1516.0
2025-01-07 20:36:00,69.9,9.96,0.0257,4.51,1494.0
2025-01-07 20:37:00,70.18,10.33,0.0248,4.59,1524.0
2025-01-07 20:38:00,69.91,10.08,0.0236,4.57,1506.0
2025-01-07 20:39:00,69.84,10.13,0.0296,4.5,1503.0
2025-01-07 20:40:00,69.39,10.14,0.0204,4.49,1497.0
2025-01-07 20:41:00,70.24,10.13,0.0297,4.49,1469.0
2025-01-07 20:42:00,70.45,10.22,0.0181,4.5,1493.0
2025-01-07 20:43:00,70.26,10.06,0.0274,4.58,1482.0
2025-01-07 20:44:00,69.9,10.34,0.0193,4.53,1474.0
2025-01-07 20:45:00,70.26,9.71,0.0257,4.53,1511.0
2025-01-07 20:46:00,70.07,9.87,0.0177,4.48,1519.0
2025-01-07 20:47:00,70.28,9.6,0.0283,4.51,1487.0
2025-01-07 20:48:00,70.05,10.04,0.0265,4.47,1497.0
2025-01-07 20:49:00,69.85,10.24,0.022,4.45,1482.0
2025-01-07 20:50:00,70.44,10.33,0.0252,4.55,1505.0
2025-01-07 20:51:00,69.69,9.91,0.0208,4.48,1498.0
2025-01-07 20:52:00,70.0,10.27,0.031,4.51,1493.0
2025-01-07 20:53:00,69.99,10.12,0.0216,4.49,1523.0
2025-01-07 20:54:00,70.24,10.06,0.025,4.51,1502.0
2025-01-07 20:55:00,70.04,9.76,0.0281,4.45,1477.0
2025-01-07 20:56:00,70.12,9.97,0.0252,4.53,1498.0
2025-01-07 20:57:00,69.52,10.11,0.025,4.47,1516.0
2025-01-07 20:58:00,69.93,9.91,0.0222,4.54,1500.0
2025-01-07 20:59:00,69.69,10.18,0.0252,4.52,1538.0
2025-01-07 21:00:00,70.13,10.04,0.0234,4.45,1503.0
2025-01-07 21:01:00,69.96,10.03,0.0265,4.47,1507.0
2025-01-07 21:02:00,69.9,10.25,0.0225,4.45,1489.0
2025-01-07 21:03:00,69.95,10.22,0.0273,4.38,1494.0
2025-01-07 21:04:00,69.92,9.79,0.0259,4.54,1503.0
2025-01-07 21:05:00,70.49,9.64,0.0202,4.54,1494.0
2025-01-07 21:06:00,69.83,10.02,0.0252,4.53,1487.0
2025-01-07 21:07:00,69.98,9.84,0.0312,4.48,1499.0
2025-01-07 21:08:00,69.72,10.15,0.0248,4.43,1481.0
2025-01-07 21:09:00,69.77,9.91,0.0269,4.52,1536.0
2025-01-07 21:10:00,69.73,10.14,0.0218,4.5,1511.0
2025-01-07 21:11:00,70.27,10.02,0.0225,4.6,1501.0
2025-01-07 21:12:00,70.09,10.08,0.0258,4.53,1493.0
2025-01-07 21:13:00,69.92,9.87,0.0256,4.45,1485.0
2025-01-07 21:14:00,70.14,9.83,0.0277,4.58,1489.0
2025-01-07 21:15:00,70.44,9.74,0.0291,4.4,1513.0
2025-01-07 21:16:00,70.37,9.93,0.0231,4.48,1480.0
2025-01-07 21:17:00,69.59,10.04,0.0253,4.51,1499.0
2025-01-07 21:18:00,69.89,9.97,0.0225,4.56,1506.0
2025-01-07 21:19:00,70.32,10.36,0.0239,4.48,1490.0
2025-01-07 21:20:00,70.5,9.72,0.0208,4.54,1504.0
2025-01-07 21:21:00,70.17,10.0,0.0291,4.44,1514.0
2025-01-07 21:22:00,69.91,9.93,0.0245,4.45,1468.0
2025-01-07 21:23:00,69.84,9.75,0.0243,4.51,1501.0
2025-01-07 21:24:00,70.05,9.85,0.0246,4.43,1484.0
2025-01-07 21:25:00,70.17,10.1,0.0227,4.55,1500.0
2025-01-07 21:26:00,70.37,10.17,0.0191,4.52,1492.0
2025-01-07 21:27:00,84.96,13.03,0.227,4.43,1489.0
2025-01-07 21:28:00,69.62,9.66,0.0233,4.54,1513.0
2025-01-07 21:29:00,69.76,10.07,0.0253,4.48,1493.0
2025-01-07 21:30:00,69.76,10.06,0.0295,4.52,1526.0
2025-01-07 21:31:00,70.35,9.98,0.0204,4.53,1485.0
2025-01-07 21:32:00,69.78,9.68,0.0247,4.55,1536.0
2025-01-07 21:33:00,69.86,10.06,0.0222,4.53,1507.0
2025-01-07 21:34:00,70.07,10.19,0.025,4.46,1492.0
2025-01-07 21:35:00,70.26,10.07,0.0225,4.48,1490.0
2025-01-07 21:36:00,70.08,9.99,0.0246,4.56,1514.0
2025-01-07 21:37:00,69.61,9.87,0.0228,4.57,1480.0
2025-01-07 21:38:00,69.98,9.87,0.0178,4.43,1500.0
2025-01-07 21:39:00,70.09,9.65,0.0239,4.59,1502.0
2025-01-07 21:40:00,70.19,9.96,0.027,4.53,1497.0
2025-01-07 21:41:00,70.08,9.97,0.0251,4.47,1488.0
2025-01-07 21:42:00,69.67,9.96,0.0223,4.51,1518.0
2025-01-07 21:43:00,70.01,10.0,0.027,4.41,1516.0
2025-01-07 21:44:00,70.37,9.94,0.0244,4.48,1519.0
2025-01-07 21:45:00,70.12,9.85,0.0222,4.48,1504.0
2025-01-07 21:46:00,69.6,10.0,0.0244,4.57,1528.0
2025-01-07 21:47:00,70.97,10.01,0.0213,4.42,1524.0
2025-01-07 21:48:00,69.74,10.19,0.0283,4.5,1508.0
2025-01-07 21:49:00,70.22,9.78,0.0254,4.52,1502.0
2025-01-07 21:50:00,69.82,10.18,0.0313,4.44,1506.0
2025-01-07 21:51:00,69.4,9.64,0.0287,4.52,1489.0
2025-01-07 21:52:00,69.7,9.99,0.0225,4.54,1499.0
2025-01-07 21:53:00,69.33,10.34,0.0254,4.59,1492.0
2025-01-07 21:54:00,70.22,9.94,0.0235,4.57,1494.0
2025-01-07 21:55:00,70.73,9.97,0.0239,4.5,1490.0
2025-01-07 21:56:00,69.6,10.1,0.0263,4.52,1489.0
2025-01-07 21:57:00,70.16,10.25,0.0279,4.53,1499.0
2025-01-07 21:58:00,69.93,9.74,0.0246,4.5,1505.0
2025-01-07 21:59:00,69.69,10.18,0.0278,4.46,1500.0
2025-01-07 22:00:00,69.93,9.96,0.0255,4.53,1502.0
2025-01-07 22:01:00,70.05,10.21,0.0267,4.46,1499.0
2025-01-07 22:02:00,69.83,10.21,0.0254,4.45,1486.0
2025-01-07 22:03:00,70.17,10.08,0.0256,4.46,1506.0
2025-01-07 22:04:00,69.91,10.11,0.0221,4.48,1527.0
2025-01-07 22:05:00,69.71,9.93,0.029,4.51,1517.0
2025-01-07 22:06:00,70.53,10.12,0.03,4.51,1487.0
2025-01-07 22:07:00,69.6,9.99,0.0287,4.47,1501.0
2025-01-07 22:08:00,69.63,10.15,0.027,4.59,1503.0
2025-01-07 22:09:00,69.86,10.22,0.0253,4.58,1489.0
2025-01-07 22:10:00,70.36,10.04,0.028,4.51,1495.0
2025-01-07 22:11:00,70.11,9.75,0.0252,4.49,1506.0
2025-01-07 22:12:00,70.08,9.87,0.022,4.59,1526.0
2025-01-07 22:13:00,69.85,10.26,0.0279,4.55,1483.0
2025-01-07 22:14:00,70.26,9.96,0.0257,4.4,1488.0
2025-01-07 22:15:00,70.04,10.04,0.0289,4.42,1500.0
2025-01-07 22:16:00,69.92,9.77,0.0253,4.47,1497.0
2025-01-07 22:17:00,69.94,9.88,0.0222,4.53,1496.0
2025-01-07 22:18:00,70.08,9.7,0.0245,4.49,1463.0
2025-01-07 22:19:00,69.88,10.16,0.0196,4.43,1485.0
2025-01-07 22:20:00,69.97,9.74,0.0227,4.53,1492.0
2025-01-07 22:21:00,69.6,9.85,0.0243,4.48,1484.0
2025-01-07 22:22:00,70.38,10.11,0.0258,4.56,1511.0
2025-01-07 22:23:00,70.25,10.39,0.0276,4.49,1472.0
2025-01-07 22:24:00,69.37,10.2,0.0281,4.51,1532.0
2025-01-07 22:25:00,70.35,9.69,0.0272,4.43,1506.0
2025-01-07 22:26:00,69.94,9.68,0.0244,4.47,1504.0
2025-01-07 22:27:00,69.9,9.79,0.0306,4.43,1492.0
2025-01-07 22:28:00,70.04,10.11,0.0247,4.48,1516.0
2025-01-07 22:29:00,69.69,9.9,0.0235,4.4,1510.0
2025-01-07 22:30:00,70.03,9.61,0.0242,4.49,1505.0
2025-01-07 22:31:00,70.25,9.94,0.0295,4.55,1476.0
2025-01-07 22:32:00,70.29,9.98,0.022,4.54,1523.0
2025-01-07 22:33:00,69.46,10.18,0.0256,4.5,1499.0
2025-01-07 22:34:00,70.18,10.02,0.0205,4.6,1500.0
2025-01-07 22:35:00,70.21,10.01,0.0182,4.56,1487.0
2025-01-07 22:36:00,70.73,10.4,0.0231,4.42,1501.0
2025-01-07 22:37:00,70.36,10.08,0.0269,4.52,1500.0
2025-01-07 22:38:00,69.87,10.33,0.0235,4.53,1528.0
2025-01-07 22:39:00,70.55,10.1,0.0219,4.53,1507.0
2025-01-07 22:40:00,70.29,10.32,0.0267,4.49,1499.0
2025-01-07 22:41:00,69.99,10.0,0.0192,4.44,1463.0
2025-01-07 22:42:00,70.14,9.89,0.0246,4.49,1523.0
2025-01-07 22:43:00,70.13,10.48,0.0199,4.48,1492.0
2025-01-07 22:44:00,70.71,9.89,0.0209,4.49,1483.0
2025-01-07 22:45:00,70.09,10.3,0.0257,4.42,1504.0
2025-01-07 22:46:00,70.28,9.97,0.0248,4.54,1505.0
2025-01-07 22:47:00,69.59,10.45,0.0241,4.5,1503.0
2025-01-07 22:48:00,69.52,10.12,0.0298,4.59,1489.0
2025-01-07 22:49:00,69.56,9.78,0.026,4.57,1500.0
2025-01-07 22:50:00,69.9,9.37,0.0239,4.39,1516.0
2025-01-07 22:51:00,69.97,9.94,0.0282,4.54,1485.0
2025-01-07 22:52:00,69.78,10.27,0.0229,4.61,1492.0
2025-01-07 22:53:00,70.6,10.02,0.026,4.49,1506.0
2025-01-07 22:54:00,70.41,9.87,0.0261,4.39,1500.0
2025-01-07 22:55:00,69.92,10.36,0.0236,4.6,1503.0
2025-01-07 22:56:00,70.13,10.15,0.0216,4.48,1509.0
2025-01-07 22:57:00,69.75,10.31,0.0278,4.49,1481.0
2025-01-07 22:58:00,69.99,9.96,0.0226,4.52,1516.0
2025-01-07 22:59:00,69.78,9.8,0.0247,4.53,1502.0
2025-01-07 23:00:00,69.93,10.01,0.0277,4.5,1470.0
2025-01-07 23:01:00,69.99,10.04,0.0297,4.56,1492.0
2025-01-07 23:02:00,70.13,10.03,0.0234,4.58,1522.0
2025-01-07 23:03:00,70.51,10.04,0.0232,4.52,1503.0
2025-01-07 23:04:00,69.99,9.76,0.0191,4.53,1508.0
2025-01-07 23:05:00,69.51,10.0,0.0207,4.54,1497.0
2025-01-07 23:06:00,69.94,9.99,0.0295,4.48,1459.0
2025-01-07 23:07:00,70.05,10.01,0.0236,4.51,1513.0
2025-01-07 23:08:00,69.92,9.9,0.026,4.56,1493.0
2025-01-07 23:09:00,70.2,9.99,0.0276,4.46,1516.0
2025-01-07 23:10:00,69.8,10.12,0.0173,4.59,1500.0
2025-01-07 23:11:00,69.79,9.84,0.0271,4.54,1509.0
2025-01-07 23:12:00,69.78,9.97,0.0261,4.56,1493.0
2025-01-07 23:13:00,70.02,10.21,0.0197,3.49,1210.0
2025-01-07 23:14:00,70.03,9.92,0.0195,4.52,1516.0
2025-01-07 23:15:00,70.53,10.14,0.0257,4.55,1503.0
2025-01-07 23:16:00,70.04,9.57,0.0239,4.44,1486.0
2025-01-07 23:17:00,69.58,10.43,0.0281,4.45,1510.0
2025-01-07 23:18:00,69.76,9.86,0.0259,4.59,1516.0
2025-01-07 23:19:00,69.87,10.26,0.0263,4.37,1505.0
2025-01-07 23:20:00,69.89,9.94,0.026,4.51,1499.0
2025-01-07 23:21:00,69.8,10.07,0.0252,4.48,1512.0
2025-01-07 23:22:00,70.46,10.19,0.0254,4.48,1504.0
2025-01-07 23:23:00,70.08,10.12,0.0225,4.54,1493.0
2025-01-07 23:24:00,70.14,10.25,0.0259,4.53,1506.0
2025-01-07 23:25:00,69.99,9.77,0.0279,4.54,1510.0
2025-01-07 23:26:00,70.28,10.18,0.0206,4.49,1512.0
2025-01-07 23:27:00,69.92,10.29,0.0277,4.45,1499.0
2025-01-07 23:28:00,69.98,10.22,0.0224,4.53,1533.0
2025-01-07 23:29:00,69.58,10.09,0.0288,4.52,1501.0
2025-01-07 23:30:00,69.7,10.27,0.0272,4.47,1507.0
2025-01-07 23:31:00,70.17,10.01,0.0244,4.41,1496.0
2025-01-07 23:32:00,69.65,9.65,0.0249,4.5,1475.0
2025-01-07 23:33:00,70.34,9.94,0.0257,4.52,1496.0
2025-01-07 23:34:00,70.03,9.98,0.0301,4.53,1515.0
2025-01-07 23:35:00,70.38,9.87,0.0272,4.52,1484.0
2025-01-07 23:36:00,69.37,9.69,0.0216,4.42,1497.0
2025-01-07 23:37:00,69.66,10.1,0.0249,4.55,1491.0
2025-01-07 23:38:00,70.12,9.91,0.0242,4.49,1490.0
2025-01-07 23:39:00,69.9,10.14,0.0206,4.5,1491.0
2025-01-07 23:40:00,70.16,10.08,0.0209,4.53,1475.0
2025-01-07 23:41:00,69.87,10.12,0.0185,4.42,1504.0
2025-01-07 23:42:00,69.83,10.15,0.0262,4.56,1475.0
2025-01-07 23:43:00,70.22,9.59,0.0229,4.48,1449.0
2025-01-07 23:44:00,69.81,10.05,0.0216,4.42,1488.0
2025-01-07 23:45:00,70.2,9.83,0.0253,4.5,1497.0
2025-01-07 23:46:00,69.65,9.85,0.0271,4.46,1507.0
2025-01-07 23:47:00,70.03,9.94,0.0273,4.47,1508.0
2025-01-07 23:48:00,69.84,10.22,0.0282,4.45,1493.0
2025-01-07 23:49:00,69.89,10.19,0.0214,4.53,1485.0
2025-01-07 23:50:00,70.28,10.09,0.0235,4.39,1522.0
2025-01-07 23:51:00,70.01,10.15,0.0175,4.58,1486.0
2025-01-07 23:52:00,70.09,10.35,0.0241,4.52,1501.0
2025-01-07 23:53:00,70.35,10.1,0.0244,4.52,1496.0
2025-01-07 23:54:00,69.84,9.99,0.0237,4.45,1499.0
2025-01-07 23:55:00,69.71,10.33,0.0222,4.49,1495.0
2025-01-07 23:56:00,69.63,9.74,0.029,4.53,1506.0
2025-01-07 23:57:00,70.49,10.27,0.028,4.52,1450.0
2025-01-07 23:58:00,69.72,9.99,0.0242,4.53,1486.0
2025-01-07 23:59:00,70.0,9.66,0.0233,4.6,1516.0
